name,discipline,address,city,area,phone,email,website,rating,reviews_count,source,scraped_at
(AKC) Asian Karate club electra street abudabi,"Karate, Taekwondo, Martial Arts","Electra Street Building No C102 , Mezzanine 01 - near National Hospital - Abu Dhabi - United Arab Emirates",Abu Dhabi,Abu Dhabi,+971 58 953 2563,info@akc.com,http://akckarateclub.com/,5.0,26,google_maps,2026-03-13T01:07:31.388360+00:00
121 Studio Boutique Gym,"Kickboxing, Boxing, Karate, Taekwondo, Martial Arts",Janana Tower - Mezzanine floor same building of Adidas - Electra Zayed The First St - Al Hisn - W6 - Abu Dhabi - United Arab Emirates,Abu Dhabi,Abu Dhabi,+97126327717,info@121studio.com; info@121studio.ae,http://www.121studio.ae/,4.7,184,google_maps,2026-03-12T21:12:30.638916+00:00
9 Element Martial Arts (CONTACT FIRST),"BJJ, MMA, Muay Thai, Kickboxing, Boxing, Wrestling, Karate, Judo, Taekwondo, Martial Arts",3rd St - Al Reem Island - Najmat Abu Dhabi - Abu Dhabi - United Arab Emirates,Abu Dhabi,Abu Dhabi,+971 55 919 6179,ask@nodojoninja.org; nodojoninja@gmail.com,https://nodojoninja.org/,4.7,11,google_maps,2026-03-12T13:01:22.743547+00:00
A2Z Ladies Fitness Center,Kickboxing,tower - Only ladies gym - opposite ADCB bank - Al Khalidiyah - Abu Dhabi - United Arab Emirates,Abu Dhabi,Abu Dhabi,+971 55 172 7536,,,4.9,94,google_maps,2026-03-12T21:13:54.700435+00:00
AIKIWAY DOJO - Aikikai Aikido of Abu Dhabi,"Karate, Judo, Taekwondo, Martial Arts",Grand Millennium Al Wahda - 11th Street Hazza ' Bin Zayed The First St - Al Nahyan - Zone 1 - Abu Dhabi - United Arab Emirates,Abu Dhabi,Abu Dhabi,+971 50 422 0122,support@aikiwaydojo.com,http://www.aikiwaydojo.com/,4.9,10,google_maps,2026-03-13T01:06:45.976587+00:00
AKC martial arts Musaffah and Abudhabi,"MMA, Karate, Judo, Taekwondo, Martial Arts",Mohamed Bin Zayed City - ME12 - Abu Dhabi - United Arab Emirates,Abu Dhabi,Abu Dhabi,+97125589237,,https://www.asiankarateclub.com/,4.9,13,google_maps,2026-03-12T13:58:47.111336+00:00
Abu Dhabi Martial Arts Academy - ADMA HQ,"BJJ, MMA, Muay Thai, Boxing, Karate, Judo, Taekwondo, Martial Arts",Zayed Sports City - Mubadala Arena - Al Khaleej Al Arabi St - Abu Dhabi - United Arab Emirates,Abu Dhabi,Abu Dhabi,+971 50 761 7457,info@adma.academy; info@admaacademy.com,https://admaacademy.com/,5.0,2,google_maps,2026-03-12T13:01:11.531883+00:00
Abu Dhabi Martial Arts Academy - ADMA MBZ,"BJJ, MMA, Muay Thai, Kickboxing, Boxing, Karate, Judo, Taekwondo, Martial Arts",UAEJJ Fitness - Al Manhal St - Mohamed Bin Zayed City - ME5 - Abu Dhabi - United Arab Emirates,Abu Dhabi,Abu Dhabi,+971 54 583 7558,info@adma.academy; info@admaacademy.com,https://admaacademy.com/,3.5,23,google_maps,2026-03-12T13:01:25.927139+00:00
Abu Dhabi Muay Thai,"BJJ, MMA, Muay Thai, Kickboxing, Boxing, Karate, Judo, Taekwondo, Martial Arts",Saeed Bin Ahmad Al Otaiba St - Al Danah - Zone 1 - Abu Dhabi - United Arab Emirates,Abu Dhabi,Abu Dhabi,+97126769658,info@abudhabimuaythai.com,http://abudhabimuaythai.com/,4.8,130,google_maps,2026-03-12T13:01:14.729299+00:00
Active Fitness Store | Abu Dhabi,Boxing,"G Floor,Blue Tower,Old Airport Road - Muroor Road Al Falah St - Abu Dhabi - United Arab Emirates",Abu Dhabi,Abu Dhabi,+971 58 133 9504,,https://activefitnessstore.com/,4.9,108,google_maps,2026-03-12T22:40:36.444532+00:00
Adrenagy Fitness Center,"BJJ, MMA, Muay Thai, Kickboxing, Boxing, Judo, Taekwondo, Martial Arts",Khalifa Park - Gate No.2 Sheikh Zayed Bin Sultan St - Al Muntazah - Zone 1 - Abu Dhabi - United Arab Emirates,Abu Dhabi,Abu Dhabi,+97124441121,,https://www.adrenagy.com/,4.7,1020,google_maps,2026-03-12T13:01:45.648180+00:00
Al Wahda club Jiu-Jitsu Academy جوجيتسو,"BJJ, MMA, Karate, Judo, Taekwondo, Martial Arts",Al Nahyan - Zone 1 - Abu Dhabi - United Arab Emirates,Abu Dhabi,Abu Dhabi,+971 56 533 3825,,,4.9,185,google_maps,2026-03-12T13:00:50.738840+00:00
Amateur Karate Club - Musaffah Shabia 9,"Karate, Judo, Taekwondo, Martial Arts",14 شارع مُساري - Mohamed Bin Zayed City - ME9 - Abu Dhabi - United Arab Emirates,Abu Dhabi,Abu Dhabi,+97125620011,info@akc.com,http://www.akckarateclub.com/,4.7,10,google_maps,2026-03-13T01:07:45.493944+00:00
Amateur karate Club Shabia 12,"Boxing, Karate, Taekwondo, Martial Arts",Mohamed Bin Zayed City - ME12 - Abu Dhabi - United Arab Emirates,Abu Dhabi,Abu Dhabi,+97125589237,info@akc.com,http://www.akckarateclub.com/,4.9,29,google_maps,2026-03-12T22:40:00.946647+00:00
Asia Karate,"Karate, Taekwondo, Martial Arts",20029 - 41 Al Mireejib St - Al Khalidiyah - W8 - Abu Dhabi - United Arab Emirates,Abu Dhabi,Abu Dhabi,+971 52 598 0065,info@themezinho.net; plessymolpaulose@gmail.com; nkcuae@gmail.com,http://www.nipponkarateuae.com/,5.0,7,google_maps,2026-03-13T01:09:13.818644+00:00
Atlanta karate club Abu Dhabi,"Karate, Taekwondo, Martial Arts",navigator - Alzahiya - E16 02 - Abu Dhabi - United Arab Emirates,Abu Dhabi,Abu Dhabi,+971 50 297 1263,,,5.0,30,google_maps,2026-03-13T01:04:04.587828+00:00
BARBELL GYM,"Kickboxing, Boxing","Hamdan St - Behind Al Ahalia Hospital,1 st Floor - 101 1st St - Abu Dhabi - United Arab Emirates",Abu Dhabi,Abu Dhabi,+971 58 978 6244,,,4.7,242,google_maps,2026-03-12T21:12:53.387608+00:00
BLITZ Khalidiyah Mall | Best HIIT Workout in Abu Dhabi,Boxing,Within GymNation - Al Khalidiyah - W9 - Abu Dhabi - United Arab Emirates,Abu Dhabi,Abu Dhabi,+971 50 387 9662,sophie@gymnation.com; aldrin@gymnation.com; dhaivat@gymnation.com,https://gymnation.com/hiitworkout/,4.7,76,google_maps,2026-03-12T22:38:56.693223+00:00
BSports - Taekwondo and Gymnastics Club,"Karate, Judo, Taekwondo, Martial Arts","Baynunah Tower - 2, M floor - M02 Corniche Road - Al Hisn - Al Markaziyah West - Abu Dhabi - United Arab Emirates",Abu Dhabi,Abu Dhabi,+97126268122,info@baroudysportsclub.com,http://baroudysportsclub.com/,4.7,43,google_maps,2026-03-13T01:07:57.609858+00:00
Be fit gym,Boxing,09 شارع سريحه - Mohamed Bin Zayed City - ME9 - Abu Dhabi - United Arab Emirates,Abu Dhabi,Abu Dhabi,+971 55 231 3577,,,4.6,173,google_maps,2026-03-12T22:38:24.865418+00:00
"Body Factory Gym & EMS Studio Abu Dhabi,",Kickboxing,Unnamed Road - Abu Dhabi - United Arab Emirates,Abu Dhabi,Abu Dhabi,+97124916785,,https://www.facebook.com/BodyFactoryGymUAE/,4.3,199,google_maps,2026-03-12T21:13:53.096573+00:00
Body and Mind GYM صاله رياضيه,"Kickboxing, Boxing, Karate",Bin Hamoodah Tower - 1st Floor Sheikh Khalifa Bin Zayed St - Al Danah - Zone 1 - Abu Dhabi - United Arab Emirates,Abu Dhabi,Abu Dhabi,+971 56 838 9191,bmfitness2020@gmail.com,https://www.bmfitness.ae/,4.9,176,google_maps,2026-03-12T21:12:48.528767+00:00
BodyFit GYM,"Kickboxing, Boxing",شارع ١١ - Khalifa City - SE4 - Abu Dhabi - United Arab Emirates,Abu Dhabi,Abu Dhabi,+971 56 141 4133,,https://instagram.com/bodyfitclubae?igshid=YmMyMTA2M2Y=,4.6,565,google_maps,2026-03-12T21:12:32.276300+00:00
Boxa Gym & fitness,Boxing,"C230 - Al Daraj St - next to Aster Pharmacy, Jalaliya Baqala - Mohamed Bin Zayed City - ME10 - Abu Dhabi - United Arab Emirates",Abu Dhabi,Abu Dhabi,+97126752756,,http://www.boxagym.com/,4.9,167,google_maps,2026-03-12T22:38:05.118923+00:00
Bushido Martial Arts and Fitness,"BJJ, MMA, Muay Thai, Kickboxing, Boxing, Karate, Judo, Taekwondo, Martial Arts","M2, Mezzanine Floor, Same Building of Al Habtoor Motors or Mitsubishi Al Najda Street - Abu Dhabi - United Arab Emirates",Abu Dhabi,Abu Dhabi,+971 52 985 2265,info@bushidoskif.com,https://www.bushidoskif.com/,4.8,22,google_maps,2026-03-12T13:01:06.734656+00:00
CREED MARTIAL ARTS,"BJJ, MMA, Muay Thai, Kickboxing, Boxing, Karate, Judo, Taekwondo, Martial Arts",ADCP Tower - building number 21 - D 705 7th floor - Al Danah - Zone 1 - Abu Dhabi - United Arab Emirates,Abu Dhabi,Abu Dhabi,+971 50 855 6404,,,4.9,85,google_maps,2026-03-12T13:01:08.331311+00:00
California Gym Abu dhabi,"Kickboxing, Boxing",F9F2+J2G - Al Hisn - W4 - Abu Dhabi - United Arab Emirates,Abu Dhabi,Abu Dhabi,+971 56 246 2561,,,4.2,117,google_maps,2026-03-12T21:13:37.557041+00:00
Challenge Sports Club,Boxing,Sheikh Hamdan Bin Mohammed Street (Hamdan Street) - Al Danah - Zone 1 - Abu Dhabi - United Arab Emirates,Abu Dhabi,Abu Dhabi,+971 56 195 6123,,,4.9,449,google_maps,2026-03-12T22:38:31.398654+00:00
Delariva Jiu Jitsu Al Raha,"BJJ, MMA, Kickboxing, Karate, Taekwondo, Martial Arts",FJ27+XM8 - Shop B1 - Ar Rahah St - Al Rahah - RBW2 - Abu Dhabi - United Arab Emirates,Abu Dhabi,Abu Dhabi,+971 50 417 7300,info@delarivaraha.com; delariva.ae@gmail.com,https://delarivabjj.com/,4.8,111,google_maps,2026-03-12T13:00:47.459338+00:00
Delariva Jiu Jitsu Al Reem,"BJJ, MMA, Muay Thai, Kickboxing, Boxing, Wrestling, Karate, Judo, Taekwondo, Martial Arts",Ar Reem St - Al Reem Island - Tamouh - Abu Dhabi - United Arab Emirates,Abu Dhabi,Abu Dhabi,+971 50 709 7276,info@delarivaraha.com; delariva.ae@gmail.com,https://delarivabjj.com/,4.9,153,google_maps,2026-03-12T13:00:45.843686+00:00
EUPHORIA DANCE AND FITNESS STUDIO,"Karate, Taekwondo, Martial Arts",M1 - 102 Electra St - opp. nmc hospital - Al Danah - Zone 1 - Abu Dhabi - United Arab Emirates,Abu Dhabi,Abu Dhabi,+971 54 557 0622,,,4.8,66,google_maps,2026-03-13T01:09:48.318409+00:00
Eight Pack Fitness World (Best Gym in Mussafah-Abu Dhabi),"Kickboxing, Boxing",Musaffah - M36 - Abu Dhabi - United Arab Emirates,Abu Dhabi,Abu Dhabi,+971 52 457 6723,,,4.0,118,google_maps,2026-03-12T21:11:57.456437+00:00
Elite Martial Arts UAE,"BJJ, MMA, Muay Thai, Kickboxing, Boxing, Karate, Judo, Taekwondo, Martial Arts",behind shining tower C70 - Al Khalidiyah - W9 - Abu Dhabi - United Arab Emirates,Abu Dhabi,Abu Dhabi,+971 55 727 9551,info@elitemartialarts.com; info@elitemartialarts.ae,http://elitemartialarts.ae/,5.0,58,google_maps,2026-03-12T13:01:33.986460+00:00
Emirates Aikido Center,"Karate, Judo, Taekwondo",CF85+J65 - Al Rawdah - W57 - Abu Dhabi - United Arab Emirates,Abu Dhabi,Abu Dhabi,+971 50 662 9533,,https://m.facebook.com/emiratesaikidocentre/,3.7,3,google_maps,2026-03-13T01:09:39.910609+00:00
Emirates Bando,"BJJ, MMA, Kickboxing, Karate, Judo, Taekwondo, Martial Arts",Sheikh Zayed Cricket Stadium - Khalifa City - SW17 01 - Abu Dhabi - United Arab Emirates,Abu Dhabi,Abu Dhabi,+971 50 203 9485,info@emiratesbando.com,https://emiratesbando.com/,5.0,27,google_maps,2026-03-12T13:01:29.123719+00:00
Emirates Karate And Kickboxing,"BJJ, MMA, Muay Thai, Kickboxing, Boxing, Karate, Judo, Taekwondo, Martial Arts",Hamdan Bin Mohammed St - Al Danah - Zone 1 - Abu Dhabi - United Arab Emirates,Abu Dhabi,Abu Dhabi,+971 54 516 1286,,,5.0,156,google_maps,2026-03-12T13:01:16.331786+00:00
Emirates Karate Khalidiya Branch,"Kickboxing, Boxing, Karate, Taekwondo, Martial Arts",Khalidiya Park - Abu Dhabi - United Arab Emirates,Abu Dhabi,Abu Dhabi,+971 50 235 7103,emirateskarateuae@gmail.com,http://www.emirateskarate.com/,5.0,69,google_maps,2026-03-12T21:13:01.497958+00:00
Emirates Sports Centre Karate,"Kickboxing, Boxing, Karate, Judo, Taekwondo, Martial Arts",F9XF+HJ - Al Zahiyah - E13 - Abu Dhabi - United Arab Emirates,Abu Dhabi,Abu Dhabi,+971 54 349 4002,,,4.9,84,google_maps,2026-03-12T21:12:20.343058+00:00
Empower karate and kickboxing club,"BJJ, MMA, Muay Thai, Kickboxing, Boxing, Karate, Judo, Taekwondo, Martial Arts","building 02 floor,office 201 - Hamdan Bin Mohammed St - opp. hamdan center,Metro manila supermarket - Al Danah - Zone 1 - Abu Dhabi - United Arab Emirates",Abu Dhabi,Abu Dhabi,+971 56 443 8028,,,5.0,82,google_maps,2026-03-12T13:01:39.010269+00:00
Excellent Karate Club.,"Kickboxing, Karate, Judo, Taekwondo, Martial Arts",Hadbat Al Za`Faranah - Zone 1 - Abu Dhabi - United Arab Emirates,Abu Dhabi,Abu Dhabi,+971 50 542 5239,,,4.8,63,google_maps,2026-03-12T21:13:15.415145+00:00
Exclusive Trainers,"Kickboxing, Boxing",Al Jazira Sports and Cultural Club - Office 119Emirates - West Wing LLJ SPACES - Al Nahyan - Zone 1 - Abu Dhabi - United Arab Emirates,Abu Dhabi,Abu Dhabi,+971 58 599 3823,exclusivetrainersuae@gmail.com,https://www.exclusivetrainersuae.com/,5.0,143,google_maps,2026-03-12T21:13:59.906385+00:00
FAB Jiu-Jitsu Academy,"BJJ, MMA, Judo, Taekwondo, Martial Arts",Zayed Sports City - Al Rawdah - W57 - Abu Dhabi - United Arab Emirates,Abu Dhabi,Abu Dhabi,+97123336111,,,4.9,15,google_maps,2026-03-12T13:00:55.525266+00:00
FIT. | Yas Mall,"Kickboxing, Boxing",Yas Mall - near Waitrose - Abu Dhabi - United Arab Emirates,Abu Dhabi,Abu Dhabi,+971 56 995 5874,,https://getfit.ae/,4.7,372,google_maps,2026-03-12T21:13:58.130879+00:00
Fire Fit Marina Square,"Kickboxing, Boxing",Muroor Road - near Alam Super Market - Al Sa`Adah - Zone 1 - Abu Dhabi - United Arab Emirates,Abu Dhabi,Abu Dhabi,+971 58 101 3366,,http://www.happyandrubygroup.com/,3.4,88,google_maps,2026-03-12T21:13:30.421665+00:00
Fit & Flex Studios Amwaj1,"Kickboxing, Boxing, Taekwondo","Amwaj 1 Apartments, Raha Beach, Khalifa City A - Abu Dhabi - United Arab Emirates",Abu Dhabi,Abu Dhabi,+971 58 500 6577,,http://www.fitnflex.com/,4.5,33,google_maps,2026-03-12T21:13:56.372731+00:00
Fitfight uae,"BJJ, MMA, Muay Thai, Kickboxing, Boxing, Karate, Judo, Taekwondo, Martial Arts","Madinat zayed area, al falah street building+45+ 44, apartment 101 - Abu Dhabi - United Arab Emirates",Abu Dhabi,Abu Dhabi,+971 55 630 3263,,http://www.fitfight.ae/,4.6,18,google_maps,2026-03-12T13:01:37.316873+00:00
Fitness GT24/7 Personal Trainers,"Boxing, Taekwondo",45 - 41 Al Qayhawan St - Al Mushrif - W46 - Abu Dhabi - United Arab Emirates,Abu Dhabi,Abu Dhabi,+971 58 599 4694,,https://www.fitgt247.com/,5.0,5,google_maps,2026-03-12T22:40:41.476760+00:00
Fitness Plus Gym,Boxing,302 Sheikh Zayed Bin Sultan St - Al Danah - Zone 1 - Abu Dhabi - United Arab Emirates,Abu Dhabi,Abu Dhabi,+971 50 175 7613,,http://www.facebook.com/Fitness-Plus-Gym-1563550730554788/?ref=bookmarks,4.6,50,google_maps,2026-03-12T22:40:04.401084+00:00
Flex Fitness - Electra Branch,"Kickboxing, Karate",Al Otaiba Tower - 850 Zayed The First St - near LLH Signal Between Shein Outlet and KM Trading - Al Danah - Zone 1 - Abu Dhabi - United Arab Emirates,Abu Dhabi,Abu Dhabi,+97126435533,,https://flexfitness.ae/,4.9,117,google_maps,2026-03-12T21:12:07.325101+00:00
Fly Fit Fitness Center,Kickboxing,10 18th St - Al Danah - Zone 1 - Abu Dhabi - United Arab Emirates,Abu Dhabi,Abu Dhabi,+971 55 441 5335,,,4.9,206,google_maps,2026-03-12T21:12:28.941719+00:00
Frolic Fitness Ladies ONLY GYM Abu Dhabi,"Kickboxing, Boxing",EMI Tower - M2 Airport Rd - next to Marks & Spencer Building - Al Danah - Zone 1 - Abu Dhabi - United Arab Emirates,Abu Dhabi,Abu Dhabi,+971 50 108 8912,info@frolicfitness.ae,https://frolicfitness.ae/,4.9,627,google_maps,2026-03-12T21:12:58.214024+00:00
GREATEST KARATE & MMA CLUB,"Karate, Taekwondo, Martial Arts",Mohamed Bin Zayed City - Mussafah Community - Abu Dhabi - United Arab Emirates,Abu Dhabi,Abu Dhabi,+97122340714,,,5.0,19,google_maps,2026-03-13T01:07:18.906363+00:00
GRITFORCE 8,Boxing,Galleria mall - Al Manhal - W15 01 - Abu Dhabi - United Arab Emirates,Abu Dhabi,Abu Dhabi,+97125580045,info@gritforce8.com,https://gritforce8.com/,5.0,18,google_maps,2026-03-12T22:40:33.460505+00:00
GTigers Martial Arts & Fitness,"BJJ, Kickboxing, Boxing, Karate, Taekwondo",8GVJ+FQV - ʹIrq Al Matlaʹiyat St - Mohamed Bin Zayed City - ME9 - Abu Dhabi - United Arab Emirates,Abu Dhabi,Abu Dhabi,+971 56 491 6766,info@mail.gtigers.com,https://gtigers.com/,4.9,24,google_maps,2026-03-12T13:02:03.372051+00:00
Golden Fist Karate (Shabia 9),"BJJ, Kickboxing, Boxing, Karate, Judo, Taekwondo, Martial Arts",Mohamed Bin Zayed City - ME9 - Abu Dhabi - United Arab Emirates,Abu Dhabi,Abu Dhabi,+971 50 387 4300,,,4.8,21,google_maps,2026-03-12T13:02:08.318714+00:00
GymNation Mushrif Mall | Best Gym in Abu Dhabi,Boxing,Sheikh Rashid Bin Saeed St - Hadbat Al Za`Faranah - Zone 1 - Abu Dhabi - United Arab Emirates,Abu Dhabi,Abu Dhabi,+97133614802,sophie@gymnation.com; aldrin@gymnation.com; dhaivat@gymnation.com,https://gymnation.com/ar/gymsnearme/mushrif-mall/,4.7,4213,google_maps,2026-03-12T22:38:50.143615+00:00
Her Fight Club Muay Thai,"MMA, Muay Thai, Kickboxing, Boxing, Taekwondo, Martial Arts",Al Rahah - Al Muneera - Abu Dhabi - United Arab Emirates,Abu Dhabi,Abu Dhabi,+97124495135,info@herfight.club,http://herfight.club/,4.6,19,google_maps,2026-03-12T13:58:43.941433+00:00
IRON FIST KARATE CENTER,"BJJ, MMA, Muay Thai, Kickboxing, Boxing, Karate, Judo, Taekwondo, Martial Arts",Al Zahiyah - E13 - Abu Dhabi - United Arab Emirates,Abu Dhabi,Abu Dhabi,+971 54 384 7735,,,4.7,22,google_maps,2026-03-12T13:01:48.892697+00:00
IRON FIST KARATE CENTER AND FITNESS,"BJJ, MMA, Kickboxing, Boxing, Karate, Judo, Taekwondo, Martial Arts",Al Falah St - Al Danah - Zone 1 - Abu Dhabi - United Arab Emirates,Abu Dhabi,Abu Dhabi,+971 54 760 0552,,,4.3,7,google_maps,2026-03-12T13:02:11.669541+00:00
IRON FIST SPORT CLUB & GYM,"BJJ, MMA, Kickboxing, Boxing, Karate, Judo, Martial Arts",F9W9+PP2 - Hamdan street al mariah cinema ziyani area near Russian embassy - Abu Dhabi - United Arab Emirates,Abu Dhabi,Abu Dhabi,+971 52 453 5498,,http://www.realfit.ae/,4.4,10,google_maps,2026-03-12T13:01:52.168388+00:00
Impact Karate Centre Al Reef Branch,"MMA, Kickboxing, Boxing, Karate, Taekwondo",Villas Down Town - Al Reef - Abu Dhabi - United Arab Emirates,Abu Dhabi,Abu Dhabi,+971 55 340 6956,,http://www.impactkarate.ae/,4.9,207,google_maps,2026-03-12T13:58:23.074090+00:00
Impact karate centre Tourist club area,"Kickboxing, Boxing, Karate, Taekwondo, Martial Arts",Zayed The First St - Al Zahiyah - E16 - Abu Dhabi - United Arab Emirates,Abu Dhabi,Abu Dhabi,+971 50 240 9870,,https://impactkarate.ae/,4.9,87,google_maps,2026-03-12T21:12:43.703061+00:00
Impact karate centre corniche branch 5,"Karate, Taekwondo, Martial Arts",Al Danah - E5 - Abu Dhabi - United Arab Emirates,Abu Dhabi,Abu Dhabi,+971 55 340 6956,,https://www.impactkarate.ae/,5.0,8,google_maps,2026-03-13T01:08:03.632552+00:00
Impact karate centre me-10,Taekwondo,5 Wad'ah St - 10th St - Mohamed Bin Zayed City - ME10 - Abu Dhabi - United Arab Emirates,Abu Dhabi,Abu Dhabi,+971 55 340 6956,,http://www.impactkarate.ae/,5.0,105,google_maps,2026-03-13T04:03:40.241819+00:00
Insta gym,"Kickboxing, Boxing",backside big mart - Sheikh Zayed Bin Sultan St - Al Zahiyah - E15 - Abu Dhabi - United Arab Emirates,Abu Dhabi,Abu Dhabi,+971 54 777 9566,,,4.8,32,google_maps,2026-03-12T21:13:23.517959+00:00
International Karate Kubudo Club (ikkc),"Kickboxing, Boxing, Karate, Judo, Taekwondo, Martial Arts",Al Zahiyah - E16 02 - Abu Dhabi - United Arab Emirates,Abu Dhabi,Abu Dhabi,+971 56 815 5620,ikkcclub@gmail.com,http://www.ikkclub.com/,4.9,64,google_maps,2026-03-12T21:12:25.360232+00:00
JD Taekwondo UAE by JD Sports Management,"BJJ, Karate, Judo, Taekwondo, Martial Arts","Building No. 11, M1 (Office 1 - Khor Al Mamzar St - Al Nahyan - E19 02 - Abu Dhabi - United Arab Emirates",Abu Dhabi,Abu Dhabi,+971 50 430 3116,taekwondo23_1@yahoo.fr,http://sangrokuae.pro/,5.0,22,google_maps,2026-03-12T13:02:01.777892+00:00
Jiu Jitsu - Self-Defense - Gracie Barra Al Saadah - Abu Dhabi,"BJJ, Taekwondo, Martial Arts","Mezzanine 102, Danet Tower B - Juma Bin Kasla Al Rumaithi St - Al Sa`Adah - Zone 1 - Abu Dhabi - United Arab Emirates",Abu Dhabi,Abu Dhabi,+971 50 776 3094,info@graciebarrasharjah.com; gbdubainadalhamar@gmail.com; info@bjjdubai.com,https://www.graciebarrauae.com/,5.0,4,google_maps,2026-03-12T13:01:03.508967+00:00
Jiu-Jitsu hall,BJJ,8HWJ+62C - Unnamed Road - Zayed City - MZ44 - Abu Dhabi - United Arab Emirates,Abu Dhabi,Abu Dhabi,+971 52 964 2333,,,4.2,25,google_maps,2026-03-12T13:01:30.753851+00:00
Jump Sports Academies,"Karate, Taekwondo",Al Mabrouk St - Khalifa City - SW17 01 - Abu Dhabi - United Arab Emirates,Abu Dhabi,Abu Dhabi,+97124494621,,http://www.jumpsports.ae/,4.4,75,google_maps,2026-03-13T01:09:54.364346+00:00
KAF Jiu Jitsu,"BJJ, MMA, Kickboxing, Karate, Judo, Taekwondo, Martial Arts",Yas Drag Racing Circuit - Yas Marina Circuit - Abu Dhabi - United Arab Emirates,Abu Dhabi,Abu Dhabi,+97126756916,,,4.9,45,google_maps,2026-03-12T13:00:49.092740+00:00
KYOKUSHIN KARATE AND FITNESS CENTER - BRANCH ALNAHYAN,"Kickboxing, Boxing, Karate, Taekwondo, Martial Arts",15 Ahl Al ʹAzm St - Al Nahyan - E25 - Abu Dhabi - United Arab Emirates,Abu Dhabi,Abu Dhabi,+971 58 864 3478,info@baroudysportsclub.com,http://baroudysportsclub.com/,5.0,10,google_maps,2026-03-12T21:13:49.881805+00:00
Kane's Boxing Academy - Al Raha Mall Branch,"Boxing, Taekwondo, Martial Arts","Highway - Road - ABU DHABI-DUBAI ROUTE AL RAHA AREA 4048, Channel Street, Dubai - Abu Dhabi - United Arab Emirates",Abu Dhabi,Dubai,+971 58 550 1487,,https://www.kanesboxingacademy.com/,5.0,16,google_maps,2026-03-12T22:37:39.847785+00:00
Khabib Gym,"BJJ, MMA, Muay Thai, Kickboxing, Boxing, Wrestling, Karate, Taekwondo, Martial Arts",FHRH+PFQ - Yas Island - YS3 03 - Abu Dhabi - United Arab Emirates,Abu Dhabi,Abu Dhabi,+97125630100,,http://www.khabibgym.ae/,4.6,335,google_maps,2026-03-12T13:01:35.652820+00:00
Khulood Club,"BJJ, MMA, Muay Thai, Kickboxing, Boxing, Karate, Judo, Taekwondo, Martial Arts",F9M6+VR7 - Al Danah - Zone 1 - Abu Dhabi - United Arab Emirates,Abu Dhabi,Abu Dhabi,+97126329979,,,4.2,,google_maps,2026-03-12T13:01:05.117222+00:00
Kick Start Karate Centre,"Kickboxing, Boxing, Karate, Taekwondo, Martial Arts",Al Hiseel St - Al Danah - Zone 1 - Abu Dhabi - United Arab Emirates,Abu Dhabi,Abu Dhabi,+971 50 278 7059,lifes.karate@gmail.com; pvramsad@gmail.com,https://www.kickstartkaratecentre.com/,5.0,86,google_maps,2026-03-12T21:12:18.725676+00:00
Kick Start Karate Centre - Al Nahyan campus,"Kickboxing, Boxing, Karate, Judo, Taekwondo, Martial Arts",Muroor Rd - behind labelle chocolate - Al Nahyan - E19 02 - Abu Dhabi - United Arab Emirates,Abu Dhabi,Abu Dhabi,+971 50 278 7059,lifes.karate@gmail.com; pvramsad@gmail.com,https://www.kickstartkaratecentre.com/,5.0,82,google_maps,2026-03-12T21:13:12.089047+00:00
Kingdom Academy,Taekwondo,650a Al Majd St - Al Rawdah - W54 - Abu Dhabi - United Arab Emirates,Abu Dhabi,Abu Dhabi,+97126661178,,https://www.kdauae.com/,4.9,24,google_maps,2026-03-13T04:04:50.090390+00:00
Kyokushin Karate & Fitness Center,"Kickboxing, Boxing, Karate, Taekwondo, Martial Arts",Mall - شارع القناة - Al Rahah - RBW13 - Abu Dhabi - United Arab Emirates,Abu Dhabi,Abu Dhabi,+971 58 864 3478,,,5.0,17,google_maps,2026-03-12T21:13:35.707456+00:00
Kyokushin Karate Nalin's Dojo UAE,"Karate, Taekwondo, Martial Arts","floor,Hamdan Center - Office 110B , 1 st - Hamdan Bin Mohammed St - Abu Dhabi - United Arab Emirates",Abu Dhabi,Abu Dhabi,+971 54 431 6501,example@mysite.com,http://www.nalindojokyokushin.ae/,5.0,22,google_maps,2026-03-13T01:05:23.004907+00:00
Las Vegas Gym - Al Zahiyah - Abu Dhabi,"Kickboxing, Boxing",al zahiya - شارع الفردوس - Al Zahiyah - E15 - Abu Dhabi - United Arab Emirates,Abu Dhabi,Abu Dhabi,+971 56 486 8428,,http://lasvegasgym.net/,4.4,48,google_maps,2026-03-12T21:13:20.275300+00:00
Leen Fitness Club (GYM) - Al Mariah Mall,"Kickboxing, Boxing",Leen Fitness Club - Najda Street - Al Danah - Floor 4 - Abu Dhabi - United Arab Emirates,Abu Dhabi,Abu Dhabi,+971 54 577 5001,,https://www.bodyabs.ae/,4.5,74,google_maps,2026-03-12T21:12:50.181420+00:00
Life Style karate Centre,"Karate, Taekwondo, Martial Arts",73 شارع - الدراج - Abu Dhabi - United Arab Emirates,Abu Dhabi,Abu Dhabi,+971 56 772 4240,,,4.6,18,google_maps,2026-03-13T01:07:51.627970+00:00
ME Sports Club,"Karate, Taekwondo, Martial Arts",Al Khaleej Al Arabi St - Al Bateen - W18 03 - Abu Dhabi - United Arab Emirates,Abu Dhabi,Abu Dhabi,+971 56 779 0111,info@mesports.ae,https://mesports.ae/,5.0,5,google_maps,2026-03-13T01:09:04.743526+00:00
MMA 8 Sport LLC,"BJJ, MMA, Muay Thai, Boxing, Judo",City - Inside Ajyal International School - Al-Madahi St - Al Falah - Abu Dhabi - United Arab Emirates,Abu Dhabi,Abu Dhabi,+971 50 170 0417,,https://www.instagram.com/mma8sport?igsh=MWh1aWdnajYzZG96cg==,5.0,2,google_maps,2026-03-12T13:02:15.006926+00:00
Masters Martial Arts Training Centre,"BJJ, MMA, Muay Thai, Kickboxing, Boxing, Karate, Taekwondo, Martial Arts",202 Sheikh Zayed Bin Sultan St - Al Danah - Zone 1 - Abu Dhabi - United Arab Emirates,Abu Dhabi,Abu Dhabi,+971 50 856 9071,,,4.9,48,google_maps,2026-03-12T13:01:40.749677+00:00
Masters Martial Arts Training Centre - Khalifa Street Branch,"Karate, Taekwondo, Martial Arts",Khalifa Street - Al Danah - Zone 1 - Abu Dhabi - United Arab Emirates,Abu Dhabi,Abu Dhabi,+971 50 856 9071,,,5.0,1,google_maps,2026-03-13T01:08:53.001620+00:00
Muscle Factory Abu Dhabi,Boxing,85 Al Mawkib St - Al Zahiyah - E16 - Abu Dhabi - United Arab Emirates,Abu Dhabi,Abu Dhabi,+97126420661,,,4.7,97,google_maps,2026-03-12T22:38:53.422855+00:00
Nest Martial Arts,"BJJ, MMA, Muay Thai, Kickboxing, Boxing, Karate, Judo, Taekwondo, Martial Arts",36 Al Mabrouk St - Khalifa City - SW17 01 - Abu Dhabi - United Arab Emirates,Abu Dhabi,Abu Dhabi,+971 55 217 7987,,http://nestmartialartsstudio.com/,4.7,46,google_maps,2026-03-12T13:01:00.326687+00:00
New UAE JUDO FEDERATION,Judo,8M9H+HP - Al Mizn - Baniyas North - Abu Dhabi - United Arab Emirates,Abu Dhabi,Abu Dhabi,+97124430022,,,4.6,23,google_maps,2026-03-13T02:30:00.103711+00:00
Nippon Karate Centre,"Kickboxing, Boxing, Karate, Taekwondo, Martial Arts",شارع دلما - Al Nahyan - Zone 1 - Abu Dhabi - United Arab Emirates,Abu Dhabi,Abu Dhabi,+971 50 212 9555,info@themezinho.net; plessymolpaulose@gmail.com; nkcuae@gmail.com,http://www.nipponkarateuae.com/,4.9,41,google_maps,2026-03-12T21:12:37.138523+00:00
"Oriental Karate & Kobudo Club, Head Quarters Khalidiya ( Spar Supermarket Building)","Kickboxing, Karate, Taekwondo, Martial Arts",Khalidiyah St - Al Bateen - W10 - Abu Dhabi - United Arab Emirates,Abu Dhabi,Abu Dhabi,+97126771611,karate@emirates.net.ae,http://www.orientalkarate.com/,4.8,73,google_maps,2026-03-12T21:13:03.114227+00:00
"Oriental Karate Club, Khalidiya Towers","Karate, Taekwondo, Martial Arts","Mezzanine floor (Side entrance), Khaldiya Tower Building - Zayed The First St - Abu Dhabi - United Arab Emirates",Abu Dhabi,Abu Dhabi,+971 50 621 8836,karate@emirates.net.ae,http://www.orientalkarate.com/,4.9,70,google_maps,2026-03-13T01:04:55.339108+00:00
"Oriental Karate, Al Wahda Mall","Boxing, Karate, Taekwondo, Martial Arts",Al Wahda Mall Extension - شارع هزاع بن زايد الأول - 2nd floor - Abu Dhabi - United Arab Emirates,Abu Dhabi,Abu Dhabi,+97124457374,karate@emirates.net.ae,http://www.orientalkarate.com/,4.9,152,google_maps,2026-03-12T22:39:38.519007+00:00
"Oriental Karate, Salam-Electra corner","Karate, Taekwondo, Martial Arts",2nd floor AbuDhabi Co-Op building - Abu Dhabi - United Arab Emirates,Abu Dhabi,Abu Dhabi,+97126717072,karate@emirates.net.ae,http://www.orientalkarate.com/,4.8,61,google_maps,2026-03-13T01:05:11.674030+00:00
Perform Boxing Studio,"MMA, Muay Thai, Kickboxing, Boxing, Karate, Taekwondo, Martial Arts","Same building of Dnata Travel and behind AST Trading - Abu Dhabi Al Douj street, 22nd Foor - Tower A - 15 C-88 - Al Danah - Abu Dhabi - United Arab Emirates",Abu Dhabi,Abu Dhabi,+971 58 547 7269,sales@performboxingstudio.com,https://www.performboxingstudio.com/,4.9,120,google_maps,2026-03-12T13:58:39.187359+00:00
Pharaohs muay thai - kickboxing academy,"MMA, Muay Thai, Kickboxing, Boxing, Taekwondo",Al Nahhat St - Al Shahama - New Shahamah - Abu Dhabi - United Arab Emirates,Abu Dhabi,Abu Dhabi,+971 52 814 5823,,https://www.instagram.com/ahmed1attia1,4.8,17,google_maps,2026-03-12T13:58:34.344190+00:00
Power Conquest GYM,Boxing,F97J+M55 - 8th St - Al Nahyan - Zone 1 - Abu Dhabi - United Arab Emirates,Abu Dhabi,Abu Dhabi,+971 55 910 7534,,,4.5,43,google_maps,2026-03-12T22:40:17.222310+00:00
Prefect Personal Training.Personal Training in Abudhabi,"Boxing, Karate, Judo, Taekwondo, Martial Arts",Hamdan Bin Mohammed St - Al Danah - Zone 1 - Abu Dhabi - United Arab Emirates,Abu Dhabi,Abu Dhabi,+971 52 236 5386,,https://bit.ly/3SO4QCw?y_source=1_NDQyNDMwMTUtNzE1LWxvY2F0aW9uLndlYnNpdGU%3D,5.0,25,google_maps,2026-03-12T22:40:30.521145+00:00
Primal Gym Khalidiya,"BJJ, MMA, Kickboxing, Boxing, Karate, Taekwondo, Martial Arts","Al Alhia Tower (Behind Spar Building), Main Entrance Block B - Abu Dhabi - United Arab Emirates",Abu Dhabi,Abu Dhabi,+971 58 686 8112,,https://l.instagram.com/?u=https%3A%2F%2Fwww.primalgymae.com%2F&e=AT3z3yF0r_D-M2G6V6jjtxf1mZw4JmW9n6DfyzGitj1kBaaxJ16ssjkI2gq4dKMvG2GzsdjkfxhAdmWN4lPtPaHKxW0VzriAChdp968,3.8,15,google_maps,2026-03-12T13:02:00.172657+00:00
Rawdhat Sports Complex (The Dome),Taekwondo,Sheikh Rashid Bin Saeed Al Maktoum St - Al Muntazah - Zone 1 - Abu Dhabi - United Arab Emirates,Abu Dhabi,Abu Dhabi,+97124470754,,,4.1,,google_maps,2026-03-13T04:08:17.662095+00:00
Red Dragon Karate Club,"Kickboxing, Karate, Taekwondo, Martial Arts","TOURIST CLUB AREA, OPPOSITE ΚΙΑ MOTORS NEAR ABU DHABI GRAMMER SCHOOL (Canada) AL BARAKA BULIDING NO: 27 - Abu Dhabi - United Arab Emirates",Abu Dhabi,Abu Dhabi,+971 56 724 2407,,,5.0,4,google_maps,2026-03-12T21:14:08.754411+00:00
Reform Fitness Studio,"Kickboxing, Boxing, Taekwondo",CFP3+CJ - Al Muntazah - Zone 1 - Abu Dhabi - United Arab Emirates,Abu Dhabi,Abu Dhabi,+97125513123,support.gymcenter@gmail.com,https://myreform.ae/,4.4,30,google_maps,2026-03-12T21:13:17.022128+00:00
Rise Center for Dance and Taekwondo,"Karate, Judo, Taekwondo, Martial Arts","Al Rayyana Plaza, Roof Level, 01 Khalifa City A - Abu Dhabi - United Arab Emirates",Abu Dhabi,Abu Dhabi,+971 58 535 7473,risecenterabudhabi@gmail.com,http://www.risecenterabudhabi.com/,4.6,67,google_maps,2026-03-13T01:08:32.498391+00:00
Rocky Road Boxing Club,"Muay Thai, Kickboxing, Boxing, Taekwondo, Martial Arts","Zayed Sports City, Stadium - Al Rawdah - W57 - Abu Dhabi - United Arab Emirates",Abu Dhabi,Abu Dhabi,+971 58 549 6868,,https://www.instagram.com/rockyroadteam.ad,4.8,66,google_maps,2026-03-12T14:32:12.216459+00:00
Ruby Fitness - Khalidiya Branch Abu Dhabi,Kickboxing,"TOURIST CLUB AREA, OPPOSITE ΚΙΑ MOTORS NEAR ABU DHABI GRAMMER SCHOOL (Canada) AL BARAKA BULIDING NO: 27 - Abu Dhabi - United Arab Emirates",Abu Dhabi,Abu Dhabi,+971 56 724 2407,,http://www.rubyfitness.com/,5.0,4,google_maps,2026-03-12T21:14:06.976529+00:00
Ruby Fitness - Khalifa City Central Mall Abu Dhabi,"Kickboxing, Boxing",Central Mall - Khalifa City - Sector 13 - Abu Dhabi - United Arab Emirates,Abu Dhabi,Abu Dhabi,+971 58 101 3367,,http://www.happyandrubygroup.com/,4.5,191,google_maps,2026-03-12T21:12:55.002394+00:00
Ryoto Dojo Bujinkan,"BJJ, MMA, Karate, Judo, Taekwondo, Martial Arts",Khalifa City - SE44 - Abu Dhabi - United Arab Emirates,Abu Dhabi,Abu Dhabi,+971 58 581 9350,,http://bujinkan.ae/,4.6,7,google_maps,2026-03-12T13:01:55.379019+00:00
SPEED FITNESS CLUB,"Kickboxing, Boxing",_بناية كابيتال كافي - Khalifa park _ building Cupital Cafe_Room106 - 106 Al Nuzha St - _ - Ministries Complex - Abu Dhabi - United Arab Emirates,Abu Dhabi,Abu Dhabi,+971 52 716 6132,info@speedfitnessems.com; qutaibamaybar@gmail.com,http://www.speedfitnessems.com/,4.9,170,google_maps,2026-03-12T21:11:53.691904+00:00
Sangrok Taekwondo Abu Dhabi,"Karate, Judo, Taekwondo, Martial Arts",paragon bay mall - Al Reem Island - RT1 - Abu Dhabi - United Arab Emirates,Abu Dhabi,Abu Dhabi,+971 56 568 7643,taekwondo23_1@yahoo.fr,http://sangrokuae.pro/,4.9,,google_maps,2026-03-13T01:09:19.890946+00:00
Scarface Martial Arts,"BJJ, MMA, Muay Thai, Kickboxing, Boxing, Karate, Judo, Taekwondo, Martial Arts",29 Ras Um Al Biyout St - Al Hisn - W4 - Abu Dhabi - United Arab Emirates,Abu Dhabi,Abu Dhabi,+971 50 192 7570,,,5.0,12,google_maps,2026-03-12T13:01:58.573113+00:00
"Sherwood Middle East Pesticide Trading LLC, Abu Dhabi",Judo,"Tourist Club Area, Navy Gate E45, Building no.1, Ground Floor P.O.Box 34632 - Abu Dhabi - United Arab Emirates",Abu Dhabi,Abu Dhabi,+97126718812,,http://www.sherwoodpst.com/,4.5,27,google_maps,2026-03-13T02:31:56.487831+00:00
Shotokan Karate Centre,"Karate, Taekwondo, Martial Arts",Mohamed Bin Zayed City - ME10 - Abu Dhabi - United Arab Emirates,Abu Dhabi,Abu Dhabi,+97125501878,,,4.9,89,google_maps,2026-03-13T01:04:58.378490+00:00
Sorbonne University Abu Dhabi,Judo,FCQ7+392 - Hazza Bin Zayed St - Al Reem Island - RT6 - Abu Dhabi - United Arab Emirates,Abu Dhabi,Abu Dhabi,+97126569555,,http://www.sorbonne.ae/,4.3,175,google_maps,2026-03-13T02:31:58.776152+00:00
Super Las Vegas Gym,"MMA, Kickboxing, Boxing, Karate, Taekwondo, Martial Arts",F9GF+7MH - Al Danah - Zone 1 - Abu Dhabi - United Arab Emirates,Abu Dhabi,Abu Dhabi,+971 50 237 7119,,,4.4,31,google_maps,2026-03-12T13:58:51.863961+00:00
Surur Fitness Center (GYM) Ladies only & Unisex gym.,"Kickboxing, Boxing, Karate, Taekwondo, Martial Arts","besides capital park - 41 شارع الغَطْس Between hamdan and Khalifa street, garden tower Opposite Pizza Hut hamdan - 41 Al Ghats St - Abu Dhabi - United Arab Emirates",Abu Dhabi,Abu Dhabi,+97126272704,,https://www.instagram.com/sururfitnesscenter,4.8,842,google_maps,2026-03-12T21:13:21.889134+00:00
THE FORCE Muay Thai & MMA GYM,"BJJ, MMA, Muay Thai, Kickboxing, Boxing, Karate, Judo, Taekwondo, Martial Arts",Al Sayegh Tower - 13 شارع رَأس مْشَيْرِب - Unit 014 - first floor - E3-01 - Abu Dhabi - United Arab Emirates,Abu Dhabi,Abu Dhabi,+971 54 449 4480,,https://theforcesportsmma.com/home,4.7,195,google_maps,2026-03-12T13:01:01.923072+00:00
"TRAINER GYM - Navy Gate, Tourist Club Area | Abu Dhabi","Kickboxing, Boxing",Salam - Building #555 - 4 Ad Daqayiq St - Al Zahiyah - E16 02 - Abu Dhabi - United Arab Emirates,Abu Dhabi,Abu Dhabi,+971 50 741 8576,,,4.9,299,google_maps,2026-03-12T21:12:51.783307+00:00
"The Cage Karate & Kung-fu Club, Branch 1 Al wahda","BJJ, MMA, Kickboxing, Boxing, Karate, Judo, Taekwondo, Martial Arts",6 Tawi Shouf St - Al Nahyan - E19 02 - Abu Dhabi - United Arab Emirates,Abu Dhabi,Abu Dhabi,+971 54 390 1846,,http://thecage.ae/,5.0,84,google_maps,2026-03-12T13:01:56.973445+00:00
The Dojo Karate Center,"BJJ, MMA, Muay Thai, Kickboxing, Boxing, Karate, Judo, Taekwondo, Martial Arts","Flat 101, Floor - 01 شارع ٣ - Al Hisn - W4 - Abu Dhabi - United Arab Emirates",Abu Dhabi,Abu Dhabi,+971 56 217 0686,,http://thedojoae.com/,5.0,60,google_maps,2026-03-12T13:02:06.673258+00:00
The Ideal Tailoring Shop,Judo,Sheikh Zayed Bin Sultan St - near Seven Emirates Supermarket - Al Zahiyah - E13 - Abu Dhabi - United Arab Emirates,Abu Dhabi,Abu Dhabi,+97126449923,idealgroup.me@gmail.com; accounts@idealgroupme.com; enquiry@idealgroupme.com,http://www.idealgroupme.com/,4.5,61,google_maps,2026-03-13T02:32:04.874212+00:00
The Warehouse Gym - Yas Bay,Boxing,FJ63+4Q6 - Yas Island - YS2 - Abu Dhabi - United Arab Emirates,Abu Dhabi,Abu Dhabi,+97142095342,info@whgym.com; emt@whgym.com,http://www.whgym.com/,4.1,462,google_maps,2026-03-12T22:39:15.044440+00:00
The Warrior Academy Abu Dhabi,"BJJ, MMA, Muay Thai, Kickboxing, Boxing, Karate, Judo, Taekwondo, Martial Arts",AL Wahda Mall - E275 - Al Nahyan - Zone 1 - Abu Dhabi - United Arab Emirates,Abu Dhabi,Abu Dhabi,+971 58 698 4087,,https://warrioracademy.ae/class-times/abu-dhabi-class-times/?utm_source=localmaps&utm_medium=gmb&utm_campaign=Al-Wahda-Mall,4.9,452,google_maps,2026-03-12T13:00:53.926930+00:00
Top Team Jiu Jitsu Academy جوجيتسو,"BJJ, Karate, Taekwondo, Martial Arts",Shikha Fatima Bint Mubarak st - Abu Dhabi - United Arab Emirates,Abu Dhabi,Abu Dhabi,+971 58 558 8112,top.team.ttt@gmail.com,https://topteamjj.ae/,5.0,14,google_maps,2026-03-12T13:00:52.324276+00:00
Toronto gym- تورونتو جيم,Kickboxing,F9J6+RQ - Al Danah - Zone 1 - Abu Dhabi - United Arab Emirates,Abu Dhabi,Abu Dhabi,+971 50 666 9835,,https://voltgymuae.online/,4.4,34,google_maps,2026-03-12T21:13:43.433469+00:00
Traditional Martial Arts Club (TMA) Khalidiya Branch,"Kickboxing, Karate, Taekwondo, Martial Arts",Al Khalidiyah - W4 - Abu Dhabi - United Arab Emirates,Abu Dhabi,Abu Dhabi,+971 55 693 1382,,,5.0,14,google_maps,2026-03-12T21:13:13.808214+00:00
Train Galleria Mall,"BJJ, MMA, Kickboxing, Boxing, Karate, Taekwondo, Martial Arts",The Galleria Mall - 3rd Level - 107 Hamouda Bin Ali Al Dhaheri St - Al Maryah Island - Abu Dhabi - United Arab Emirates,Abu Dhabi,Abu Dhabi,+97125651782,info@train-sf.com,https://www.train-sf.com/,4.5,450,google_maps,2026-03-12T13:01:50.564876+00:00
Train Wtc Mall,"Kickboxing, Boxing",Al Aryani Bldg - C2042 - Al Rahah - RBW7 - Abu Dhabi - United Arab Emirates,Abu Dhabi,Abu Dhabi,+97126350020,info@train-sf.com,https://www.train-sf.com/,4.8,72,google_maps,2026-03-12T21:13:10.318554+00:00
UAE Boxing Federation,"Boxing, Taekwondo",CF84+W3F - Al Rawdah - W57 - Abu Dhabi - United Arab Emirates,Abu Dhabi,Abu Dhabi,+97124472000,,,4.4,14,google_maps,2026-03-12T22:38:44.894348+00:00
UAE JIUJITSU SHOP,BJJ,FGB Arena - Al Rawdah - W57 - Abu Dhabi - United Arab Emirates,Abu Dhabi,Abu Dhabi,+971 55 709 1674,,,2.5,2,google_maps,2026-03-12T13:02:10.000056+00:00
UAE Jiu-Jitsu Federation,"BJJ, MMA, Judo, Taekwondo, Martial Arts",Capital Tower - Al Zumurrud St - 17th Floor - Abu Dhabi - United Arab Emirates,Abu Dhabi,Abu Dhabi,+971 59 860 9627,,http://uaejjf.com/,4.2,58,google_maps,2026-03-12T13:00:58.724347+00:00
UAE Wrestling & Judo Federation,"BJJ, Wrestling, Karate, Judo, Taekwondo","CCH3+2F6 - Building UAE Wrestling Judo & Kickboxing Federation Khaleej Al Arabi Street, Beside Zakath Fund Zakat Fund - Abu Dhabi - United Arab Emirates",Abu Dhabi,Abu Dhabi,+97124430022,,,5.0,7,google_maps,2026-03-12T13:01:53.762493+00:00
UAE Wrestling Federation,Wrestling,C1 Building - 4th Floor - 26 An Nuzhah st - Al Muntazah - Zone 1 - Abu Dhabi - United Arab Emirates,Abu Dhabi,Abu Dhabi,+97126217472,info@uaewrestling.com,https://uaewrestling.com/,5.0,3,google_maps,2026-03-13T00:43:45.771820+00:00
UAEJJ Fitness Al Bahyah | Best Gym Near You,"BJJ, MMA",Mubadala Sports Center - Al Rubban St - next to Deerfields Mall - Al Bahyah - Al Bahyah Old - Abu Dhabi - United Arab Emirates,Abu Dhabi,Abu Dhabi,+97125550554,info@uaejjfitness.ae,https://uaejjfitness.ae/,4.1,299,google_maps,2026-03-12T13:01:09.925499+00:00
UAEJJ Fitness Mubadala Arena | Our Fitness HQ Near you,"BJJ, Boxing",Zayed Sports City - Mubadala Arena - off Al Khaleej Al Arabi Street - Abu Dhabi - United Arab Emirates,Abu Dhabi,Abu Dhabi,+97124149641,info@uaejjfitness.ae,https://uaejjfitness.ae/,4.2,97,google_maps,2026-03-12T13:01:32.378716+00:00
UAEJJ Store Mubadala arena,"BJJ, Boxing, Taekwondo",Zayed Sports City - 1811 Al Khaleej Al Arabi St - Al Rawdah - W57 - Abu Dhabi - United Arab Emirates,Abu Dhabi,Abu Dhabi,+971 56 754 1287,,https://uaejjstore.com/,5.0,14,google_maps,2026-03-12T13:01:44.060522+00:00
UFC GYM - Maqta Mall | Abu Dhabi,"BJJ, MMA, Kickboxing, Boxing, Karate, Judo, Taekwondo, Martial Arts",Mall - Al Jidd St - Rabdan - المَقطَع - Abu Dhabi - United Arab Emirates,Abu Dhabi,Abu Dhabi,+97124482964,,https://www.ufcgym.me/landing/uae-form,4.4,298,google_maps,2026-03-12T13:01:27.511240+00:00
UMAI Kung-Fu Training Center,"BJJ, MMA, Kickboxing, Karate, Judo, Taekwondo, Martial Arts",Musaffah - ME12 - Abu Dhabi - United Arab Emirates,Abu Dhabi,Abu Dhabi,+97125501616,umaisharjah.ae@gmail.com; info@umaiuae.com; dubaiscoutselfdefence@gamil.com,http://www.umaiuae.com/,4.7,73,google_maps,2026-03-12T13:02:16.641857+00:00
UNITECH GYM,Boxing,m38 12th St - Musaffah - M38 - Abu Dhabi - United Arab Emirates,Abu Dhabi,Abu Dhabi,+971 55 332 7349,,,4.8,46,google_maps,2026-03-12T22:39:43.483372+00:00
United Self Defense Arts Training Club LLC,"BJJ, MMA, Muay Thai, Kickboxing, Boxing, Karate, Judo, Taekwondo, Martial Arts",6 Fatima Bint Mubarak Street - Al Danah - Zone 1 - Abu Dhabi - United Arab Emirates,Abu Dhabi,Abu Dhabi,+971 55 448 9110,umaisharjah.ae@gmail.com; info@umaiuae.com; dubaiscoutselfdefence@gamil.com,http://umaiuae.com/,4.9,118,google_maps,2026-03-12T13:01:13.127629+00:00
Vogue Fitness,"Kickboxing, Boxing","Yas Marina, Abu Dhabi - Abu Dhabi - United Arab Emirates",Abu Dhabi,Abu Dhabi,+97125832380,na@gmail.com; info@vfuae.com,https://www.vfuae.com/,4.7,371,google_maps,2026-03-12T21:13:39.580113+00:00
Volt Fitness,"Kickboxing, Boxing",Fairmont Bab Al Bahr - Al Maqta'a Bridge - Rabdan - RB2 - Abu Dhabi - United Arab Emirates,Abu Dhabi,Abu Dhabi,+971 50 300 8585,info@voltfitness.ae,https://voltfitness.ae/,4.2,317,google_maps,2026-03-12T21:13:32.139412+00:00
Winner Karate Club - Al Khalidiyah,"Kickboxing, Boxing, Karate, Taekwondo, Martial Arts",Sigma 2 Tower - Al Rayfah St - Al Reem Island - RT3 - Abu Dhabi - United Arab Emirates,Abu Dhabi,Abu Dhabi,+971 50 578 9033,,http://www.realfit.ae/,5.0,124,google_maps,2026-03-12T21:14:03.424985+00:00
Winner Karate Club - Khalidiyah Mall,"Kickboxing, Boxing, Karate, Taekwondo, Martial Arts",Mall - 1st Floor - Al Khalidiyah - W9 - Abu Dhabi - United Arab Emirates,Abu Dhabi,Abu Dhabi,+97125843432,info@winnerkarate.com,https://winnerkarate.com/,5.0,25,google_maps,2026-03-12T21:13:25.141117+00:00
Winner Karate Club - Shabiya 9,"BJJ, MMA, Kickboxing, Boxing, Karate, Judo, Taekwondo, Martial Arts",Musaffah - ME9 - Abu Dhabi - United Arab Emirates,Abu Dhabi,Abu Dhabi,+97125521664,info@winnerkarate.com,https://winnerkarate.com/,4.9,78,google_maps,2026-03-12T13:02:05.022599+00:00
Wolves Zone MMA Academy,"BJJ, MMA, Muay Thai, Kickboxing, Boxing, Karate, Judo, Taekwondo, Martial Arts",Zayed Sport City - Al Rawdah - W57 - Abu Dhabi - United Arab Emirates,Abu Dhabi,Abu Dhabi,+971 56 622 0492,info@wolveszoneuae.com,http://www.wolveszoneuae.com/,4.7,48,google_maps,2026-03-12T13:00:57.124521+00:00
Xtreme Fitness & Martial Arts International Self Defense Club,"BJJ, MMA, Muay Thai, Kickboxing, Boxing, Karate, Judo, Taekwondo, Martial Arts",73 شارع اليَحَر - Al Hisn - W4 - Abu Dhabi - United Arab Emirates,Abu Dhabi,Abu Dhabi,+971 52 773 3726,,,5.0,82,google_maps,2026-03-12T13:01:21.148342+00:00
Zayed Sports Academy,BJJ,Zayed Sports City - Al Rawdah - W57 - Abu Dhabi - United Arab Emirates,Abu Dhabi,Abu Dhabi,+97124034213,,http://zayedsportsacademy.ae/,4.9,36,google_maps,2026-03-12T13:01:47.281035+00:00
Zayed Sports City,"BJJ, MMA",Airport Road - Al Rawdah - W57 - Abu Dhabi - United Arab Emirates,Abu Dhabi,Abu Dhabi,+97124034200,,http://www.zsc.ae/,4.5,9761,google_maps,2026-03-12T13:02:13.329220+00:00
fitness time gym hamdan branch,"Kickboxing, Boxing",F9XC+4H New Mansouri Building - M Floor Sheikh Zayed Bin Sultan St - Al - Zone 1 - Abu Dhabi - United Arab Emirates,Abu Dhabi,Abu Dhabi,+971 50 850 6612,,https://fitnesstimegym.ae/,4.5,58,google_maps,2026-03-12T21:12:46.913682+00:00
كونست جيم Conquest fitness Centre (gym),"Kickboxing, Boxing, Karate, Taekwondo, Martial Arts",905 Al Falah St - Al Danah - Zone 1 - Abu Dhabi - United Arab Emirates,Abu Dhabi,Abu Dhabi,+971 58 156 0114,,,4.5,43,google_maps,2026-03-12T21:13:46.660762+00:00
AL MUHARIB KARATE CENTRE- AJMAN HAMDAN CENTRE BRANCH,"Kickboxing, Karate, Taekwondo, Martial Arts",E11 - Al Nuaimia 1 - Ajman - United Arab Emirates,Ajman,Ajman,+971 56 996 6924,,,4.9,18,google_maps,2026-03-12T21:19:44.330706+00:00
AURAFITZ FZE LLC,Kickboxing,Free Zone - ليوارة 2 - Ajman - United Arab Emirates,Ajman,Ajman,+971 56 521 2230,info@aurafitz.com; %20info@aurafitz.com,https://www.aurafitz.com/,,,google_maps,2026-03-12T21:20:34.463254+00:00
Ajman Sports Club,Karate,9FV3+95P - Al Rashidiya 2 - Ajman - United Arab Emirates,Ajman,Ajman,+97167422441,,,4.2,411,google_maps,2026-03-13T01:17:25.346435+00:00
Ajman Stadium,BJJ,Sheikh KhaliFa street - Al Rashidiya 2 - Ajman - United Arab Emirates,Ajman,Ajman,+97167422441,info@ajmansports.ae,https://www.ajmansports.ae/,4.2,561,google_maps,2026-03-12T13:04:13.657199+00:00
Ajman Uaejjf Training center,"BJJ, Muay Thai, Judo",شارع الشيخ راشد بن عبد العزيز - Al Jerf 2 - Ajman - United Arab Emirates,Ajman,Ajman,+971 52 920 0008,,https://wa.me/+971529200008,4.8,32,google_maps,2026-03-12T13:03:32.652113+00:00
Al Corniche Body Building Gym,Kickboxing,Sheikh Humaid Bin Rashid Al Nuaimi Street - Al Owais Tower - HC floor - Al Nakhil 2 - Ajman - United Arab Emirates,Ajman,Ajman,+97167794000,,,4.3,51,google_maps,2026-03-12T21:19:45.921957+00:00
Al Khaleej Martial Arts LLC,"BJJ, Muay Thai, Kickboxing, Karate, Judo, Taekwondo, Martial Arts","Hatim Building Diya, 4 Office # M3 - near Body Tone Gym - 2 Al Nuaimia - Ajman - United Arab Emirates",Ajman,Ajman,+971 50 153 3105,,,5.0,6,google_maps,2026-03-12T13:03:35.979810+00:00
Al Mizaan Gym,Kickboxing,Liwara Building - opposite Bus Terminal - Al Bustan - ليوارة 1 - Ajman - United Arab Emirates,Ajman,Ajman,+971 52 384 0048,,http://almizzangym.com/,4.9,19,google_maps,2026-03-12T21:19:23.472538+00:00
Al Noor Yoga & Martial Arts Club LLC,"BJJ, Kickboxing, Karate, Taekwondo, Martial Arts","Masfoot Plaza - 404, Fourth Floor - Sheikh Rashid Bin Humeed St - Al Bustan - Ajman - United Arab Emirates",Ajman,Ajman,+971 55 207 8010,,,5.0,45,google_maps,2026-03-12T13:03:45.737788+00:00
Al RAWDA FITNESS,Kickboxing,behind etisalat Building - Al Rawda 2 - Ajman - United Arab Emirates,Ajman,Ajman,+971 56 123 3728,,https://www.instagram.com/alrawdafitnesscenter?igsh=dmZnMTFpcTR2YTM0,4.6,29,google_maps,2026-03-12T21:19:39.539666+00:00
Al Reem Body & Fitness Gym,Kickboxing,Badr Road - Al Bustan - ليوارة 2 - Ajman - United Arab Emirates,Ajman,Ajman,+971 50 411 9112,,,4.3,107,google_maps,2026-03-12T21:19:21.869427+00:00
Al Zaman Martial Hall,"Muay Thai, Kickboxing, Martial Arts",Twins Tower - 3 Nuaimiya St - near Ajman Bank - Ajman - United Arab Emirates,Ajman,Ajman,+971 56 607 8129,,,,,google_maps,2026-03-12T14:37:07.324976+00:00
Al barakah GYM,Kickboxing,78 Amr Ibn El Aas St - Ajman Industrial 1 - Ajman - United Arab Emirates,Ajman,Ajman,+971 54 442 2116,,,4.2,54,google_maps,2026-03-12T21:19:49.126245+00:00
Bismillah career,Judo,,Ajman,,+917373764786,,,,,google_maps,2026-03-13T02:36:37.584283+00:00
Body and Soul Health Club & Spa,Kickboxing,"Al Jurf, next to Gulf Medical University، University Street - Ajman - United Arab Emirates",Ajman,Ajman,+97167430755,info@bodyandsoulhealthclub.com,http://www.bodyandsoulhealthclub.com/,4.2,1538,google_maps,2026-03-12T21:19:10.637800+00:00
Brilliance martial arts club,"BJJ, Muay Thai, Kickboxing, Karate, Taekwondo, Martial Arts",sheikh khalifa street 5th floor office no: 501 brilliance martial arts club sky tower - 2 شارع النعيمية - Ajman - United Arab Emirates,Ajman,Ajman,+971 56 362 5462,,,5.0,91,google_maps,2026-03-12T13:03:27.801712+00:00
Challenge Club Branch 1,"Muay Thai, Karate, Taekwondo, Martial Arts",Al Muwaihat 3 - Ajman - United Arab Emirates,Ajman,Ajman,+971 58 597 4050,,,4.8,19,google_maps,2026-03-12T14:37:05.710466+00:00
Challenge Karate & Kobudo Club,"BJJ, Kickboxing, Karate, Taekwondo, Martial Arts",Al hurmain souq ajman - Al Nakheel Road Commercial Building Opp. Mussala - Ajman - United Arab Emirates,Ajman,Ajman,+971 58 597 4050,,,4.3,6,google_maps,2026-03-12T13:03:57.216143+00:00
Challenge Karate & Kung Fu Club Branch 1,BJJ,,Ajman,,+971 58 597 4050,,,,,google_maps,2026-03-12T13:04:44.858636+00:00
City Centre Ajman,BJJ,AL JURF - Al Ittihad St - Al Jerf 2 - Ajman - United Arab Emirates,Ajman,Ajman,+971 80 022 6255,,http://www.citycentreajman.com/?utm_source=google&utm_medium=organic&utm_campaign=Google_My_Business,4.4,31308,google_maps,2026-03-12T13:04:20.142830+00:00
Combat Martial Arts and Fitness Club,"BJJ, MMA, Muay Thai, Kickboxing, Boxing, Judo, Taekwondo, Martial Arts",Al Khawaneej - Dubai - United Arab Emirates,Ajman,Dubai,+97145466955,,http://www.combatuae.com/,4.6,69,google_maps,2026-03-12T13:04:49.706879+00:00
Cross Fit Gym Women,Kickboxing,floor - 1 شارع الاتحاد - Ajman - United Arab Emirates,Ajman,Ajman,+97167407640,,,3.6,36,google_maps,2026-03-12T21:20:29.633824+00:00
Dakroub Fitness & Strength,"BJJ, Muay Thai, Kickboxing, Boxing, Karate, Taekwondo, Martial Arts",CF3W+C4Q - Unnamed Road - Al Jerf 2 - Ajman - United Arab Emirates,Ajman,Ajman,+971 50 955 5932,,,4.7,15,google_maps,2026-03-12T13:03:42.511743+00:00
Daoud Club Martial Arts,"BJJ, Muay Thai, Kickboxing, Karate, Judo, Taekwondo, Martial Arts","Flat 1011, Falcon tower B1, Al Rashidiya 2a - Ajman - United Arab Emirates",Ajman,Ajman,+971 55 580 4735,,,5.0,1,google_maps,2026-03-12T13:03:31.053757+00:00
Dar Al Karate Martial Arts,"Kickboxing, Karate, Martial Arts",near KM Trading Building - Al Rashidiya 3 - Ajman - United Arab Emirates,Ajman,Ajman,+971 50 811 4850,,,,,google_maps,2026-03-12T21:20:39.381851+00:00
Diva Gym ديفا جيم,Kickboxing,9GX6+5FH - شارع بغداد - Al Rawda 2 - Ajman - United Arab Emirates,Ajman,Ajman,+971 56 200 8361,,https://instagram.com/diva.gym.ae?igshid=YmMyMTA2M2Y=,4.5,37,google_maps,2026-03-12T21:20:14.946670+00:00
Dragon sports for karate,Karate,134 شارع الاتحاد - Al Rashidiya 1 - Ajman - United Arab Emirates,Ajman,Ajman,+971 55 713 8812,,,5.0,1,google_maps,2026-03-13T01:17:33.837586+00:00
Equilibrium Fitness Al Barari,"BJJ, MMA, Kickboxing, Boxing, Judo, Martial Arts",Andalusia Courtyard - Wadi Al Safa 3 - Legends - Dubai - United Arab Emirates,Ajman,Dubai,+97131457058,info@equilibrium.me,http://equilibrium.me/,5.0,30,google_maps,2026-03-12T13:05:25.662750+00:00
FITNATION LADIES GYM,Kickboxing,shrooq mall - Sheikh Ammar Bin Humaid St - Al Rawda 2 - Ajman - United Arab Emirates,Ajman,Ajman,+971 56 368 9918,,,4.9,95,google_maps,2026-03-12T21:19:57.255171+00:00
FITNESS HOUR AJMAN,Kickboxing,"al, Rumaila tower - Al Nakhil - Al Rumailah 1 - Ajman - United Arab Emirates",Ajman,Ajman,+971 55 110 9963,fitnessshourfh@gmail.com,https://fitnesshourgym.com/,5.0,1,google_maps,2026-03-12T21:20:16.570931+00:00
Fit Bodybuilding - Al Nuaimia Branch Ajman,Kickboxing,Nuaimiya St - Al Nuaimia 1 - Ajman - United Arab Emirates,Ajman,Ajman,+971 55 191 8154,fitbodybuildinguae@gmail.com,https://www.fitbodybuilding.ae/,,,google_maps,2026-03-12T21:19:42.735406+00:00
Fit Box Center Al Jurf,"Muay Thai, Kickboxing, Boxing, Karate, Judo",Al Jerf 2 - Ajman - United Arab Emirates,Ajman,Ajman,+971 54 567 4000,,http://www.fitboxcenter.com/contact,4.9,167,google_maps,2026-03-12T14:36:57.691368+00:00
Fit Hub Karate & fitness centre,"Kickboxing, Karate, Taekwondo, Martial Arts",Grand Mall Office Tower - Sheikh Khalifa Bin Zayed St - Al Rashidiya 3 - Ajman - United Arab Emirates,Ajman,Ajman,+971 58 801 1867,,,5.0,4,google_maps,2026-03-12T21:19:47.536817+00:00
Fitnation Gym,"Kickboxing, Boxing",Sheikh Ammar Bin Humaid St - Al Rawda 2 - Ajman - United Arab Emirates,Ajman,Ajman,+971 56 789 9043,,https://instagram.com/fitnationgymss?igshid=MzRlODBiNWFlZA==,4.8,106,google_maps,2026-03-12T21:19:09.039023+00:00
Fitness 1 body building,Kickboxing,Al Hamidiya 1 - Ajman - United Arab Emirates,Ajman,Ajman,+971 56 800 2400,,,4.3,146,google_maps,2026-03-12T21:19:28.273830+00:00
Fitness Max Gym,Kickboxing,Sh. Rashid Bin Humaid St - Al Bustan - ليوارة 1 - Ajman - United Arab Emirates,Ajman,Ajman,+971 52 981 9282,,,4.8,101,google_maps,2026-03-12T21:19:50.779587+00:00
Fitness Society Ladies,Kickboxing,CGFG+QW - Al Jerf Industrial 1 - Ajman - United Arab Emirates,Ajman,Ajman,+971 56 690 5666,info@fsuae.ae,https://fsuae.ae/,4.5,125,google_maps,2026-03-12T21:20:00.443775+00:00
Fitness Time Ladies | وقت اللياقة ليديز,Kickboxing,Sheikh Khalifa Bin Zayed St - near Ajman Stadium - Al Rashidiya 2 - Ajman - United Arab Emirates,Ajman,Ajman,,,https://www.fitnesstime.com.sa/ar-sa,4.4,92,google_maps,2026-03-12T21:19:33.128452+00:00
Fitness1 bodybuilding Br-3,Kickboxing,Rumaila tower - Al Nakhil - Al Rumailah 1 - Ajman - United Arab Emirates,Ajman,Ajman,+971 54 289 6642,,http://thefitness1bodybuilding.com/,4.4,33,google_maps,2026-03-12T21:19:54.062696+00:00
Forum Fitness,Kickboxing,Al Rahmania Suburb - Shaghrafa 2 - Sharjah - United Arab Emirates,Ajman,Sharjah,+971 50 463 7376,info@forumfitness.ae,https://forumfitness.ae/,5.0,94,google_maps,2026-03-12T21:20:21.498785+00:00
GAINSVAULT FITNESS CLUB - AL JURF - BRANCH 2 - AJMAN,"Kickboxing, Karate","Star Supermarket building, Al Jurf - CGGP+X76 - Al Jerf Industrial 3 - Ajman Old 7 - Industrial 3 - Ajman - United Arab Emirates",Ajman,Ajman,+971 54 798 6983,,,4.7,31,google_maps,2026-03-12T21:19:20.284366+00:00
"GYM TOWN - BODY BUILDING, MEN AND WOMEN FITNESS CENTER. Al REQAYEB 2","Kickboxing, Boxing",Al Reqayeb 2 - Ajman - United Arab Emirates,Ajman,Ajman,+971 54 761 1772,info@gymtown.ae,http://www.gymtown.ae/,4.2,40,google_maps,2026-03-12T21:19:18.627931+00:00
"GYMTOWN BODYBUILDING, AL MWAIHAT. UNISEX fitness center",Kickboxing,Arab sweets building - 372 a - sheik Sheikh Ammar Bin Humaid St - Al Mwaihat 2 - Ajman - United Arab Emirates,Ajman,Ajman,+971 54 346 2666,,,5.0,46,google_maps,2026-03-12T21:19:29.929021+00:00
Gainsvault fitness club,Kickboxing,Sheikh Khalifa Bin Zayed St - 3 Al Nuaimia - Ajman - United Arab Emirates,Ajman,Ajman,+971 56 871 6719,,,4.8,92,google_maps,2026-03-12T21:19:25.078199+00:00
H FITNESS,Kickboxing,"HAMDAN CENTER , NAUIMIYA-1 - Al Ittihad St - Ajman - United Arab Emirates",Ajman,Ajman,+971 56 153 8776,,,4.9,73,google_maps,2026-03-12T21:19:13.835021+00:00
Health Square Fitness Club,Kickboxing,"105, B block, 1st Floor, Diwan Tower, Near Nesto Supermarket, Al Nakheel 2 - Ajman - United Arab Emirates",Ajman,Ajman,+971 56 900 3281,,https://hsfcuae.com/,4.3,187,google_maps,2026-03-12T21:19:15.437765+00:00
House Of Taekwondo,"Kickboxing, Taekwondo, Martial Arts",Lilies Tower - Sheikh Mohammed Bin Zayed Rd - Al Amerah - Ajman - United Arab Emirates,Ajman,Ajman,+971 50 688 4911,,,4.8,21,google_maps,2026-03-12T21:19:26.674264+00:00
I-GYM Body Fitness,Kickboxing,"9FWF+4XP Sara Plaza - Sara Plaza 2, Al Jurf 2 area - Sheikh Khalifa Bin Zayed St - 2 3rd Floor - Al Jerf 2 - Ajman - United Arab Emirates",Ajman,Ajman,+971 54 402 9333,,http://www.i-gym.com/,4.1,380,google_maps,2026-03-12T21:20:23.101075+00:00
IFK Karate Centre - Ajman,Karate,AL Zahya 1 - Al Zayha Road (Behind Emirates City) - Ajman Building Name: Albeshety Shop No 3 - Ajman - United Arab Emirates,Ajman,Ajman,+971 52 674 8977,ifkkarateuae@gmail.com,https://ifkuae.net/,4.7,21,google_maps,2026-03-13T01:15:58.623512+00:00
IGFK - International Golden Falcon Karate - Al Jurf,"BJJ, Muay Thai, Kickboxing, Karate, Judo, Taekwondo, Martial Arts","Al JURF, 2 - Ajman - United Arab Emirates",Ajman,Ajman,+971 58 214 7700,,http://www.igfk.ae/,4.9,88,google_maps,2026-03-12T13:03:52.335920+00:00
IGFK MARTIAL ARTS CLUB,"Karate, Judo, Taekwondo, Martial Arts",Al Muwaihat 3 - Ajman - United Arab Emirates,Ajman,Ajman,+971 52 147 0077,,https://www.igfk.ae/,5.0,2,google_maps,2026-03-13T01:16:34.281894+00:00
ITF Taekwon Do,"BJJ, Muay Thai, Kickboxing, Judo, Taekwondo, Martial Arts",9FVF+XX4 - near Ajman City centre - Al Jerf 2 - Ajman - United Arab Emirates,Ajman,Ajman,+971 50 219 8676,,,4.9,17,google_maps,2026-03-12T13:03:49.020143+00:00
Infinity fitness ladies only,Kickboxing,Sheikh Khalifa Bin Zayed St - Al Rashidiya 3 - Ajman - United Arab Emirates,Ajman,Ajman,+971 50 631 1178,infinity.fitness.ae@gmail.com,https://www.infinityfitness.ae/,4.3,12,google_maps,2026-03-12T21:20:24.742983+00:00
International Golden Falcon Karate - Do LLC (IGFK),"BJJ, Muay Thai, Kickboxing, Boxing, Karate, Judo, Taekwondo, Martial Arts","D Block Ajman Markets & Co Operative Society Building, Horizon Tower - 205 - Ajman - United Arab Emirates",Ajman,Ajman,+971 52 460 9077,,http://www.igfk.ae/,4.9,107,google_maps,2026-03-12T13:03:47.369430+00:00
JKS Academy,"BJJ, Kickboxing, Karate, Judo, Taekwondo, Martial Arts",Al Muwaihat 3 - Ajman - United Arab Emirates,Ajman,Ajman,+97138322132,info@jkskarate.com,https://ajman.jkskarate.com/,5.0,4,google_maps,2026-03-12T13:03:53.946620+00:00
Jenoub Fitness Ajman,Kickboxing,Al Zahya - Ajman - United Arab Emirates,Ajman,Ajman,+971 58 934 5323,,,4.7,228,google_maps,2026-03-12T21:19:17.035014+00:00
Jenoub Karate Center Ajman,"BJJ, Kickboxing, Karate, Judo, Taekwondo, Martial Arts",CH5Q+XR9 - Al Zahya - Ajman - United Arab Emirates,Ajman,Ajman,+971 58 934 5323,,,5.0,1,google_maps,2026-03-12T13:03:55.606720+00:00
KALARI CLUB AJMAN,"BJJ, Muay Thai, Kickboxing, Boxing, Karate, Judo, Taekwondo, Martial Arts",Michi Sports Hall - 2nd Floor - Sheikh Rashid Street - near Lulu Hyper Market - Al Nakhil - Al Rumailah 1 - Ajman - United Arab Emirates,Ajman,Ajman,+971 58 896 9656,,https://www.kalariclubdubai.com/,4.9,17,google_maps,2026-03-12T13:03:40.872701+00:00
Lifestyle Fitness GYM L&G,Kickboxing,CG56+QGV - Alhamedya 1 - Ajman - United Arab Emirates,Ajman,Ajman,+971 56 196 7400,,,4.1,26,google_maps,2026-03-12T21:20:10.080589+00:00
Lion gym,Kickboxing,9F8R+FWC - Al Muwaihat 3 - Ajman - United Arab Emirates,Ajman,Ajman,+971 55 374 4080,,,4.4,72,google_maps,2026-03-12T21:19:36.332819+00:00
MK FIGHT CLUB | GYM | MMA | BOXING | JIU-JITSU | MUAY-THAI | KICK-BOXING | GRAPPLING,"BJJ, Muay Thai, Kickboxing, Boxing, Wrestling, Karate, Judo, Taekwondo, Martial Arts","Al Jerf 1, The gate, 2nd floor, office 10 - Ajman - United Arab Emirates",Ajman,Ajman,+971 50 635 7077,,http://www.mk-fightclub.com/,4.9,110,google_maps,2026-03-12T13:03:24.458821+00:00
Masters Martial Arts,Kickboxing,الراشدية - Al Hamidiya 1 - Ajman - United Arab Emirates,Ajman,Ajman,+97167446441,,,,,google_maps,2026-03-12T21:20:32.829019+00:00
Masters Martial Arts Training Centre - Ajman Branch,"BJJ, Muay Thai, Kickboxing, Boxing, Karate, Judo, Taekwondo, Martial Arts",Al Rashidiya 2 - Ajman - United Arab Emirates,Ajman,Ajman,+971 50 744 6491,,,5.0,37,google_maps,2026-03-12T13:03:29.457502+00:00
Mixed Martial Arts - MMA Elite,"BJJ, MMA, Muay Thai, Kickboxing, Boxing, Karate, Taekwondo, Martial Arts","Falcon Towers - B1, 14 - Al Rashidiya 1 - Ajman Falcon Tower B1 ,1405 - Ajman - United Arab Emirates",Ajman,Ajman,+971 56 662 3248,,https://tinubtharique.com/,5.0,74,google_maps,2026-03-12T13:03:37.638182+00:00
Monks School of Martial Arts,"Karate, Taekwondo, Martial Arts",Room no. 515 - Itihad street - opp. of Lulu - Al Rashidiya 3 - Ajman - United Arab Emirates,Ajman,Ajman,+971 50 578 7688,info@teammonksuae.com,https://teammonksuae.com/,4.9,17,google_maps,2026-03-13T01:15:55.615079+00:00
OMA Karate Centre,"BJJ, Kickboxing, Karate, Taekwondo, Martial Arts","Building, Ground & Mezzanine Floors - Sheikh Khalifa Bin Zayed St - 3 Al Nuaimia - Ajman - United Arab Emirates",Ajman,Ajman,+971 55 791 6931,,,5.0,4,google_maps,2026-03-12T13:04:05.451502+00:00
Okinawan Martial Arts Academy Ajman UAE,"BJJ, Muay Thai, Kickboxing, Boxing, Karate, Taekwondo, Martial Arts",Falcon Towers - Tower B1 3rd Floor 306 - near ADCB Signal - Al Rashidiya 2 - Ajman - United Arab Emirates,Ajman,Ajman,+971 55 695 6482,,,4.9,81,google_maps,2026-03-12T13:03:39.242182+00:00
Oyama Martial Arts UAE,"BJJ, Karate, Taekwondo, Martial Arts",9CRM+X43 - 3 Al Nuaimia - Ajman - United Arab Emirates,Ajman,Ajman,+971 55 791 6931,,,,,google_maps,2026-03-12T13:04:07.073246+00:00
Rhythm Yoga & Martial Arts LLC,"Karate, Taekwondo, Martial Arts",Shaikh Rashid Bin Humeed Steet - Al Bustan - ليوارة 1 - Ajman - United Arab Emirates,Ajman,Ajman,+971 55 207 8010,,,5.0,6,google_maps,2026-03-13T01:17:39.869427+00:00
Sf pro boxing,Boxing,Meshairef - Ajman - United Arab Emirates,Ajman,Ajman,+971 52 267 8800,,,5.0,7,google_maps,2026-03-12T22:44:27.245367+00:00
Squads gym ( Ladies & gents),Kickboxing,Ajman industrial area 2 - Ajman - United Arab Emirates,Ajman,Ajman,+971 50 678 8012,squadsgymofficial@gmail.com,http://www.squadsgym.com/,4.9,23,google_maps,2026-03-12T21:20:26.358370+00:00
TG MMA | MMA | BOXING | JIU-JITSU | MUAY-THAI | KICK-BOXING | GRAPPLING| YOGA | CROSSFIT| DIET PROGRAM| KARATE|JUDO|TAEKWONDO,"BJJ, Muay Thai, Kickboxing, Boxing, Karate, Judo, Taekwondo, Martial Arts","Falcon Towers - B1, 1405 - Al Rashidiya 1 - Ajman - United Arab Emirates",Ajman,Ajman,+971 56 662 3248,info@tgmmauae.com; tinu.b.tharique@gmail.com,https://tgmmauae.com/,4.9,91,google_maps,2026-03-12T13:03:26.150564+00:00
Taekwondo Golden Center,"Karate, Taekwondo, Martial Arts","102, 1st Floor, City Mart، Shaikh Rashid Bin Humeed Street - Ajman - United Arab Emirates",Ajman,Ajman,+971 50 219 8676,,,4.1,14,google_maps,2026-03-13T01:17:04.198112+00:00
Taj Fitness Ajman,Kickboxing,"KM Trading Building, Oppo Lulu - Al Bustan - Ajman - United Arab Emirates",Ajman,Ajman,+971 50 535 0663,,,4.5,10,google_maps,2026-03-12T21:19:31.527770+00:00
UAE Kung-Fu Academy,"BJJ, Martial Arts",nassem street - Al Rashidiya 1 - Ajman - United Arab Emirates,Ajman,Ajman,+971 55 527 9055,,,,,google_maps,2026-03-12T13:04:10.365295+00:00
UFC GYM - Ajman | City Centre Ajman,"BJJ, Muay Thai, Kickboxing, Boxing, Karate, Judo, Martial Arts",AL JURF - Al Ittihad St - Al Jerf 2 - Ajman - United Arab Emirates,Ajman,Ajman,+97165426021,,http://www.ufcgym.me/,4.3,258,google_maps,2026-03-12T13:03:44.100206+00:00
UMF ACADEMY EMIRATES CITY,"BJJ, Muay Thai, Kickboxing, Boxing, Karate, Taekwondo, Martial Arts",Emirates city Lavender tower P6-02 - Ajman - United Arab Emirates,Ajman,Ajman,+971 56 328 1484,,https://umfacademy.com/,5.0,22,google_maps,2026-03-12T13:03:34.311902+00:00
UMF ACADEMY(KARATE &KICKBOXING &FITNESS CENTER),"BJJ, Muay Thai, Kickboxing, Karate, Taekwondo, Martial Arts",Ajman Pearl Tower A4 - شارع النسيم - Al Rashidiya 1 - Ajman - United Arab Emirates,Ajman,Ajman,+971 55 689 1714,,https://umfacademy.com/,4.9,28,google_maps,2026-03-12T13:03:50.657359+00:00
UMF Play Zone,Kickboxing,Emirates city Lavender Tower P6 floor - Ajman - United Arab Emirates,Ajman,Ajman,+97165205933,,,4.8,6,google_maps,2026-03-12T21:20:37.730847+00:00
UNDERGROUND WRESTLING THEATER,Wrestling,Gharnatah St - Al Muwaihat 3 - Ajman - United Arab Emirates,Ajman,Ajman,+971 58 575 8084,,,,,google_maps,2026-03-13T00:44:32.746037+00:00
VMK Kalari Martial Arts LLC,"BJJ, Karate, Taekwondo, Martial Arts","B1 Block, Falcon Towers - Office # 1111 - Al Rashidiya 2 - Ajman - United Arab Emirates",Ajman,Ajman,+971 50 358 4737,vmkkalari16@gmail.com,https://www.vmkkalari.com/,5.0,9,google_maps,2026-03-12T13:05:22.342084+00:00
Virago Ladies Fitness,Kickboxing,شارع الشيخ عمار - Al Tallah 2 - Ajman - United Arab Emirates,Ajman,Ajman,+971 56 124 2337,info@viragofitness.ae; info@viragofitness.net,https://viragofitness.ae/,4.3,357,google_maps,2026-03-12T21:20:08.471891+00:00
Wariors Martial Arts Club,"Karate, Taekwondo, Martial Arts","Emirates City Lavender Tower P6-610, +971562613563 - Ajman - United Arab Emirates",Ajman,Ajman,+971 56 261 3563,jacson767@gmail.com; wariorsmartialartsclub@gmail.com; contact56@zacsion.com,http://www.wariorsmartialarts.com/,5.0,8,google_maps,2026-03-13T01:16:22.755536+00:00
Xtreme Fitness,"Boxing, Karate, Taekwondo, Martial Arts",HC floor، Al Thuraya 3 building - Sheikh khalifa St - Al Rashidiya 3 - Ajman - United Arab Emirates,Ajman,Ajman,+971 56 580 8131,contact@youroceanwpsite.com,https://extremefit.co/,4.1,209,google_maps,2026-03-12T22:45:20.499081+00:00
jiu jitsu al zahia,"BJJ, Judo",Sharjah - Al Zahia - Sharjah - United Arab Emirates,Ajman,Sharjah,+971 52 685 0350,,,5.0,1,google_maps,2026-03-12T13:04:16.954309+00:00
الامارات للفنون القتالية,"BJJ, Muay Thai, Kickboxing, Boxing",CGM5+GGC - Al Jerf Industrial 1 - Ajman - United Arab Emirates,Ajman,Ajman,+971 50 955 5932,,,4.3,6,google_maps,2026-03-12T13:04:02.152215+00:00
AL ETTIHAD KARATE TRAINING CENTRE,"Taekwondo, Martial Arts",Khalifa Bin Zayed St - Central District - Hai Qesaidah - Abu Dhabi - United Arab Emirates,Al Ain,Abu Dhabi,+971 50 674 7601,info@unitedkarategroup.com,http://unitedkarategroup.com/,4.4,7,google_maps,2026-03-13T04:19:22.292283+00:00
Abu Dhabi Martial Arts Academy - ADMA Al Salamat,"MMA, Muay Thai, Wrestling, Taekwondo, Martial Arts",Mubadala Sports Center - 83 Al Fu-Ad St - Al Salamat - Al Salamat 1 - Abu Dhabi - United Arab Emirates,Al Ain,Abu Dhabi,+971 56 503 7801,info@adma.academy; info@admaacademy.com,https://admaacademy.com/,5.0,3,google_maps,2026-03-12T14:01:19.840357+00:00
Al Ain Ladies Club,Kickboxing,131st St - Al Markhaniyyah - Mreifia - Abu Dhabi - United Arab Emirates,Al Ain,Abu Dhabi,+97137670003,,https://www.instagram.com/alainladiesclub/,3.8,472,google_maps,2026-03-12T21:25:36.217042+00:00
"Al Ain Personal Trainers | Home, Gym, Outdoor & Online Training","Kickboxing, Boxing",Al Muwaij'i - Shareat Al Muwaiji - Abu Dhabi - United Arab Emirates,Al Ain,Abu Dhabi,+971 50 771 5434,info@alainpersonaltrainer.ae; name@mail.com,https://alainpersonaltrainer.ae/,5.0,22,google_maps,2026-03-12T21:25:34.636241+00:00
Al Ainawi Karate & Fitness,"BJJ, Muay Thai, Kickboxing, Boxing, Karate, Judo, Taekwondo, Martial Arts",733 Zayed Bin Sultan St - Central District - Al Kuwaitat - Abu Dhabi - United Arab Emirates,Al Ain,Abu Dhabi,+971 50 782 6514,,http://alainawi.com/,4.4,99,google_maps,2026-03-12T13:10:33.802447+00:00
Black Horse Karate and Martial Arts,"Taekwondo, Martial Arts",Sheikh Khalifa Bin Zayed St - بالقرب من إشارة بيتزا هت منطقة - Central District - Hai Qesaidah - Abu Dhabi - United Arab Emirates,Al Ain,Abu Dhabi,+971 52 969 0088,,,4.7,26,google_maps,2026-03-13T04:19:19.354901+00:00
Body Force Fitness Centre,"BJJ, Muay Thai, Kickboxing, Boxing, Martial Arts",Back side kfc - Top of halo beauty - Khalifa Bin Zayed St - opposite pink karak - Abu Dhabi - United Arab Emirates,Al Ain,Abu Dhabi,+971 54 337 4500,,,4.9,301,google_maps,2026-03-12T13:10:38.519862+00:00
Bodylines,Boxing,137th St - Al Jahili - Al Masagi - Abu Dhabi - United Arab Emirates,Al Ain,Abu Dhabi,+97137031132,,http://www.rotana.com/rotanahotelandresorts/unitedarabemirates/alain/alainrotana/features/recreation,4.8,136,google_maps,2026-03-12T22:53:20.166322+00:00
Bulk Gym,Boxing,Al Ain city - Building no. 71- 1st floor - IBN ABI TALEB STR - Central District - NAD ALRUSAS- ALI - Abu Dhabi - United Arab Emirates,Al Ain,Abu Dhabi,+971 56 769 8005,,,4.5,55,google_maps,2026-03-12T22:53:35.257887+00:00
CAPTAIN SPORTS ACADEMY,Taekwondo,55 Al Jawdah St - 'Asharij - Bida Bin Ammar - Abu Dhabi - United Arab Emirates,Al Ain,Abu Dhabi,+971 55 645 3388,,https://alcapitano.com/,4.7,29,google_maps,2026-03-13T04:19:42.771687+00:00
Dragon gym,Boxing,52 Al Bateel St - Central District - Hai Al Humaira - Abu Dhabi - United Arab Emirates,Al Ain,Abu Dhabi,+971 56 973 5345,,,4.7,36,google_maps,2026-03-12T22:53:23.168215+00:00
ELIXIR SLIMMING CLUB,Kickboxing,Tuwam St - Al Rawdah Al Sharqiyah - Al Ifaz - Abu Dhabi - United Arab Emirates,Al Ain,Abu Dhabi,+97137216799,,,4.1,60,google_maps,2026-03-12T21:25:51.991342+00:00
Elite Karate Center Al Ain,"BJJ, Kickboxing, Boxing, Karate, Judo, Taekwondo, Martial Arts",Central District - Hai Al Souq - Abu Dhabi - United Arab Emirates,Al Ain,Abu Dhabi,+97137632728,,,4.9,77,google_maps,2026-03-12T13:10:36.953968+00:00
Emmy Fitness | Ladies Gym in Al Ain,"Kickboxing, Boxing, Martial Arts",78 Sultan Bin wiqaish Al Dhaheri St-Al Muwaiji-Oud Bin Sag-Han - Villa 78 - beside Al Ma’moun Medical center… بجانب مركز المأمون الطبي - _فيلا 78 - Abu Dhabi - United Arab Emirates,Al Ain,Abu Dhabi,+971 56 677 3834,info@emmyfitness.ae,http://emmyfitness.ae/,4.7,144,google_maps,2026-03-12T21:25:29.899244+00:00
Falcon Sports Academy,"MMA, Muay Thai, Kickboxing, Boxing, Judo, Taekwondo, Martial Arts",5QP7+JCJ - Industrial Area - Al Safrah - Abu Dhabi - United Arab Emirates,Al Ain,Abu Dhabi,+971 50 448 6662,,,4.3,13,google_maps,2026-03-12T14:01:15.138714+00:00
Fitness Factory Gym in Al Ain,Boxing,1st Khalifa Bin Zayed Street - Industrial Area - Al Ruwaidat - Abu Dhabi - United Arab Emirates,Al Ain,Abu Dhabi,+97137217449,,https://fitnessfactoryalain.ae/,4.8,224,google_maps,2026-03-12T22:52:09.457515+00:00
Future Fit EMS (Al-Ain Branch),"Kickboxing, Boxing, Taekwondo, Martial Arts",Central District - Nad Al Rusas - Abu Dhabi - United Arab Emirates,Al Ain,Abu Dhabi,+971 52 721 3402,info@futurefit.ae; overnightdreamss@gmail.com,http://www.futurefit.ae/,4.3,81,google_maps,2026-03-12T21:25:20.433616+00:00
G4 GYM,Kickboxing,Al Noud - Wadi Al Ain 1 - Abu Dhabi - United Arab Emirates,Al Ain,Abu Dhabi,+971 50 828 0369,,,4.3,48,google_maps,2026-03-12T21:25:42.529823+00:00
GymNation Al Ain | Best Gym in Al Ain,"Kickboxing, Boxing",Makani Al Ain Mall - Ground Floor - opposite the Nike store - Central District - Al Kuwaitat - Abu Dhabi - United Arab Emirates,Al Ain,Abu Dhabi,+97133614802,sophie@gymnation.com; aldrin@gymnation.com; dhaivat@gymnation.com,https://gymnation.com/gymsnearme/al-ain/,4.5,1029,google_maps,2026-03-12T21:25:17.279144+00:00
I Train Gym Premium | Ladies Gym in Al-Ain,"Muay Thai, Kickboxing, Boxing, Judo, Taekwondo, Martial Arts",6PRM+RQP - Al Jimi - Ugdat Al Ameriya - Abu Dhabi - United Arab Emirates,Al Ain,Abu Dhabi,+971 54 747 3725,,http://itraingym.ae/,4.5,234,google_maps,2026-03-12T14:45:42.710911+00:00
I Train Gym | Ladies Gym in Al Ain,"Muay Thai, Kickboxing, Boxing, Judo, Martial Arts",Alain muwaiji - Al Muwaij'i - Shareat Al Muwaiji - Abu Dhabi - United Arab Emirates,Al Ain,Abu Dhabi,+971 50 771 5434,info@itraingym.ae,http://itraingym.ae/,4.4,361,google_maps,2026-03-12T14:45:44.279019+00:00
"LIFE GYM, AL AIN",Boxing,47 Abdulrahman Bin 'Awf St - Central District - Al Kuwaitat - Abu Dhabi - United Arab Emirates,Al Ain,Abu Dhabi,+971 56 800 9421,,https://instagram.com/life_gym_al_ain_?igshid=Y2IzZGU1MTFhOQ==,4.6,81,google_maps,2026-03-12T22:52:38.955545+00:00
La Dolce Vita Arts Learning Center - Al Ain,"Taekwondo, Martial Arts",12 5th St - Al Mu'tarid - Al Ghail - Abu Dhabi - United Arab Emirates,Al Ain,Abu Dhabi,+97137331121,info@ladolcevita.ae,https://www.ladolcevita.ae/,4.8,61,google_maps,2026-03-13T04:19:28.352315+00:00
Man Top GYM,"Kickboxing, Boxing",Zayed Bin Sultan St - Central District - Al Nyadat - Abu Dhabi - United Arab Emirates,Al Ain,Abu Dhabi,+971 50 543 0959,,,4.4,81,google_maps,2026-03-12T21:25:45.684171+00:00
Max Life Fitness - Al Ain,Boxing,6Q27+R94 - Industrial Area - Al Naglah - Abu Dhabi - United Arab Emirates,Al Ain,Abu Dhabi,+971 55 677 5986,,,4.3,138,google_maps,2026-03-12T22:52:44.941370+00:00
"Mister Gym -Br 3, Hili, Sanaiya, Al Ain","BJJ, Kickboxing, Boxing",NDOOD JAHAM STREET ROAD - 20 #6 FLOOR #2 - near K.M. TRADING - Hili - Abu Dhabi - United Arab Emirates,Al Ain,Abu Dhabi,+971 55 316 7623,,,4.3,15,google_maps,2026-03-12T13:10:40.085605+00:00
NEW MAX LIFE FITNESS GYM,Boxing,near New Karama center - Al Muwaij'i - Shareat Al Muwaiji - Abu Dhabi - United Arab Emirates,Al Ain,Abu Dhabi,+971 52 881 8054,,,4.7,91,google_maps,2026-03-12T22:53:32.248486+00:00
Next Level Gym,Boxing,"Al Falah Street, Near Graffiti Burger, Al Hili Area، Al Ain - Abu Dhabi - United Arab Emirates",Al Ain,Abu Dhabi,+97137636333,,http://www.nextlevelgym.ae/,4.0,73,google_maps,2026-03-12T22:53:06.233551+00:00
OYA BABY | Ladies Only Gym in Al-Ain,"Kickboxing, Judo",11 Al kuwait St - Central District - Hai Qesaidah - Abu Dhabi - United Arab Emirates,Al Ain,Abu Dhabi,+971 54 727 3947,oyababygym@gmail.com,http://oyababy.ae/,4.9,32,google_maps,2026-03-12T21:25:31.478803+00:00
Oasis Brazilian Jiu Jitsu School,"BJJ, Martial Arts",Square - Building 14a Hamdan Bin Mohammad St - Al Tiwayya - Store#2 - Abu Dhabi - United Arab Emirates,Al Ain,Abu Dhabi,+971 50 182 5389,email@yahoo.com,https://oasisbjjclub.com/,,,google_maps,2026-03-12T13:10:30.652393+00:00
Oxygen gym,"MMA, Muay Thai, Kickboxing, Boxing, Taekwondo, Martial Arts","1st floor,Al Ain Coporative Building - Al Mas'oudi - Abu Dhabi - United Arab Emirates",Al Ain,Abu Dhabi,+971 52 983 5573,,https://youtu.be/dDdrNZ0C7Lw?feature=shared,4.3,195,google_maps,2026-03-12T14:01:16.701810+00:00
Spartan Martial Arts & Fitness | Best gym in Alain,"MMA, Muay Thai, Kickboxing, Boxing, Taekwondo, Martial Arts",179 Al Reeh St - Al Markhaniyyah - Mreifia - Abu Dhabi - United Arab Emirates,Al Ain,Abu Dhabi,+971 50 588 0685,spartanfitnesssharjah@gmail.com; info@spartans.ae,https://spartans.ae/,4.7,268,google_maps,2026-03-12T14:01:18.275561+00:00
Sports World,Wrestling,6Q9G+G7W - Central District - Al Kuwaitat - Abu Dhabi - United Arab Emirates,Al Ain,Abu Dhabi,+97137644726,,,4.2,26,google_maps,2026-03-13T00:45:46.107392+00:00
Stars Sports Club,Kickboxing,As Saha-if 1 St - Industrial Area - Al Safrah - Abu Dhabi - United Arab Emirates,Al Ain,Abu Dhabi,+971 50 523 2202,,,5.0,3,google_maps,2026-03-12T21:25:47.265618+00:00
SuperKick karate club Al Ain,"BJJ, MMA, Muay Thai, Kickboxing, Boxing, Karate, Taekwondo, Martial Arts",Central District - Hai Al Salama - Abu Dhabi - United Arab Emirates,Al Ain,Abu Dhabi,+971 52 117 9560,,,4.8,79,google_maps,2026-03-12T13:10:35.388789+00:00
Talents R Us Sports Academy,Kickboxing,Al Ain - Dubai Rd - Al Tiwayya - Eidan Al Jareh - Abu Dhabi - United Arab Emirates,Al Ain,Dubai,+971 52 300 6651,,https://www.instagram.com/talentsrus.uae/,4.9,137,google_maps,2026-03-12T21:25:48.834224+00:00
Texas Gym,Boxing,6QG5+VQM - Central District - Hai Al Humaira - Abu Dhabi - United Arab Emirates,Al Ain,Abu Dhabi,+971 56 396 5055,u002f@texas.gym,https://www.tiktok.com/@texas.gym6?_t=ZS-8zsuhS945cQ&_r=1,4.1,85,google_maps,2026-03-12T22:52:50.950174+00:00
UAEJJ Fitness Al Salamat | Best Gym in Al Ain,"BJJ, MMA, Kickboxing, Judo",83 Al Fu-Ad St - Al Salamat - Al Salamat 1 - Abu Dhabi - United Arab Emirates,Al Ain,Abu Dhabi,+97137164888,info@uaejjfitness.ae,https://uaejjfitness.ae/,3.6,180,google_maps,2026-03-12T13:10:41.653406+00:00
UAEJJ Store Al Ain,Martial Arts,Al Salamat - Al Salamat 1 - Abu Dhabi - United Arab Emirates,Al Ain,Abu Dhabi,+971 50 469 8926,,https://uaejjstore.com/,4.7,12,google_maps,2026-03-13T06:39:26.893731+00:00
Uform Fitness - Al Ain,"Kickboxing, Boxing",Stadium - Hazza Bin Zayed Street - Al Tiwayya - Jafeer Obaid - Abu Dhabi - United Arab Emirates,Al Ain,Abu Dhabi,+97137667502,,https://uform.com/,3.6,895,google_maps,2026-03-12T21:25:55.171134+00:00
United Gym,Kickboxing,Khalifa Bin Zayed The First St - Al Mu'tarid - Hai Al Maahad - Abu Dhabi - United Arab Emirates,Al Ain,Abu Dhabi,+971 50 583 8940,,https://www.instagram.com/unitedlifegym?igsh=MThvbWI1bG9qb3k4eg%3D%3D&utm_source=qr,4.9,11,google_maps,2026-03-12T21:25:44.110088+00:00
Up Down Gym,Kickboxing,71st St - Al Noud - Wadi Al Ain 1 - Abu Dhabi - United Arab Emirates,Al Ain,Abu Dhabi,+971 58 867 8902,,,4.3,112,google_maps,2026-03-12T21:25:33.054094+00:00
WORKOUT GYM AlFOAH MALL,Kickboxing,"Al Foah Mall,Abu Obaida Bin Al jarrah st - Abu Dhabi - United Arab Emirates",Al Ain,Abu Dhabi,+971 58 833 1140,,,4.1,27,google_maps,2026-03-12T21:25:37.801971+00:00
الأكاديمية الألمانية للكاراتية katare academy,"Taekwondo, Martial Arts",7Q83+MVV - Al Qattarah - Al Aziriya - Abu Dhabi - United Arab Emirates,Al Ain,Abu Dhabi,+971 54 497 9312,,,5.0,3,google_maps,2026-03-13T04:19:48.810338+00:00
غولدن سبورت العين(نادي رياضي بالعين),"MMA, Muay Thai, Kickboxing, Boxing, Karate, Judo, Taekwondo, Martial Arts",Abu Dhabi - United Arab Emirates - al ain - Abu Dhabi - United Arab Emirates,Al Ain,Abu Dhabi,+971 50 130 8927,,https://www.facebook.com/profile.php?id=100003698527503,4.7,37,google_maps,2026-03-12T14:01:22.979664+00:00
700 Padel & Fitness Hub,"BJJ, Boxing, Karate, Taekwondo, Martial Arts",Umm Suqeim St - Al Barsha Second - Al Barsha - Dubai - United Arab Emirates,Al Barsha Dubai,Dubai,+971 56 626 2020,info@padel700.com; info@700padelfitness.com,https://www.700padelfitness.com/,4.6,410,google_maps,2026-03-12T13:38:04.579105+00:00
AB Center Sheikh Zayed Road,Martial Arts,Sheikh Zayed Rd - Al Barsha First - Al Barsha - Dubai - United Arab Emirates,Al Barsha Dubai,Dubai,+97142662116,,,4.2,615,google_maps,2026-03-13T07:36:09.335557+00:00
ART LINES CONTRACTING CO LLC,Martial Arts,Al Shafar Tower 1 - Al Thanyah First - Barsha Heights - Dubai - United Arab Emirates,Al Barsha Dubai,Dubai,+97144433671,,,4.3,25,google_maps,2026-03-13T07:36:48.710843+00:00
Al Amir Gym,Boxing,3667+38V - JVC - Dubai - United Arab Emirates,Al Barsha Dubai,Dubai,+971 50 578 0802,,,4.5,92,google_maps,2026-03-12T23:41:39.183889+00:00
"Apex Sports Academy Al Barsha, Al Asayl 72, Dubai, UAE","Kickboxing, Boxing, Taekwondo, Martial Arts",Al Asayl 72 72 - Dubai - United Arab Emirates,Al Barsha Dubai,Dubai,+971 50 364 0709,,https://apexsports.ae/,4.3,136,google_maps,2026-03-12T21:59:27.565316+00:00
Arjan Fitness Gym,Boxing,Al Barsha South Third - Arjan - Dubai - United Arab Emirates,Al Barsha Dubai,Dubai,+971 55 282 8695,kravatrener@gmail.com,http://smartfitness.systemizem3.com/linktree,4.4,267,google_maps,2026-03-12T23:41:36.174758+00:00
Binous Gym | Best Bodybuilding Gym in Dubai | Best Gym Dubai | Most Famous Gym Dubai | Most Expensive Bodybuilding Gym,"Kickboxing, Boxing",12 Al Rasaas Rd - Al Qouz Ind.third - Al Quoz - Dubai - United Arab Emirates,Al Barsha Dubai,Dubai,+97142237637,,https://binousgym.com/,4.5,862,google_maps,2026-03-12T21:58:46.838293+00:00
Calisthenics and Extreme Adventure Community.,"Taekwondo, Martial Arts",The Academies - Al Hebiah Fourth - Dubai Sports City - Dubai - United Arab Emirates,Al Barsha Dubai,Dubai,+97145561800,info@fitrepublik.com,https://fitrepublik.com/,5.0,1444,google_maps,2026-03-13T05:12:18.952820+00:00
Choi Martial Arts,"BJJ, MMA, Kickboxing, Karate, Judo, Taekwondo, Martial Arts",The Light Commercial Tower offic #211. Al Barsha South 3 - Dubai - United Arab Emirates,Al Barsha Dubai,Dubai,+971 55 106 4879,,https://www.choimartialartsuae.com/,5.0,3,google_maps,2026-03-12T13:37:48.087353+00:00
Docuwin corporate & Typing JVC,Martial Arts,Jumeriah Village Circle The Residence IX Building - District 17 - Dubai - United Arab Emirates,Al Barsha Dubai,Dubai,+971 58 887 2795,,https://www.docuwincorporateservice.com/,4.9,67,google_maps,2026-03-13T07:35:19.083613+00:00
Dubai Dream Center,Taekwondo,Villa A - 131 39th St - Al Barsha Third - Al Barsha - Dubai - United Arab Emirates,Al Barsha Dubai,Dubai,+971 58 590 4212,,https://www.instagram.com/dreamcenter_dubai_worldwide/,4.4,33,google_maps,2026-03-13T05:11:41.327800+00:00
Euphorium Ice Bath & Sauna Dubai - 24/7 Cold Plunge,Martial Arts,"Al Sufouh Suites - Euphorium, P2 - Al Noor St - Al Sufouh - Al Sufouh 1 - Dubai - United Arab Emirates",Al Barsha Dubai,Dubai,+971 55 902 1829,chief@euphorium.ae,https://euphorium.ae/,4.6,155,google_maps,2026-03-13T07:36:12.620162+00:00
FitForce UAE - Personal Trainers Dubai,Boxing,Business Park - Building 4 7th Fl - Dubai Hills - Dubai - United Arab Emirates,Al Barsha Dubai,Dubai,+971 58 512 4344,,https://fitforce.ae/dubai-fitness-trainers/?utm_source=local&utm_medium=organic&utm_campaign=gbpdubai,5.0,155,google_maps,2026-03-12T23:41:30.363828+00:00
Fitness Hour Branch 4,Kickboxing,Al Barsha First - Al Barsha - Dubai - United Arab Emirates,Al Barsha Dubai,Dubai,+971 58 288 5684,fitnessshourfh@gmail.com,https://fitnesshourgym.com/,5.0,14,google_maps,2026-03-12T21:59:07.960045+00:00
Force Strike Martial Arts,"BJJ, MMA, Muay Thai, Kickboxing, Boxing, Karate, Judo, Taekwondo, Martial Arts",The Light Commercial Tower Mezzanine Floor-02 - Al Barsha South - Dubai - United Arab Emirates,Al Barsha Dubai,Dubai,+971 56 100 9899,training@theforcestrike.com,https://www.theforcestrike.com/,5.0,5,google_maps,2026-03-12T13:37:43.293490+00:00
Hiitzone Gym in Barsha Heights,Boxing,Hazani building - Al Thanyah First - Barsha Heights - Dubai - United Arab Emirates,Al Barsha Dubai,Dubai,+971 56 844 5703,,https://hiitzone.ae/,4.6,189,google_maps,2026-03-12T23:40:40.769063+00:00
ISEE Eyewear,Martial Arts,Al Barsha Boutique Building - Shop 4 - Al Barsha First - Dubai - United Arab Emirates,Al Barsha Dubai,Dubai,+97144472265,,https://www.instagram.com/iseeeyewear/,4.9,210,google_maps,2026-03-13T07:35:40.240046+00:00
Krav Maga Dubai,"BJJ, MMA, Kickboxing, Karate, Martial Arts",Al Thanyah First - Barsha Heights - Dubai - United Arab Emirates,Al Barsha Dubai,Dubai,+971 55 537 4375,,,4.9,62,google_maps,2026-03-12T13:38:22.409424+00:00
Kung Fu / Tai Chi VIP Private Lesson,"BJJ, Taekwondo, Martial Arts",Al Thanyah First - Barsha Heights - Dubai - United Arab Emirates,Al Barsha Dubai,Dubai,+971 52 626 5816,example@mysite.com; uaeshaolin@gmail.com,http://www.shaolinkungfu.ae/,5.0,1,google_maps,2026-03-12T13:38:06.182161+00:00
Kyōda Martial Arts Studio - DUBAI,"BJJ, MMA, Muay Thai, Kickboxing, Boxing, Karate, Judo, Taekwondo, Martial Arts","Unit 308, Barsha Horizon Building Al Barsha 1 P.O.B 454953 - Dubai - United Arab Emirates",Al Barsha Dubai,Dubai,+971 58 554 6446,,http://fb.me/kyoda.dxb,5.0,6,google_maps,2026-03-12T13:36:51.140770+00:00
NAS Sports Complex,"BJJ, Taekwondo",47HV+JW5 - Wadi Al Safa 3 - Dubai - United Arab Emirates,Al Barsha Dubai,Dubai,+97143833833,,,4.6,551,google_maps,2026-03-12T13:38:11.121462+00:00
Next Generation School,Martial Arts,27A St - behind Saudi German Hospital - Al Barsha Third - Al-Barsh 3 - Dubai - United Arab Emirates,Al Barsha Dubai,Dubai,+97145817700,info@nextgenerationschool.ae,http://nextgenerationschool.ae/,,,google_maps,2026-03-13T07:35:31.160395+00:00
Nord Anglia International School Dubai (NAS Dubai),Martial Arts,Al Barsha South Third - Al Barsha 3 - Dubai - United Arab Emirates,Al Barsha Dubai,Dubai,+97142199999,finance@nasdubai.ae; admissions@nasdubai.ae; communications@nasdubai.ae,https://www.nordangliaeducation.com/nas-dubai?utm_source=google&utm_medium=organic&utm_campaign=Yext_GBM_ME001_10496901&y_source=1_MTA0OTY5MDEtNzE1LWxvY2F0aW9uLndlYnNpdGU%3D,,,google_maps,2026-03-13T07:35:25.135419+00:00
Optimum Strength Times Square Center,Boxing,Times Square Center - Sheikh Zayed Rd - Al Qouz Ind.first - Al Quoz - Dubai - United Arab Emirates,Al Barsha Dubai,Dubai,+971 58 582 0245,hello@optimumstrength.me,https://www.optimumstrength.me/,5.0,14,google_maps,2026-03-12T23:41:14.737584+00:00
RENSHI'S FITNESS CENTRE,"Kickboxing, Boxing, Taekwondo, Martial Arts","The family fitness studio, Icon Tower #103, - Tecom near Greens, next to Byblos Hotel - United Arab Emirates",Al Barsha Dubai,,+971 55 425 0077,,,4.3,7,google_maps,2026-03-12T21:59:47.270414+00:00
ROMARIO SPORTS OUTLET,"Taekwondo, Martial Arts",The Ivy by Metrical - Al Barsha South Fifth - Jumeirah Village Triangle - Dubai - United Arab Emirates,Al Barsha Dubai,Dubai,+97145700922,,https://onefit.ae/,4.8,68,google_maps,2026-03-13T05:12:07.859032+00:00
Red Gym - Barsha Heights,"BJJ, MMA, Kickboxing, Boxing, Judo, Taekwondo, Martial Arts",Vista Tower - Al Thuraya St - Al Thanyah First - Barsha Heights - Dubai - United Arab Emirates,Al Barsha Dubai,Dubai,+97143618131,info@redfit.ae,https://redfit.ae/,4.6,556,google_maps,2026-03-12T13:37:52.878150+00:00
Seoul Taekwondo,"Karate, Taekwondo, Martial Arts","Office 201, AB Center - Sheikh Zayed Rd - Al Barsha First - Al Barsha - Dubai - United Arab Emirates",Al Barsha Dubai,Dubai,+971 50 530 9418,seoultaekwondo.ae@gmail.com,https://www.seoultaekwondo.ae/,5.0,15,google_maps,2026-03-13T01:52:26.968339+00:00
Sheikh Aahan’s,"Boxing, Taekwondo",44 4A St - Al Manara - Dubai - United Arab Emirates,Al Barsha Dubai,Dubai,+971 50 332 1007,,,3.0,2,google_maps,2026-03-12T23:40:31.730213+00:00
The Exit Sports Bar,Martial Arts,"Metro Station - Mercure Dubai Barsha Heights - Hotel Suites & Apartments Sheikh Zayed Road, TECOM Next to - Sheikh Zayed Rd - Barsha Heights - Dubai - United Arab Emirates",Al Barsha Dubai,Dubai,+971 52 201 0437,ha8v6-op@accor.com; joshi.savita@accor.com; elleespillo.healingtouch@gmail.com,https://www.mercuredubaihotel.com/restaurants-bars/the-exit-sports-bar/,4.2,161,google_maps,2026-03-13T07:36:03.286577+00:00
The International School of Choueifat - Dubai,Martial Arts,area - Hessa St - Jumeirah - Dubai - United Arab Emirates,Al Barsha Dubai,Dubai,+97143999444,info@iscdubai.sabis.net,https://iscdubai.sabis.net/,,,google_maps,2026-03-13T07:35:51.681090+00:00
Tiger Kickboxing Arjan,"MMA, Muay Thai, Kickboxing, Boxing, Karate, Taekwondo, Martial Arts",Building 88 - Al Barsha South - Dubai - United Arab Emirates,Al Barsha Dubai,Dubai,+971 56 511 7950,tigerkickboxinguae@gmail.com; tigeracademyuae@gmail.com,http://www.tigerkickboxing.com/,4.3,48,google_maps,2026-03-12T14:17:28.174917+00:00
UAE AIKIKAI AIKIDO - Barsha,"Karate, Taekwondo, Martial Arts",Al Barsha First - Al Barsha - Dubai - United Arab Emirates,Al Barsha Dubai,Dubai,+971 50 552 8078,,https://www.uaeaikido.com/,5.0,3,google_maps,2026-03-13T01:52:39.201826+00:00
Underground Fight Club,"BJJ, MMA, Muay Thai, Kickboxing, Boxing, Taekwondo, Martial Arts",Goshi Warehouse City - 19D Street - Al Qouz Ind.third - Al Quoz - Dubai - United Arab Emirates,Al Barsha Dubai,Dubai,+971 50 834 7232,info@ugfc.ae; helpinfo@fitkitexample.com,https://www.ugfc.ae/,5.0,24,google_maps,2026-03-12T13:37:26.972542+00:00
Abu Dhabi Combat Club,MMA,C9WJ+7G4 - Khalifa Bin Shakhbut Street - Al Mushrif - W23 01 - Abu Dhabi - United Arab Emirates,Al Mushrif Abu Dhabi,Abu Dhabi,+97124430355,adccnews@gmail.com,https://adcombat.com/about-abu-dhabi-combat-club/,3.0,1,google_maps,2026-03-12T14:27:02.567749+00:00
Desert Storm Fitness,Kickboxing,1268 Al Khaleej Al Arabi St - Al Qurm - W50 01 - Abu Dhabi - United Arab Emirates,Al Mushrif Abu Dhabi,Abu Dhabi,+971 50 955 9960,,,4.8,66,google_maps,2026-03-12T22:29:31.257608+00:00
Fitness Coach,Boxing,Mushrif mall - Al Manhal - W15 01 - Abu Dhabi - United Arab Emirates,Al Mushrif Abu Dhabi,Abu Dhabi,+971 54 535 6151,,,5.0,6,google_maps,2026-03-13T00:32:51.749078+00:00
Focus Karate & Kung-Fu Centre,"BJJ, Karate, Taekwondo, Martial Arts",Ramlat Al Manayif St - Mohamed Bin Zayed City - ME10 - Abu Dhabi - United Arab Emirates,Al Mushrif Abu Dhabi,Abu Dhabi,+97125531345,,,4.5,93,google_maps,2026-03-12T13:55:01.876955+00:00
GO Sport,Boxing,"3rd Floor, Abu Dhabi Mall - Abu Dhabi - United Arab Emirates",Al Mushrif Abu Dhabi,Abu Dhabi,+97126454595,info@stagheaddesigns.com,https://uae.gosportme.com/search?q=Tennis+balls,3.8,132,google_maps,2026-03-13T00:37:14.415752+00:00
Grand Fist Karate Centre,"BJJ, Boxing, Taekwondo",Building no. C-129 office 3 - behind Paris Cafe - Mohamed Bin Zayed City - ME9 - Abu Dhabi - United Arab Emirates,Al Mushrif Abu Dhabi,Abu Dhabi,+971 52 181 4020,,,5.0,4,google_maps,2026-03-12T13:55:05.105777+00:00
Healthy Sports,Boxing,Al Wahda Mall - 1 Hazza ' Bin Zayed The First St - Al Nahyan - Zone 1 - Abu Dhabi - United Arab Emirates,Al Mushrif Abu Dhabi,Abu Dhabi,+97125500005,hili@healthysportsme.com; info@healthysportsme.com; juraina@healthysportsme.com,http://www.healthysportsme.com/,3.1,39,google_maps,2026-03-13T00:37:07.590756+00:00
Impact Karate Centre,"BJJ, Kickboxing, Judo, Taekwondo, Martial Arts",Musaffah me-11 - Abu Dhabi - United Arab Emirates,Al Mushrif Abu Dhabi,Abu Dhabi,+971 55 340 6956,,http://www.impactkarate.ae/,4.9,104,google_maps,2026-03-12T13:54:58.670294+00:00
Inspire Sports Center-Ladies Sports & Spa,"Kickboxing, Boxing, Taekwondo, Martial Arts",شارع 8 - Al Mushrif - W22 - Abu Dhabi - United Arab Emirates,Al Mushrif Abu Dhabi,Abu Dhabi,+971 50 157 5508,,http://www.inspiresports.ae/,4.6,179,google_maps,2026-03-12T22:29:29.687196+00:00
Izabel Oliveira Muay Thai Trainer,Muay Thai,,Al Mushrif Abu Dhabi,,+971 50 889 8349,,https://www.instagram.com/izabelcog?igsh=Z2FzNzR5dmU0MDE0&utm_source=qr,5.0,8,google_maps,2026-03-12T21:06:37.529336+00:00
JiuJitsu Sports Hall,BJJ,GMGF+48C - Al Bahyah - Al Bahyah Old - Abu Dhabi - United Arab Emirates,Al Mushrif Abu Dhabi,Abu Dhabi,+971 55 956 2256,,,3.9,11,google_maps,2026-03-12T13:55:13.060510+00:00
Karate,"BJJ, Taekwondo",10 Abu Al Hinna-a 4 St - Musaffah - M10 - Abu Dhabi - United Arab Emirates,Al Mushrif Abu Dhabi,Abu Dhabi,+971 55 384 6144,,http://www.kungfushaolinusman.blogspot.com/,,,google_maps,2026-03-12T13:55:11.488355+00:00
"KruTak Cho Nateetong Personal Training - Muay Thai, Kickboxing, & Boxing",Muay Thai,,Al Mushrif Abu Dhabi,,+971 54 736 2557,,,5.0,1,google_maps,2026-03-12T21:06:34.379302+00:00
Next step gym,Boxing,المشرف مول الطابق الأول Al mushrif mall First Floor - Abu Dhabi - United Arab Emirates,Al Mushrif Abu Dhabi,Abu Dhabi,+971 50 686 9866,reachtalks@gmail.com,https://reachnetwork.co/nextstepgym,3.4,53,google_maps,2026-03-13T00:33:10.635720+00:00
"Oriental Karate & Kobudo Club, Mushrif Mall","BJJ, Muay Thai, Kickboxing, Boxing, Karate, Judo, Taekwondo, Martial Arts",Sheikh Rashid Bin Saeed St - Hadbat Al Za`Faranah - Zone 1 - Abu Dhabi - United Arab Emirates,Al Mushrif Abu Dhabi,Abu Dhabi,+97125467001,karate@orientalkarate.com; karate@emirates.net.ae,http://orientalkarate.com/,4.9,71,google_maps,2026-03-12T13:54:08.858885+00:00
PTA BOXING FITNESS-SOLUTIONS,"Muay Thai, Kickboxing, Boxing",19th St - Shakhbout Bin Sultan St - Abu Dhabi - United Arab Emirates,Al Mushrif Abu Dhabi,Abu Dhabi,+971 56 654 4972,impallari@gmail.com; team@latofonts.com,http://www.ptboxfit.com/,4.9,61,google_maps,2026-03-12T21:06:17.135267+00:00
Sport Gallery For Sport Goods,Boxing,F9Q7+P8F - Al Danah - Zone 1 - Abu Dhabi - United Arab Emirates,Al Mushrif Abu Dhabi,Abu Dhabi,+971 58 549 6868,,https://www.instagram.com/rockyroadteam.ad,4.0,1,google_maps,2026-03-13T00:37:16.978641+00:00
TITAN GYM,Boxing,Sultan Bin Zayed The First St - Al Sa`Adah - Al Zahraa - Abu Dhabi - United Arab Emirates,Al Mushrif Abu Dhabi,Abu Dhabi,+971 50 503 0318,,https://instagram.com/ad_titan_gym?igshid=1ixmym6gkcv05,4.7,133,google_maps,2026-03-13T00:36:01.878777+00:00
The FitLab - Health & Fitness Club,"Boxing, Taekwondo",Muroor Road 21st St - nearby KFC/ Pizza Hut - Hadbat Al Za`Faranah - Zone 1 - Abu Dhabi - United Arab Emirates,Al Mushrif Abu Dhabi,Abu Dhabi,+971 54 508 0100,info@thefitlab.ae; join@thefitlab.ae,https://thefitlab.ae/,5.0,61,google_maps,2026-03-13T00:36:30.931143+00:00
The Jab Lab Sports,"BJJ, Kickboxing, Boxing, Taekwondo, Martial Arts",Zayed bin Sager Complex - Al Mushrif - W52 02 - Abu Dhabi - United Arab Emirates,Al Mushrif Abu Dhabi,Abu Dhabi,,,https://www.thejablab.ae/,4.5,8,google_maps,2026-03-12T13:54:05.696264+00:00
UAE Wrestling Judo & Kickboxing Federation,"MMA, Wrestling, Judo","City Golf Club - Shakhbout Bin Sultan 19th St, Al Mushrif - Abu Dhabi - United Arab Emirates",Al Mushrif Abu Dhabi,Abu Dhabi,+97124430022,,,4.0,13,google_maps,2026-03-12T14:27:04.134460+00:00
WR Fitness,Boxing,"6th Floor, Bin Hamoodah Tower - Office no. 601 - Khalifa Street - near AlNoor Hospital - Al Danah - Zone 1 - Abu Dhabi - United Arab Emirates",Al Mushrif Abu Dhabi,Abu Dhabi,+97126229991,,https://thewrfitness.com/,5.0,6,google_maps,2026-03-13T00:37:11.331695+00:00
Weiders Gym,Boxing,"Muroor Road, Street 21, Burger Hot Building - Abu Dhabi - United Arab Emirates",Al Mushrif Abu Dhabi,Abu Dhabi,+971 50 772 7119,,https://www.instagram.com/weidergym_abudhabi/,4.1,63,google_maps,2026-03-13T00:33:16.014690+00:00
800 SPORT,Boxing,"Showroom 3, Street 7 Al Shafar Investment Building - Dubai - United Arab Emirates",Al Quoz Dubai,Dubai,+97143467751,info@800sport.ae,https://www.800sport.ae/,4.5,72,google_maps,2026-03-12T23:24:39.312235+00:00
Al Quoz Gym,"Kickboxing, Boxing",Al Qouz Third - Al Quoz - Dubai - United Arab Emirates,Al Quoz Dubai,Dubai,+971 50 920 0881,,,3.9,87,google_maps,2026-03-12T21:49:08.875829+00:00
Bereznev's Karate School,"Kickboxing, Karate, Taekwondo, Martial Arts",JUST PLAY SPORTS COMPLEX - 15A St - Al Qouz Ind.first - Al Quoz - Dubai - United Arab Emirates,Al Quoz Dubai,Dubai,+971 50 160 4948,info@karate-school.ae,http://karate-school.ae/,5.0,20,google_maps,2026-03-12T21:48:59.171404+00:00
BoxiQ,"Kickboxing, Boxing","Level M, Office 13 - 1 15A St - Al Qouz Ind.first - Al Quoz - Dubai - United Arab Emirates",Al Quoz Dubai,Dubai,+971 58 563 6123,info@boxiq.me,https://boxiq.me/,4.9,47,google_maps,2026-03-12T21:48:13.950259+00:00
British Boxing Club,"Kickboxing, Boxing",Al Qouz Ind.first - Al Quoz - Dubai - United Arab Emirates,Al Quoz Dubai,Dubai,+97148923477,info@cubanboxing.ae,http://cubanboxingclub.ae/,4.6,29,google_maps,2026-03-12T21:48:39.620684+00:00
Champs Sports Club,"Kickboxing, Boxing, Taekwondo, Martial Arts",9 15th St - Al QuozAl - Al Quoz - Dubai - United Arab Emirates,Al Quoz Dubai,Dubai,+97142248588,,https://champs-sportsclub.com/,4.5,349,google_maps,2026-03-12T21:49:10.489012+00:00
Circle Fitness | Functional Fitness & Personal Training,"Kickboxing, Boxing",6A St - Al Qouz Ind.first - Al Quoz - Dubai - United Arab Emirates,Al Quoz Dubai,Dubai,+971 52 997 3794,admin@rossfitcircle.ae; admin@crossfitcircle.ae; admin@circlefitness.ae,https://www.circlefitness.ae/,4.9,96,google_maps,2026-03-12T21:48:55.986892+00:00
Core Club Pro (by BayYoga),"Taekwondo, Martial Arts",Juma Al Beljafla Warehouses - Warehouse #4 - 19 Street - Al Qouz Ind.first - Al Quoz 1 - Dubai - United Arab Emirates,Al Quoz Dubai,Dubai,+97143211199,,http://www.bayyoga.me/schedule,4.1,72,google_maps,2026-03-13T04:52:30.672345+00:00
Dagestan Top Team,"Boxing, Wrestling, Judo, Taekwondo, Martial Arts",Al Joud Center - Al Qouz Ind.first - Al Quoz - Dubai - United Arab Emirates,Al Quoz Dubai,Dubai,+971 54 459 7777,,https://www.instagram.com/dagestan.topteam?igsh=MWh4aWlkOWt2NjF0eA==&utm_source=qr,5.0,60,google_maps,2026-03-12T23:24:07.402353+00:00
"FFF (Fight, Flex, fit)",Kickboxing,AL Manara Street - Al Qouz Ind.second - Al Quoz - Dubai - United Arab Emirates,Al Quoz Dubai,Dubai,+971 52 563 7696,fightflexfit@gmail.com,https://sites.google.com/view/fightflexfit/home,,,google_maps,2026-03-12T21:48:43.119023+00:00
FINAL ROUND KICKBOXING FITNESS GYM,"MMA, Muay Thai, Kickboxing, Boxing, Karate, Taekwondo, Martial Arts",villa - 1272 Al Wasl Rd - Jumeirah - Umm Suqeim 3 - Dubai - United Arab Emirates,Al Quoz Dubai,Dubai,+971 55 604 9043,info@finalround.ae,http://www.finalround.ae/,4.6,54,google_maps,2026-03-12T14:13:56.085407+00:00
Fight Back Academy,"MMA, Kickboxing, Boxing, Karate, Judo, Taekwondo, Martial Arts",Al Qouz Ind.third - Al Quoz - Dubai - United Arab Emirates,Al Quoz Dubai,Dubai,+971 54 349 4264,info@fightback-academy.com,http://www.fightback-academy.com/,5.0,21,google_maps,2026-03-12T14:13:46.261339+00:00
Fortius Fitness Services,Boxing,4th St - Ind. Area 3 - Al Quoz - Dubai - United Arab Emirates,Al Quoz Dubai,Dubai,+971 56 161 6213,info@fortiusdubai.com,https://www.fortiusdubai.com/,5.0,98,google_maps,2026-03-12T23:24:28.136793+00:00
Golden Fist Karate Academy,"Kickboxing, Boxing, Karate, Judo, Taekwondo, Martial Arts",Bldg 1-27A Al Khail Rd - Al Qouz Ind.second - Al Quoz - Dubai - United Arab Emirates,Al Quoz Dubai,Dubai,+971 56 111 4954,,,4.6,11,google_maps,2026-03-12T21:48:57.579000+00:00
Grand Fitness Gym,Boxing,Al Qouz Fourth - Al Quoz - Dubai - United Arab Emirates,Al Quoz Dubai,Dubai,+971 56 144 8819,,,4.5,75,google_maps,2026-03-12T23:23:34.211622+00:00
Grand Gold Gym Best Gym In Barsha,Boxing,Elite Business Centre - Al Barsha First - Al Barsha - Dubai - United Arab Emirates,Al Quoz Dubai,Dubai,+971 56 573 7597,mailtoinfo@grandgoldgym.com; info@grandgoldgym.com,https://grandgoldgym.com/index.php,4.9,3138,google_maps,2026-03-12T23:24:50.898791+00:00
Iron House Gym,"Boxing, Karate, Judo","46XW+35H - Near Al Khail Mall , Behind Enoc petrol Pump , Next to Pak Darbar Al Quoz 3 , Latifa - Latifa Bint Hamdan St - Al Qouz Fourth - Dubai - United Arab Emirates",Al Quoz Dubai,Dubai,+971 55 375 8507,,,4.9,387,google_maps,2026-03-12T23:22:19.295799+00:00
Kata and Asana,Taekwondo,Times Square Center - Al marabea street - Sheikh Zayed Rd - Level 1 - Dubai - United Arab Emirates,Al Quoz Dubai,Dubai,+97143555251,info@kataandasana.com,https://kataandasana.com/,4.6,47,google_maps,2026-03-13T04:53:52.638870+00:00
Kata&Asana Warehouse,"Taekwondo, Martial Arts","14 C Street Warehouse 7, M2 - Dubai - United Arab Emirates",Al Quoz Dubai,Dubai,+971 50 853 7080,info@kataandasana.com,http://www.kataandasana.com/,,,google_maps,2026-03-13T04:53:46.470848+00:00
Krav Maga Middle East - One JLT,"MMA, Kickboxing, Boxing, Karate, Taekwondo, Martial Arts",AL Salam Martial Arts - 4th St - Al Qouz Third - Al Quoz - Dubai - United Arab Emirates,Al Quoz Dubai,Dubai,+971 50 343 1832,info@kravmagamiddleast.com,http://www.kravmagamiddleast.com/,4.9,51,google_maps,2026-03-12T14:13:06.247291+00:00
Kuma Team,"MMA, Kickboxing, Boxing, Wrestling, Judo, Taekwondo, Martial Arts",3 6A Street - Al Qouz Ind.third - Al Quoz - Dubai - United Arab Emirates,Al Quoz Dubai,Dubai,+971 50 713 8074,,,4.9,60,google_maps,2026-03-12T14:13:47.897314+00:00
Lucky's Sports & Fitness Club,"Kickboxing, Boxing",4th St - Al Qouz Ind.third - Al Quoz - Dubai - United Arab Emirates,Al Quoz Dubai,Dubai,+97142806463,info@luckyssportsclub.com,http://luckyssportsclub.com/,5.0,75,google_maps,2026-03-12T21:48:25.189878+00:00
MEFITPRO,Kickboxing,"Office # 102B, Intercoil Building - Al Jreena St - Dubai - United Arab Emirates",Al Quoz Dubai,Dubai,+971 54 544 6727,jazz@mefitpro.com; marketing@mefitpro.com; %22learn@mefitpro.com,https://mefitpro.com/,4.7,214,google_maps,2026-03-12T21:48:28.384140+00:00
MPAC SPORTS,Boxing,MPAC SPORTS CENTER - 15 25A Street - Al Qouz Ind.first - Al Quoz - Dubai - United Arab Emirates,Al Quoz Dubai,Dubai,+97143823400,info@mpacsports.com,http://www.mpacsports.com/,3.4,335,google_maps,2026-03-12T23:24:53.903168+00:00
MVP Lab Concept Sport,Martial Arts,29A Street - Al Qouz Ind.third - Al Quoz - Dubai - United Arab Emirates,Al Quoz Dubai,Dubai,+97143856937,,https://www.mvplab.ae/,4.7,371,google_maps,2026-03-13T07:19:13.512992+00:00
Miracle Fitness Gym Equipment Dubai,"Boxing, Karate, Taekwondo, Martial Arts",Miracle Fitness Sports - Warehouse No F2 Al Asayel St - near old national taxi signal - Al Qouz Ind.second - Al Quoz - Dubai - United Arab Emirates,Al Quoz Dubai,Dubai,+971 58 590 5109,miraclefitnesssports@gmail.com,https://miraclefitnessuae.com/,4.9,350,google_maps,2026-03-12T23:22:44.483704+00:00
Mirzam Chocolate Makers Factory & Store,Martial Arts,Al Ghurair Warehouse complex - 4th St - Al Qouz Third - Dubai - United Arab Emirates,Al Quoz Dubai,Dubai,+97143335888,,http://mirzam.com/,4.6,1690,google_maps,2026-03-13T07:19:18.732408+00:00
Muaythai Muppets,"MMA, Muay Thai, Kickboxing, Boxing, Taekwondo, Martial Arts",4B St - Al Qouz Ind.first - Al Quoz - Dubai - United Arab Emirates,Al Quoz Dubai,Dubai,+97132618185,,http://www.muaythaimuppetsmasterclass.com/,5.0,70,google_maps,2026-03-12T14:13:39.923969+00:00
OXO GYM,Kickboxing,16A St - near NOOR AL SHANDAGHA KITCHEN - Al Qouz Ind.fourth - Al Quoz - Dubai - United Arab Emirates,Al Quoz Dubai,Dubai,+971 52 696 5287,,https://oxogymdubai.com/,4.2,36,google_maps,2026-03-12T21:48:49.614795+00:00
Odinaev club,Taekwondo,15A St - Al Qouz Ind.first - Al Quoz - Dubai - United Arab Emirates,Al Quoz Dubai,Dubai,+971 50 160 4948,info@faceoffgym.com,https://faceoffgym.com/,4.8,,google_maps,2026-03-13T04:52:33.715756+00:00
Personal Trainers Dubai,Boxing,12a St - Al Qouz Ind.first - Al Quoz - Dubai - United Arab Emirates,Al Quoz Dubai,Dubai,+971 56 297 7049,,,4.9,37,google_maps,2026-03-12T23:24:42.307299+00:00
PowerLife Boxing,"MMA, Muay Thai, Kickboxing, Boxing, Karate, Taekwondo, Martial Arts",Al Joud Building - 1 15A St - Al Qouz Ind.first - Al Quoz - Dubai - United Arab Emirates,Al Quoz Dubai,Dubai,+971 56 699 3677,,https://www.plxdxb.com/,5.0,16,google_maps,2026-03-12T14:13:15.847504+00:00
Probox,Boxing,Al Qouz Ind.third - Al Quoz - Dubai - United Arab Emirates,Al Quoz Dubai,Dubai,,wbochamp@gmail.com,https://www.probox.net/?utm_source=google&utm_medium=wix_google_business_profile&utm_campaign=15856605538471374707,,,google_maps,2026-03-12T23:25:23.001401+00:00
REPs UAE,Boxing,"Office 208, Building 7, Gold and Diamond Park - Dubai - United Arab Emirates",Al Quoz Dubai,Dubai,+97143213388,,http://www.repsuae.com/,4.6,106,google_maps,2026-03-12T23:24:25.083610+00:00
Ready Set Go!,Martial Arts,"Al Quoz 3, Al Ghurair Warehouse complex, Block D - Dubai - United Arab Emirates",Al Quoz Dubai,Dubai,+97142299989,%20info@readysetgo.ae; info@readysetgo.ae,http://www.readysetgo.ae/,4.5,1863,google_maps,2026-03-13T07:19:28.228602+00:00
Ringside gym al quoz,"MMA, Muay Thai, Kickboxing, Boxing, Karate, Taekwondo, Martial Arts",Temporarily Closed - Al Qouz Third - Al Quoz - Dubai - United Arab Emirates,Al Quoz Dubai,Dubai,+971 50 520 1933,tigerkickboxinguae@gmail.com; tigeracademyuae@gmail.com,http://tigerkickboxing.com/,4.8,71,google_maps,2026-03-12T14:13:33.490805+00:00
Rocky Road Boxing Club,"MMA, Kickboxing, Boxing, Taekwondo, Martial Arts",4th St - Al Qouz Ind.third - Al Quoz - Dubai - United Arab Emirates,Al Quoz Dubai,Dubai,+971 58 565 5365,hello@rockyroadteam.ae,http://rockyroadteam.ae/welcome,4.9,103,google_maps,2026-03-12T14:13:41.500243+00:00
RoshiRoss Fitness Studio,Boxing,"Mezzanine 14, Al Joud Centre - 15A St - Al Qouz Ind.first - Al Quoz - Dubai - United Arab Emirates",Al Quoz Dubai,Dubai,+971 50 981 1800,roshirostami@gmail.com,http://roshiross.com/,4.8,16,google_maps,2026-03-12T23:25:10.889577+00:00
Round 10 Boxing Club - Boxing Gym Dubai,"MMA, Muay Thai, Kickboxing, Boxing, Karate, Judo, Taekwondo, Martial Arts",Warehouse 42 First Al Khail St - opposite Al Serkal Avenue - Al Qouz Ind.first - Al Quoz - Dubai - United Arab Emirates,Al Quoz Dubai,Dubai,+97143380101,info@round10boxing.com,https://round10boxing.com/,4.8,177,google_maps,2026-03-12T14:13:19.071025+00:00
Shaolin Kung Fu Academy - Al Quoz,"MMA, Kickboxing, Boxing, Karate, Taekwondo, Martial Arts",Just Play Sports Complex - 15A St - Al Qouz Ind.first - Al Quoz - Dubai - United Arab Emirates,Al Quoz Dubai,Dubai,+971 58 133 6399,,https://www.shaolinkungfudubai.com/,5.0,56,google_maps,2026-03-12T14:13:35.149184+00:00
StrongHold by DMC,"Boxing, Taekwondo",17B St - Al Qouz Ind.third - Al Quoz - Dubai - United Arab Emirates,Al Quoz Dubai,Dubai,+971 58 828 5344,info@karate-school.ae,http://karate-school.ae/,4.6,14,google_maps,2026-03-12T23:25:02.305414+00:00
TKO Muay thai,"MMA, Muay Thai, Kickboxing, Boxing, Karate, Taekwondo, Martial Arts",565M+QV3 - Al Qouz Third - Al Quoz - Dubai - United Arab Emirates,Al Quoz Dubai,Dubai,+971 50 765 2502,,https://www.instagram.com/tkomuaythai.ae?igsh=amloMXVtYmJndmZ6,4.9,13,google_maps,2026-03-12T14:13:43.090861+00:00
TNT COMBAT SPORTS & FITNESS,"BJJ, MMA, Muay Thai, Kickboxing, Boxing, Wrestling, Judo, Taekwondo, Martial Arts",Al joud center office M11 - Dubai - United Arab Emirates,Al Quoz Dubai,Dubai,+971 58 503 0150,,https://warrioracademy.ae/class-times/dubai-arjan-class-times/?utm_source=localmaps&utm_medium=gmb&utm_campaign=Arjan,5.0,32,google_maps,2026-03-12T13:29:54.144859+00:00
Team karaki,"MMA, Kickboxing, Boxing, Judo, Taekwondo, Martial Arts",Al Qouz Ind.third - Al Quoz - Dubai - United Arab Emirates,Al Quoz Dubai,Dubai,+971 52 322 2514,info@schooloflifeuae.com,https://schooloflifeuae.com/,5.0,,google_maps,2026-03-12T14:14:04.095551+00:00
The Alpha Club MMA & FITNESS CENTRE,"MMA, Muay Thai, Kickboxing, Boxing, Karate, Judo, Taekwondo, Martial Arts",26th St - Al Qouz Ind.fourth - Al Quoz - Dubai - United Arab Emirates,Al Quoz Dubai,Dubai,+971 56 863 9020,thealphaclubmma@gmail.com; jane@framer.com,https://thealphaclubdxb.com/,4.9,28,google_maps,2026-03-12T14:13:01.493987+00:00
The Circuit Factory - Al Quoz,Boxing,Globe Trading Alley - WH 2 - Al Qouz Ind.third - Al Quoz - Dubai - United Arab Emirates,Al Quoz Dubai,Dubai,+971 50 416 6039,info@circuitfactory.ae,http://www.circuitfactory.ae/,4.7,72,google_maps,2026-03-12T23:23:25.181801+00:00
The Locker Gym,Boxing,"The Locker Gym 318th Road, Al Qouz 4, Dubai UAE Plot No. 369-266 - Dubai - United Arab Emirates",Al Quoz Dubai,Dubai,+97143285269,info.domain@gmail.com,https://thelocker.ae/,4.9,54,google_maps,2026-03-12T23:23:49.293743+00:00
The Project DXB,Boxing,15A St - Al Qouz Ind.first - Al Quoz - Dubai - United Arab Emirates,Al Quoz Dubai,Dubai,+971 50 499 4680,,https://www.theprojectdxb.com/,5.0,23,google_maps,2026-03-12T23:25:13.908919+00:00
The Zone Wellness Hub,Boxing,Warehouse 7 15 St - inside TYB Complex - Al Qouz Ind.third - Al Quoz - Dubai - United Arab Emirates,Al Quoz Dubai,Dubai,+971 58 564 9528,,https://www.thezonewellnesshub.com/,4.9,256,google_maps,2026-03-12T23:25:29.051387+00:00
VIC SPORTS COMPLEX,"Muay Thai, Kickboxing, Boxing, Martial Arts",17B St - Al Qouz Ind.third - Al Quoz - Dubai - United Arab Emirates,Al Quoz Dubai,Dubai,+971 56 711 2110,,http://www.vicsportscomplex.com/,4.5,63,google_maps,2026-03-12T20:29:31.364472+00:00
mytrainer.ae,Boxing,Al Quoz Pond Park - Ghadeer Al Tair - Al Quoz - Dubai - United Arab Emirates,Al Quoz Dubai,Dubai,+971 58 588 1170,,https://mytrainer.ae/,5.0,9,google_maps,2026-03-12T23:25:20.054422+00:00
BLITZ Reem Island | Best HIIT Workout on Reem Island,"Kickboxing, Boxing","Shams Boutik, Top Floor - Within GymNation - Al Reem Island - Shams Abu Dhabi - Abu Dhabi - United Arab Emirates",Al Reem Island Abu Dhabi,Abu Dhabi,+971 50 387 9662,sophie@gymnation.com; aldrin@gymnation.com; dhaivat@gymnation.com,https://gymnation.com/hiitworkout/,4.9,175,google_maps,2026-03-12T22:19:25.890079+00:00
Bio Women Body Fitness Center,Kickboxing,ahmed bin hamed al ahmed st - Al Zahiyah - E14 - Abu Dhabi - United Arab Emirates,Al Reem Island Abu Dhabi,Abu Dhabi,+97125757665,,,4.8,113,google_maps,2026-03-12T22:20:52.983621+00:00
Body Craft gym,"Kickboxing, Boxing",37 شارع الدَّبَّاس - Al Khalidiyah - W9 - Abu Dhabi - United Arab Emirates,Al Reem Island Abu Dhabi,Abu Dhabi,+971 50 442 0620,,https://www.instagram.com/athlongym_uae?igsh=cXlpOWt1MXFsNmRj,3.9,21,google_maps,2026-03-12T22:21:47.771593+00:00
BodyProject UAE,"Kickboxing, Boxing",By The Sea Tower - Al Reem Island - RS3 - Abu Dhabi - United Arab Emirates,Al Reem Island Abu Dhabi,Abu Dhabi,+971 54 499 7822,,https://www.bodyprojectuae.com/,4.9,55,google_maps,2026-03-12T22:19:29.088267+00:00
"CRAZY FITNESS GYM - Navy Gate, Tourist Club Area | Abu Dhabi",Boxing,BBC Restaurant & Grills Building(New - M Floor - 02 Al Zahiyah St - next to BIGMART Hypermarket - Al Zahiyah - E16 02 - Abu Dhabi - United Arab Emirates,Al Reem Island Abu Dhabi,Abu Dhabi,+971 50 277 8801,,,4.9,400,google_maps,2026-03-13T00:18:21.138335+00:00
Concept Sports Consultancy and Studies,Kickboxing,Main Office Corniche Rd - Zone 1E1 - Al Reem Island - Marina Square - Abu Dhabi - United Arab Emirates,Al Reem Island Abu Dhabi,Abu Dhabi,+61406016003,,,5.0,45,google_maps,2026-03-12T22:19:27.489859+00:00
E burn Gym & Fitness Club,Kickboxing,Bloom Central - Office 502 - Hazza ' Bin Zayed The First St - Al Manhal - Al Tibbiya - Abu Dhabi - United Arab Emirates,Al Reem Island Abu Dhabi,Abu Dhabi,+971 56 404 9040,,https://eburnfitness.ae/,4.4,29,google_maps,2026-03-12T22:21:42.268379+00:00
Eagle Gym - Hamdan St.,Kickboxing,"City Centre Building, A Block, Office #205 - Abu Dhabi - United Arab Emirates",Al Reem Island Abu Dhabi,Abu Dhabi,+971 52 480 3249,,https://www.facebook.com/Eagle-gym-hamdan-109152774660530/,4.4,43,google_maps,2026-03-12T22:21:02.873274+00:00
Eldorado Fitness Gym,Boxing,Al Danah - E10 - Abu Dhabi - United Arab Emirates,Al Reem Island Abu Dhabi,Abu Dhabi,+971 50 777 3941,,http://www.eldoradogym.com/,4.4,189,google_maps,2026-03-13T00:20:18.336329+00:00
F45 Training Al Maryah Island,Boxing,ACTIVE Sports Pavillion - Al Maryah St - Al Maryah Island - MI11 - Abu Dhabi - United Arab Emirates,Al Reem Island Abu Dhabi,Abu Dhabi,+971 56 332 3113,almaryahisland@f45training.ae; almaryahisland.admin@f45training.ae,https://f45training.com/ae/studio/almaryahisland/,4.7,85,google_maps,2026-03-13T00:18:46.490537+00:00
F45 Training Shams Al Reem,"Kickboxing, Boxing",Horizon Tower - Ar Reem St - Al Reem Island - Tamouh - Abu Dhabi - United Arab Emirates,Al Reem Island Abu Dhabi,Abu Dhabi,+971 58 567 0045,shamsalreem@f45training.ae; shamsalreem.admin@f45training.ae,https://f45training.ae/shamsalreem/home,4.9,57,google_maps,2026-03-12T22:20:05.082847+00:00
FIGHT FOR FITNESS,"Kickboxing, Boxing",Al Nahyan - E19 02 - Abu Dhabi - United Arab Emirates,Al Reem Island Abu Dhabi,Abu Dhabi,+971 50 927 7675,,,5.0,1,google_maps,2026-03-12T22:21:49.463905+00:00
Fit N Fight Martial Arts,"Kickboxing, Karate, Taekwondo, Martial Arts",16th Street - Al Zahiyah - E15 - Abu Dhabi - United Arab Emirates,Al Reem Island Abu Dhabi,Abu Dhabi,+971 56 201 4172,,,,,google_maps,2026-03-12T22:21:35.773370+00:00
Fit Novelty | Personal Trainer Abu Dhabi,Boxing,Marina Bay Two C3 - Abu Dhabi - United Arab Emirates,Al Reem Island Abu Dhabi,Abu Dhabi,+971 56 182 5201,info@fitnovelty.com,https://fitnovelty.com/?utm_source=google&utm_medium=organic&utm_campaign=gmb-listing,4.4,9,google_maps,2026-03-13T00:19:44.636133+00:00
FitnGlam Women’s SuperClub Reem Mall,"Kickboxing, Boxing",Reem Mall - First floor - Al Reem Island - Najmat Abu Dhabi - Abu Dhabi - United Arab Emirates,Al Reem Island Abu Dhabi,Abu Dhabi,+97126654073,hello@fitnglam.ae,https://fitnglam.ae/?utm_source=gmb,3.9,305,google_maps,2026-03-12T22:19:19.347340+00:00
Forca fitness studio,Kickboxing,120 Muroor Rd - Al Danah - Zone 1 - Abu Dhabi - United Arab Emirates,Al Reem Island Abu Dhabi,Abu Dhabi,+971 54 417 7108,,,4.8,23,google_maps,2026-03-12T22:21:22.600968+00:00
GMNSM,"BJJ, Judo",Reem Mall - Al Reem Island - Najmat Abu Dhabi - Abu Dhabi - United Arab Emirates,Al Reem Island Abu Dhabi,Abu Dhabi,+97145122000,,https://gmnsm.com/,4.0,4,google_maps,2026-03-12T13:51:02.344742+00:00
"Green World Safety | NEBOSH Course Training Institute in Abu Dhabi, United Arab Emirates",Martial Arts,"No. 510, 5th Floor Madinat Zayed Tower (Old FAB Building Opposite Madinat Zayed Shopping Center Muroor Road, Next to Tasheel Building - Abu Dhabi - United Arab Emirates",Al Reem Island Abu Dhabi,Abu Dhabi,+971 55 310 0292,info@greenwgroup.com; sales.uae4@greenwgroup.com; kiruthiga.s@greenwgroup.com,https://greenwgroup.ae/nebosh-igc-course-training-abu-dhabi/,4.6,148,google_maps,2026-03-13T08:08:20.753403+00:00
GymNation Reem Island | Best Gym in Abu Dhabi,"Muay Thai, Kickboxing, Boxing","Shams Boutik, Reem Island - Top Floor - Al Reem Island - Shams Abu Dhabi - Dubai - United Arab Emirates",Al Reem Island Abu Dhabi,Dubai,+97133614802,sophie@gymnation.com; aldrin@gymnation.com; dhaivat@gymnation.com,https://gymnation.com/gymsnearme/reem-island/,4.8,6438,google_maps,2026-03-12T21:01:07.583090+00:00
IFANIA GYM,"Boxing, Karate",F9G4+RPJ - Al Hisn - W4 - Abu Dhabi - United Arab Emirates,Al Reem Island Abu Dhabi,Abu Dhabi,+971 55 650 8049,,,5.0,20,google_maps,2026-03-13T00:20:21.548180+00:00
JKA Shotokan Karate Development Abu Dhabi,"Kickboxing, Boxing, Karate, Taekwondo, Martial Arts","P50 Building, ADCP Tower - B - 1105 - D, Electra Street - Al Danah - Zone 1 - Abu Dhabi - United Arab Emirates",Al Reem Island Abu Dhabi,Abu Dhabi,+971 52 265 2848,,,5.0,5,google_maps,2026-03-12T22:21:17.799129+00:00
James Certified Personal Trainer And Boxing Coach,Boxing,F9R8+34P - Al Danah - Zone 1 - Abu Dhabi - United Arab Emirates,Al Reem Island Abu Dhabi,Abu Dhabi,+971 52 127 4002,,,,,google_maps,2026-03-13T00:20:15.244364+00:00
Knight Shot Abu Dhabi (Knight Cue Sports Equipment Trading L.L.C.),Boxing,"Parking Level 2, 2nd Link Extention Bridge, Al Wahda Mall - Hthayman Street - Abu Dhabi - United Arab Emirates",Al Reem Island Abu Dhabi,Abu Dhabi,+971 52 103 2929,,https://www.knightshot.com/,4.8,148,google_maps,2026-03-13T00:20:12.953358+00:00
Masters Martial Arts Training Centre - Muroor Branch,"Kickboxing, Karate, Taekwondo, Martial Arts",al marwu street - Al Nahyan - E25 - Abu Dhabi - United Arab Emirates,Al Reem Island Abu Dhabi,Abu Dhabi,+971 50 856 9071,,,5.0,2,google_maps,2026-03-12T22:21:29.199473+00:00
Muay Thai Fight Club,"MMA, Muay Thai, Boxing, Karate, Taekwondo, Martial Arts",Horizon Towers - 243 Ar Reem St - Al Reem Island - Tamouh - Abu Dhabi - United Arab Emirates,Al Reem Island Abu Dhabi,Abu Dhabi,+971 56 912 4424,abdulwahabsamhan@outlook.com,https://www.muaythaifightclub.ae/,5.0,7,google_maps,2026-03-12T14:24:26.732821+00:00
N and T taekwondo center and gym,"Kickboxing, Karate, Taekwondo, Martial Arts",Khalifa bin zayed the first st - Freej Al ʹTeebat St - Abu Dhabi - United Arab Emirates,Al Reem Island Abu Dhabi,Abu Dhabi,+971 56 261 1459,,https://taekwondouae.com/,3.0,2,google_maps,2026-03-12T22:21:51.079104+00:00
Nataly Fitness and Beauty Center,Kickboxing,165 شارع الحُوريَّة - Al Hisn - W4 - Abu Dhabi - United Arab Emirates,Al Reem Island Abu Dhabi,Abu Dhabi,+97126657688,natalie.b.f2016@gmail.com,http://www.natalybeautyandfitness.com/,4.1,30,google_maps,2026-03-12T22:21:32.513467+00:00
Nippon Karate Centre TCA Branch,"Kickboxing, Karate, Taekwondo, Martial Arts",Al Zahiyah St - Al Zahiyah - E14 - Abu Dhabi - United Arab Emirates,Al Reem Island Abu Dhabi,Abu Dhabi,+971 50 978 7555,info@themezinho.net; plessymolpaulose@gmail.com; nkcuae@gmail.com,http://www.nipponkarateuae.com/,4.9,28,google_maps,2026-03-12T22:21:14.537741+00:00
"Oriental Karate & Kobudo Club, Al Reem","BJJ, Muay Thai, Kickboxing, Boxing, Karate, Judo, Taekwondo, Martial Arts","Ocean Terrace - Tower 1, office 402 - Al Reem Island - Marina Square - Abu Dhabi - United Arab Emirates",Al Reem Island Abu Dhabi,Abu Dhabi,+97126216620,karate@emirates.net.ae,http://www.orientalkarate.com/,4.9,46,google_maps,2026-03-12T13:51:16.596712+00:00
PLATFORM Studios - Reem Mall,"Kickboxing, Boxing, Karate, Taekwondo, Martial Arts",Reem Mall - First floor - Al Reem Island - Najmat Abu Dhabi - Abu Dhabi - United Arab Emirates,Al Reem Island Abu Dhabi,Abu Dhabi,+97126672920,,https://www.theplatformstudios.com/,4.6,222,google_maps,2026-03-12T22:19:12.721643+00:00
Personal Trainer High Performance,Martial Arts,Abdullah Omran Taryam St - Al Reem Island - RR3 - Abu Dhabi - United Arab Emirates,Al Reem Island Abu Dhabi,Abu Dhabi,+971 55 260 8900,,https://instagram.com/coach_jp_guilherme?igshid=NTc4MTIwNjQ2YQ==,4.9,28,google_maps,2026-03-13T08:07:57.830844+00:00
Phi - Sports Academy,"Muay Thai, Kickboxing, Boxing, Karate, Judo, Taekwondo, Martial Arts",Al Reem Island - RT3 - Abu Dhabi - United Arab Emirates,Al Reem Island Abu Dhabi,Abu Dhabi,+971 56 431 2434,,http://www.hydraproperties.com/,4.3,71,google_maps,2026-03-12T21:01:17.016335+00:00
Power on Fitness Center Abu Dhabi,Kickboxing,ELECTRA STREET ADCP Tower -D - Abu Dhabi - United Arab Emirates,Al Reem Island Abu Dhabi,Abu Dhabi,+97126658880,,,4.2,85,google_maps,2026-03-12T22:21:16.145804+00:00
Prime Sports,Boxing,Al Danah - Zone 1 - Abu Dhabi - United Arab Emirates,Al Reem Island Abu Dhabi,Abu Dhabi,+97126212124,,,4.3,33,google_maps,2026-03-13T00:20:06.805439+00:00
Ramada gym,Kickboxing,Al Zahiyah - E14 - Abu Dhabi - United Arab Emirates,Al Reem Island Abu Dhabi,Abu Dhabi,+971 50 806 3768,,,5.0,1,google_maps,2026-03-12T22:21:57.615218+00:00
Rock Gym Body Building & Fitness,"Kickboxing, Boxing",Hamdan Bin Mohammed St - Al Danah - Zone 1 - Abu Dhabi - United Arab Emirates,Al Reem Island Abu Dhabi,Abu Dhabi,+97126771010,,,4.2,96,google_maps,2026-03-12T22:21:07.753290+00:00
SSS Sun & Sand Sports,"Boxing, Taekwondo, Martial Arts",F9WC+GPX Building - Hamdan Bin Mohammed St - near Royal City market - Al falah - Zone 1 - Abu Dhabi - United Arab Emirates,Al Reem Island Abu Dhabi,Abu Dhabi,+97126732383,privacy@gmg.com; customercare@sunandsandsports.com,https://en-ae.sssports.com/stores?showMap=true&horizontalView=true&isForm=true,3.9,841,google_maps,2026-03-13T00:20:42.683126+00:00
Samurai Martial Arts Academy - L.L.C,"Kickboxing, Boxing, Karate, Taekwondo, Martial Arts",Al Noor Tower - M-01 - opposite Sheraton - Al Khalidiyah - Abu Dhabi - United Arab Emirates,Al Reem Island Abu Dhabi,Abu Dhabi,+971 50 181 1741,info@samuraiuae.club,https://www.samuraiuae.club/,5.0,8,google_maps,2026-03-12T22:21:30.911858+00:00
Silver Gym,"Kickboxing, Boxing",4007 - Hamdan شارع 5 - Al Danah - Zone 1 - Abu Dhabi - United Arab Emirates,Al Reem Island Abu Dhabi,Abu Dhabi,+971 52 570 0388,,https://www.facebook.com/silvergymabudhabi/,4.1,93,google_maps,2026-03-12T22:21:52.711528+00:00
Silver star fitness club,"Kickboxing, Boxing",405 - Zone 3 - 01 Hamdan Bin Mohammed St - Abu Dhabi - United Arab Emirates,Al Reem Island Abu Dhabi,Abu Dhabi,+971 55 153 5516,,,4.5,41,google_maps,2026-03-12T22:21:12.924830+00:00
SoreApp Fitness Limited,Boxing,Sky Tower - 35th Floor - Al Reem Island - Shams Abu Dhabi - Abu Dhabi - United Arab Emirates,Al Reem Island Abu Dhabi,Abu Dhabi,+97124956737,,,5.0,4,google_maps,2026-03-13T00:17:03.804248+00:00
Spin Dance Studio,Kickboxing,Bilshuʹoum St - Al Reem Island - RS2 - Abu Dhabi - United Arab Emirates,Al Reem Island Abu Dhabi,Abu Dhabi,+971 56 433 3228,,,5.0,7,google_maps,2026-03-12T22:21:55.962705+00:00
Star Karate Centre,"Kickboxing, Karate, Judo, Taekwondo, Martial Arts",Al Nahyan - E25 - Abu Dhabi - United Arab Emirates,Al Reem Island Abu Dhabi,Abu Dhabi,+97126224420,,,4.9,9,google_maps,2026-03-12T22:21:44.040542+00:00
Storm Fitness Center,Kickboxing,Al Najdah Street - Al Danah - Zone 1 - Abu Dhabi - United Arab Emirates,Al Reem Island Abu Dhabi,Abu Dhabi,+97126435563,,https://www.instagram.com/stormgymfitness/,4.2,31,google_maps,2026-03-12T22:21:27.492894+00:00
Train N Go - Al Falah Ladies Gym,"Kickboxing, Boxing, Karate, Taekwondo, Martial Arts",Al Falah St - Al Danah - Zone 1 - Abu Dhabi - United Arab Emirates,Al Reem Island Abu Dhabi,Abu Dhabi,+971 55 750 0329,,https://trainngouae.com/,4.6,25,google_maps,2026-03-12T22:21:19.394978+00:00
Ultimate Sports Supplies LLC,Boxing,Al Meena St - Al Zahiyah - E13 - Abu Dhabi - United Arab Emirates,Al Reem Island Abu Dhabi,Abu Dhabi,+971 50 315 8184,,,5.0,9,google_maps,2026-03-13T00:20:39.621361+00:00
Universal Fitness,Boxing,Silver Tower - Khalifa Bin Zayed The First St - Al Danah - Zone 1 - Abu Dhabi - United Arab Emirates,Al Reem Island Abu Dhabi,Abu Dhabi,+971 50 404 3644,,,4.1,28,google_maps,2026-03-13T00:19:56.185623+00:00
WANKAN KARATE CLUB,"Kickboxing, Karate, Taekwondo, Martial Arts",E20_1 - Building- 1293 Al Mamura - Al Nahyan - Zone 1 - Abu Dhabi - United Arab Emirates,Al Reem Island Abu Dhabi,Abu Dhabi,+971 56 568 9692,support@aikiwaydojo.com,http://www.aikiwaydojo.com/,5.0,27,google_maps,2026-03-12T22:21:38.959727+00:00
ZEUS Personal Training,"Muay Thai, Kickboxing, Boxing, Karate, Taekwondo, Martial Arts","Hydra Avenue Towers - Ground Floor, C6 - near Carrefour Supermarket - Al Reem Island - RT3 - Abu Dhabi - United Arab Emirates",Al Reem Island Abu Dhabi,Abu Dhabi,+971 50 710 7392,zeus.sportsandfitness@gmail.com,https://zeusfitnessuae.com/,4.9,171,google_maps,2026-03-12T21:01:09.162777+00:00
avibes,Kickboxing,Aryam Tower C - 107 Meena Rd - Al Zahiyah - E14 - Abu Dhabi - United Arab Emirates,Al Reem Island Abu Dhabi,Abu Dhabi,+971 50 279 1871,,http://avibes.ae/,5.0,18,google_maps,2026-03-12T22:21:24.211814+00:00
Al Noon Sport,"Karate, Taekwondo, Martial Arts",14 Street 25 - Al Qouz Ind.fourth - Al Quoz - Dubai - United Arab Emirates,Arabian Ranches Dubai,Dubai,+97143235775,,,4.3,20,google_maps,2026-03-13T02:07:33.094076+00:00
Arabian Ranches 3,"BJJ, Kickboxing",Wadi Al Safa 5 - Dubai - United Arab Emirates,Arabian Ranches Dubai,Dubai,+97148738888,,https://properties.emaar.com/en/our-communities/arabian-ranches-iii/,4.4,167,google_maps,2026-03-12T13:48:20.257086+00:00
BearBones Studio,Kickboxing,Me'aisem First - Dubai Production City - Dubai - United Arab Emirates,Arabian Ranches Dubai,Dubai,,,https://www.bearbones.studio/,5.0,6,google_maps,2026-03-12T22:11:38.460338+00:00
Black Lion Karate Yoga Yogasana Sports & Kick Boxing (Al Nahda Karate),Muay Thai,Jumeira 3 Al Wasl Road - Al Bailee Street - Dubai - United Arab Emirates,Arabian Ranches Dubai,Dubai,+971 55 866 0771,,,5.0,28,google_maps,2026-03-12T20:56:34.539907+00:00
Boxica Studio City,"BJJ, MMA, Muay Thai, Kickboxing, Boxing, Karate, Judo, Taekwondo, Martial Arts",1-2 The Hive Building - Dubai Studio City - Dubai - United Arab Emirates,Arabian Ranches Dubai,Dubai,+971 55 483 8361,,http://boxica.ae/,4.9,352,google_maps,2026-03-12T13:46:56.339654+00:00
"Cleopatra Swimming Academy - Al Barsha 2 ""Smart Vision School""","Karate, Martial Arts",25 - 107724 55.212765 - Al Barsha Second - Al Barsha - Dubai - United Arab Emirates,Arabian Ranches Dubai,Dubai,+971 54 456 7555,info@cleopatrasport.com,https://cleopatrasport.com/swimming-class/,4.8,13,google_maps,2026-03-13T02:08:59.272458+00:00
Gamboa boxing coach,"Boxing, Karate, Martial Arts",Wadi Al Safa 3 - Majan - Dubai - United Arab Emirates,Arabian Ranches Dubai,Dubai,+971 58 220 2464,,https://www.instagram.com/gamboa.coach?igsh=azQ2MXlkYjczZThj&utm_source=qr,5.0,3,google_maps,2026-03-13T00:02:39.813170+00:00
Hwa Rang Martial Arts Club - ITF Certified Taekwon-Do @GEMS Al Waha,"Karate, Taekwondo, Martial Arts",27MJ+VQC - Wadi Al Safa 7 - Dubai - United Arab Emirates,Arabian Ranches Dubai,Dubai,+971 56 785 2822,dubaitaekwondoacademy@gmail.com,http://www.hwarangclub.com/,5.0,,google_maps,2026-03-13T02:09:02.274282+00:00
Hwa Rang TKD Martial Arts Club - ITF Certified Taekwon-Do @ LLFPM,"Karate, Taekwondo",Nad Al Sheba - Dubai - United Arab Emirates,Arabian Ranches Dubai,Dubai,+971 56 785 2822,dubaitaekwondoacademy@gmail.com,http://www.hwarangclub.com/,5.0,5,google_maps,2026-03-13T02:08:10.762005+00:00
Impulse Self Defence,"Karate, Taekwondo, Martial Arts",Al Hebiah First - Dubai Studio City - Dubai - United Arab Emirates,Arabian Ranches Dubai,Dubai,+971 50 438 9471,hello@impulseselfdefence.com,http://www.impulseselfdefence.com/,5.0,6,google_maps,2026-03-13T02:03:34.984112+00:00
Infinite Combat - Damac Hills,"Karate, Martial Arts",School - Jebel Ali - DAMAC Hills - Dubai - United Arab Emirates,Arabian Ranches Dubai,Dubai,+971 52 686 1905,,,,,google_maps,2026-03-13T02:06:59.291976+00:00
JKA Shotokan Karate Do - Al Furjan Club,"Karate, Judo, Taekwondo","Clubhouse, Karate Studio - Jebel Ali Village - Al Furjan - Dubai - United Arab Emirates",Arabian Ranches Dubai,Dubai,+971 58 583 4064,,http://www.jkauae.com/,5.0,2,google_maps,2026-03-13T02:07:47.230039+00:00
JKA Shotokan Karate Sessions - Dubai Hills,"Kickboxing, Karate, Taekwondo, Martial Arts",Maple 3 community - Hadaeq Sheikh Mohammed Bin Rashid - Dubai Hills - Dubai - United Arab Emirates,Arabian Ranches Dubai,Dubai,+971 52 539 9102,,,,,google_maps,2026-03-12T22:11:44.931955+00:00
"MK Fencing Academy Dubai, United Arab Emirates","Karate, Taekwondo, Martial Arts",Hamdan Sports Complex - Madinat Hind 2 - Dubai - United Arab Emirates,Arabian Ranches Dubai,Dubai,+971 50 144 2355,fence@mkfencingacademy.com; info@mkfencingacademy.com,http://www.mkfencingacademy.com/,4.6,34,google_maps,2026-03-13T02:07:30.000388+00:00
MMA Fitness Center - Barsha Heights,MMA,Vista Tower - Al Thuraya St - Al Thanyah First - Barsha Heights - Dubai - United Arab Emirates,Arabian Ranches Dubai,Dubai,+97143618131,,,4.3,352,google_maps,2026-03-12T14:22:12.217727+00:00
Okinawa Karate Martial Arts Club,"Karate, Taekwondo, Martial Arts",Al - Wadi Al Safa 3 - Al Barari - Dubai - United Arab Emirates,Arabian Ranches Dubai,Dubai,+971 56 476 0340,,https://www.okinawakarateuae.com/,,,google_maps,2026-03-13T02:05:34.707865+00:00
Optimal Fitness,Boxing,Al Qudra Rd - Al Hebiah Second - Dubai Studio City - Dubai - United Arab Emirates,Arabian Ranches Dubai,Dubai,+971 56 808 2386,,https://optimalfitness.ae/,4.7,183,google_maps,2026-03-13T00:00:49.806672+00:00
Pinpoint Fitness - Ranches Souk,"Kickboxing, Boxing",The Ranches Souk - Al Qudra Rd - Arabian Ranches 2 - Dubai - United Arab Emirates,Arabian Ranches Dubai,Dubai,+971 50 891 5191,impallari@gmail.com; team@latofonts.com,http://pinpointfitness.net/,4.5,241,google_maps,2026-03-12T22:10:25.436727+00:00
Project Fitness,Boxing,Sarab Community - Majan - Dubai - United Arab Emirates,Arabian Ranches Dubai,Dubai,+97143258432,,,4.7,73,google_maps,2026-03-13T00:03:00.849174+00:00
SafeFit - Arabian Ranches 2,Boxing,The Ranches Souk - Wadi Al Safa 7 - Arabian Ranches 2 - Dubai - United Arab Emirates,Arabian Ranches Dubai,Dubai,+971 54 447 3095,,https://safefitstudios.com/,4.9,23,google_maps,2026-03-13T00:01:15.938500+00:00
Shaolin Kung Fu Academy - Damac Hills,"Kickboxing, Karate",community Centre - Al Hebiah Third - DAMAC Hills - Dubai - United Arab Emirates,Arabian Ranches Dubai,Dubai,+971 58 133 6399,,https://www.shaolinkungfudubai.com/,,,google_maps,2026-03-12T22:12:06.086694+00:00
Veo Arabian Ranches 2,Boxing,The Leisure Center - Wadi Al Safa 7 - Arabian Ranches 2 - Dubai - United Arab Emirates,Arabian Ranches Dubai,Dubai,+971 80 083 6496,,https://www.veofitness.com/en/,4.9,165,google_maps,2026-03-13T00:00:38.669165+00:00
We Fitness,"Kickboxing, Boxing",Andalusia Courtyard Mall - next to Carrefour and Living Legends Community - Dubai - United Arab Emirates,Arabian Ranches Dubai,Dubai,+971 58 568 3008,,http://wefitnessdxb.carrd.co/,4.9,30,google_maps,2026-03-12T22:11:01.377106+00:00
Wonderful Me After School Club Activities,"Karate, Taekwondo, Martial Arts",The Iridium - Al Barsha First - Al Barsha - Dubai - United Arab Emirates,Arabian Ranches Dubai,Dubai,+971 58 565 1990,info@thewonderfulme.com,http://thewonderfulme.com/,4.9,295,google_maps,2026-03-13T02:06:56.246103+00:00
AB FITNESS,"MMA, Kickboxing, Boxing, Taekwondo, Martial Arts",Madinat Dubai Al Melaheyah - Port Rashid - Dubai - United Arab Emirates,Bur Dubai,Dubai,+97143418663,info@abfitness.ae,http://www.abfitness.ae/,4.5,607,google_maps,2026-03-12T14:16:31.133467+00:00
Black Lion Karate Yoga Yogasana Sports & Kick Boxing (Al Nahda Karate),"MMA, Muay Thai, Kickboxing, Karate, Taekwondo, Martial Arts",Gernata St - Hay Al Nahda - Sharjah - United Arab Emirates,Bur Dubai,Sharjah,+971 56 842 1810,,,5.0,87,google_maps,2026-03-12T14:16:24.607680+00:00
Bright Future Training Institute,Martial Arts,"NBQ Bank Building - Suite 404, fourth floor - Khalid Bin Al Waleed Rd - Bur Dubai - United Arab Emirates",Bur Dubai,Dubai,+971 55 923 4565,enquiry@bftraining.ae,https://bftraining.ae/,4.7,724,google_maps,2026-03-13T07:26:31.567333+00:00
Cosmos Sports,Martial Arts,36 Bin Easa Mubarak - Zaa'beel St - Al Karama - Dubai - United Arab Emirates,Bur Dubai,Dubai,+97148844808,salesknr@cosmossports.in; mllegeorgesand@gmail.com; salesclt2@cosmossports.in,https://gocosmossports.com/,4.1,717,google_maps,2026-03-13T07:26:48.003419+00:00
Dalong Tai Chi Flow - Bur Dubai,"Taekwondo, Martial Arts",The Waves Residence - Al Mankhool - Dubai - United Arab Emirates,Bur Dubai,Dubai,+971 54 577 9778,,https://www.dalongtaichi.com/,,,google_maps,2026-03-13T05:04:44.343061+00:00
EMD FITNESS,"Boxing, Taekwondo, Martial Arts","Show room 9, Ras Al Khor Complex - Nadd Al Hamar - Dubai - United Arab Emirates",Bur Dubai,Dubai,+971 50 934 4613,info@emdfitness.ae,https://www.emdfitness.ae/,4.5,23,google_maps,2026-03-12T23:33:39.309648+00:00
Fitness Extreme International Bur Dubai,"Kickboxing, Boxing","301 Eat & Drink Rest. Bldg. Khalid Bin Al Waleed Rd, Bur Dubai Opposite Palm Beach Hotel (Box 87005 - Dubai - United Arab Emirates",Bur Dubai,Dubai,+97143868400,,,4.3,39,google_maps,2026-03-12T21:55:55.598280+00:00
Fitness Extreme Main,"Boxing, Karate","Al Ain Shopping Mall, 2nd Floor - 208 Al Satwa Rd - Dubai - United Arab Emirates",Bur Dubai,Dubai,,,https://www.konozproperties.com/,4.4,30,google_maps,2026-03-12T23:32:49.347468+00:00
Flex Gym,Boxing,78GW+J85 - شارع صلاح الدين - Abu Hail St - Dubai - United Arab Emirates,Bur Dubai,Dubai,+97142650065,,,3.8,28,google_maps,2026-03-12T23:35:30.426003+00:00
Fyre Fit UAE,Boxing,4th St - Oud Metha - Dubai - United Arab Emirates,Bur Dubai,Dubai,+971 52 259 2232,info@fyrefituae.com,https://www.fyrefituae.com/,5.0,7,google_maps,2026-03-12T23:35:57.418147+00:00
"Impact Talent Centre Dubai - Learn Languages, ABACUS, Dance, Music, Art, Public Speaking",Taekwondo,Al Nasr Plaza - 503 5th Floor - Oud Metha - Dubai - United Arab Emirates,Bur Dubai,Dubai,+971 54 499 4076,impacttalentcentre@gmail.com,https://impacttalentcentre.com/,4.6,37,google_maps,2026-03-13T05:04:53.452922+00:00
Learnovate Training Center,Martial Arts,"Bank Street - Suite # 404, fourth floor NBQ building - Bur Dubai - Dubai - United Arab Emirates",Bur Dubai,Dubai,+971 58 103 6887,,https://learnovateonecenter.com/,4.8,823,google_maps,2026-03-13T07:27:06.431540+00:00
LuLu Hypermarket - Hamriya,Martial Arts,Sheikh Khalifa Bin Zayed St - opposite to Medeor Hospital - Al Hamriya - Dubai - United Arab Emirates,Bur Dubai,Dubai,+97142982001,,https://www.luluhypermarket.com/en-ae,4.2,3267,google_maps,2026-03-13T07:29:56.827947+00:00
Martial Arts Academy (Life for You Gym Branch),"MMA, Kickboxing, Karate, Taekwondo, Martial Arts","104, AL MUSTAWAFI BULDING NEAR AL FAHIDI METRO STATION EXIT 1 - Dubai - United Arab Emirates",Bur Dubai,Dubai,+971 50 919 6906,,,5.0,1,google_maps,2026-03-12T14:15:37.390959+00:00
Master fit Martial Arts Academy Bur Dubai,"BJJ, MMA, Kickboxing, Boxing, Karate, Taekwondo, Martial Arts",Rola street - Bur Dubai - Dubai - United Arab Emirates,Bur Dubai,Dubai,+971 54 793 4358,,,5.0,9,google_maps,2026-03-12T13:34:13.823561+00:00
OKI Fight Club,MMA,Building - Al Sherouq - 2nd Zaa'beel St - Al Karama - Dubai - United Arab Emirates,Bur Dubai,Dubai,+971 55 394 2210,,,3.9,7,google_maps,2026-03-12T14:16:52.680113+00:00
Shuffle Fitness,Boxing,Grayton House - Shop 1 - Al Jadaf - Jaddaf Waterfront - Dubai - United Arab Emirates,Bur Dubai,Dubai,+97148830885,hello@shufflefitness.ae,https://shufflefitness.ae/,4.2,46,google_maps,2026-03-12T23:35:10.687125+00:00
"Sun & Sand Sports Factory Outlet, Bur Dubai","Taekwondo, Martial Arts",Khalid Bin Al Waleed Rd - Dubai - United Arab Emirates,Bur Dubai,Dubai,+97142527849,privacy@gmg.com; customercare@sunandsandsports.com,https://en-ae.sssports.com/,4.2,2069,google_maps,2026-03-13T05:05:14.399511+00:00
TSA Sports Academy,Taekwondo,"DiFit Lifestyle LLC, Westburry Tower - Down Town Rd - Business Bay - Dubai - United Arab Emirates",Bur Dubai,Dubai,+971 56 149 7149,getfit@difitlifestyle.com; info@difitlifestyle.com,https://difitlifestyle.com/,4.8,196,google_maps,2026-03-13T05:05:28.620147+00:00
Urban Fitness Cart,Martial Arts,782Q+9Q2 - S 12 - Al Garhoud - Dubai - United Arab Emirates,Bur Dubai,Dubai,+971 50 900 1650,,https://urbanfitnesscart.com/uae-en,4.8,289,google_maps,2026-03-13T07:27:50.987296+00:00
Vedic Yoga Center,Martial Arts,"Al Jawhara Building, Bank Street Building - M Floor-01 - opp. Apsara Supermarket - Al Mankhool - Dubai - United Arab Emirates",Bur Dubai,Dubai,+971 55 944 7373,,http://www.vedicyoga.net/,4.9,148,google_maps,2026-03-13T07:27:31.213966+00:00
Yalla Fitness,Kickboxing,78CF+22 - Al Muraqqabat - Deira - Dubai - United Arab Emirates,Bur Dubai,Dubai,+97142523220,info@yallafitness.com,https://yallafitness.com/,4.6,115,google_maps,2026-03-12T21:55:47.247615+00:00
adidas Outlet Store,Martial Arts,Bank Street Building - Bur Dubai - Dubai - United Arab Emirates,Bur Dubai,Dubai,+97145465522,,https://www.adidas.ae/en?utm_campaign=DB235&utm_medium=organic&utm_source=GMB,4.2,1034,google_maps,2026-03-13T07:28:32.413369+00:00
AK Films | Media & Video Production House Dubai,Martial Arts,"A4 - Office 1101-16, 11th Floor - Business Bay - Dubai - United Arab Emirates",Business Bay Dubai,Dubai,+97143322298,info@akfilms.ae,https://akfilms.ae/,4.7,23,google_maps,2026-03-13T07:01:27.786424+00:00
Aiwa.ae,Martial Arts,Business Bay - Dubai - United Arab Emirates,Business Bay Dubai,Dubai,+97145182888,,http://www.aiwa.ae/,3.3,7,google_maps,2026-03-13T07:02:54.822555+00:00
Al-Abtal Karate Team,"Kickboxing, Karate, Taekwondo, Martial Arts",Al Moosa Tower 1 - 505 Sheikh Zayed Rd - opp. Museum of Future - Trade Center First - Dubai - United Arab Emirates,Business Bay Dubai,Dubai,+971 52 840 3868,,,5.0,4,google_maps,2026-03-12T21:38:24.354485+00:00
Athlete Fitness Dubai,"Kickboxing, Martial Arts","Building, Warehouse - 14 Khalid Mohammad Alabdooli - Al Qouz Ind.first - Al Quoz - Dubai - United Arab Emirates",Business Bay Dubai,Dubai,+971 50 172 7792,,https://www.athletefitness.ae/,5.0,78,google_maps,2026-03-12T21:38:48.367960+00:00
BALLERS,Boxing,810 Dubai Fountain St - Burj Khalifa - Downtown Dubai - Dubai - United Arab Emirates,Business Bay Dubai,Dubai,,info@ballers.ae,http://www.ballers.ae/,4.7,386,google_maps,2026-03-12T23:11:26.565920+00:00
BARE,"Kickboxing, Boxing",Clover Bay Tower - Marasi Dr - Business Bay - Dubai - United Arab Emirates,Business Bay Dubai,Dubai,+971 54 455 0597,info@bare.fitness,http://www.bare.ae/,4.4,157,google_maps,2026-03-12T21:38:06.811794+00:00
Book Corner & Funzone.ae,Martial Arts,"G64&G65, Bay Avenue - G63 - Business Bay - Dubai - United Arab Emirates",Business Bay Dubai,Dubai,+97145544816,contactus@funzone.ae,https://funzone.ae/,4.3,116,google_maps,2026-03-13T07:00:13.078249+00:00
BoxWithJon Fitness Coaching,"Kickboxing, Boxing",Downtown - Burj Khalifa - Downtown Dubai - Dubai - United Arab Emirates,Business Bay Dubai,Dubai,+971 56 126 0797,,https://coaching-boxwithjon.replit.app/,5.0,6,google_maps,2026-03-12T21:37:58.825847+00:00
Chromatic Fitness,Boxing,Downtown - Business Bay - Dubai - United Arab Emirates,Business Bay Dubai,Dubai,+971 50 232 7655,,,5.0,12,google_maps,2026-03-12T23:10:30.428496+00:00
Coach Luke,Kickboxing,Damac Voleo apartments - Al Wasl - Dubai - United Arab Emirates,Business Bay Dubai,Dubai,+971 55 598 9653,,,,,google_maps,2026-03-12T21:39:04.544743+00:00
Coach Mo - Elite Personal Trainer,Kickboxing,Azizi Riviera - Al Merkadh - Nad Al Sheba 1 - Dubai - United Arab Emirates,Business Bay Dubai,Dubai,+971 58 247 3666,,,5.0,1,google_maps,2026-03-12T21:38:54.786889+00:00
DAMAC Maison Prive,Kickboxing,The Metropolis Tower - Business Bay - Dubai - United Arab Emirates,Business Bay Dubai,Dubai,+971 56 281 8059,,http://www.blueoceanholidayhomes.com/,4.2,1222,google_maps,2026-03-12T21:39:02.951110+00:00
Danube Sports World,"Boxing, Judo",al habtoor city - Al Meydan Rd - Business Bay - Dubai - United Arab Emirates,Business Bay Dubai,Dubai,+9718003636,info@danubesportsworld.com,https://danubesportsworld.com/,4.5,771,google_maps,2026-03-12T23:10:54.170859+00:00
Difaa Services (FZE),Martial Arts,"RL, Prime Tower - 3101 - 09 31st Floor - Business Bay - Dubai - United Arab Emirates",Business Bay Dubai,Dubai,+971 58 931 5878,,https://www.difaa.co/,,,google_maps,2026-03-13T07:00:57.660022+00:00
Dioz Group,Martial Arts,Empire Heights Tower B - 7F - 03 Dubai Fountain St - Business Bay - Dubai - United Arab Emirates,Business Bay Dubai,Dubai,+97145584468,,https://dioz.com/,2.4,14,google_maps,2026-03-13T07:02:40.199711+00:00
Easy Fit EMS Training Downtown // Business Bay,Boxing,Hotel - SLS Hotel، SLS - Dubai - United Arab Emirates,Business Bay Dubai,Dubai,+971 54 456 8833,easyfit.shangrila@gmail.com; easyfit.bb@gmail.com; easyfit.marina@gmail.com,https://easy-fit.ae/go_personal_trainer_95only/,4.9,348,google_maps,2026-03-12T23:10:21.951199+00:00
Emerson's Fitnessscience,Boxing,Financial Ctr St - Business Bay - Dubai - United Arab Emirates,Business Bay Dubai,Dubai,+971 55 618 2014,,,5.0,3,google_maps,2026-03-12T23:11:23.529305+00:00
Findyourgym.ae - Dubai,"Kickboxing, Boxing",Binary Tower - Business Dubai - Dubai - United Arab Emirates,Business Bay Dubai,Dubai,+971 50 963 5826,,https://findyourgym.ae/gyms/dubai/,,,google_maps,2026-03-12T21:37:46.047087+00:00
FitHouse Personal Trainers,Kickboxing,Nad Al Sheba - Nad Al Sheba 1 - Dubai - United Arab Emirates,Business Bay Dubai,Dubai,+971 55 908 8515,,,4.0,8,google_maps,2026-03-12T21:39:10.904056+00:00
Flitkick Innovations - A Project of Credence Concepts Marketing Management LLC,"Kickboxing, Boxing, Taekwondo, Martial Arts","5th Level, Boulevard Plaza Tower 2 - Downtown Dubai - Dubai - United Arab Emirates",Business Bay Dubai,Dubai,+971 52 548 3271,,http://www.fitkick.com/,4.2,5,google_maps,2026-03-12T21:38:37.246087+00:00
GymlinksAE,Kickboxing,Al Wasl - Dubai - United Arab Emirates,Business Bay Dubai,Dubai,+971 50 182 4876,,,,,google_maps,2026-03-12T21:38:38.823103+00:00
HAS Law Firm,Martial Arts,Building 1 - Office 401 Marasi Dr - Business Bay - Bay Square - Dubai - United Arab Emirates,Business Bay Dubai,Dubai,+97143469262,info@has.law; hr@has.law,https://has.law/,4.3,70,google_maps,2026-03-13T07:01:06.766315+00:00
KALARI CLUB BUSINESS BAY,Martial Arts,,Business Bay Dubai,,+971 52 224 8848,info@kalariclub.com,https://www.kalariclub.com/,5.0,7,google_maps,2026-03-13T07:01:21.788705+00:00
KidZania Dubai,Martial Arts,Kidzania®، The Dubai Mall - Financial Ctr St - Burj Khalifa - Downtown Dubai - Dubai - United Arab Emirates,Business Bay Dubai,Dubai,+97138224625,enquiriesdubai@kidzania.ae,https://dubai.kidzania.com/,4.4,4931,google_maps,2026-03-13T07:00:41.648198+00:00
Lara Active,Kickboxing,Al Wasl - Dubai - United Arab Emirates,Business Bay Dubai,Dubai,+971 50 406 9915,customercare@laraactive.com,http://www.laraactive.com/,4.7,17,google_maps,2026-03-12T21:38:46.779633+00:00
Leon Martial Arts Class,"Kickboxing, Karate, Taekwondo, Martial Arts",Bay Avenue Park - Business Bay - Dubai - United Arab Emirates,Business Bay Dubai,Dubai,+971 58 203 9782,,,,,google_maps,2026-03-12T21:37:36.498048+00:00
MYD Interiors,Martial Arts,Clover Bay Tower - Marasi Dr - Business Bay - Burj Khalifa District - Dubai - United Arab Emirates,Business Bay Dubai,Dubai,+97145798165,info@mydinteriors.com; bdm@mydinteriors.com,https://mydinteriors.com/,5.0,5,google_maps,2026-03-13T07:02:49.366985+00:00
Mindandsoulwiththeheart,Kickboxing,Al Wasl - Dubai - United Arab Emirates,Business Bay Dubai,Dubai,+971 54 400 6798,,,,,google_maps,2026-03-12T21:38:43.633486+00:00
Myfitness,Kickboxing,Nad Al Sheba 1 - Dubai - United Arab Emirates,Business Bay Dubai,Dubai,+971 58 585 8348,info@myfitness.ae,https://www.myfitness.ae/,5.0,1,google_maps,2026-03-12T21:38:25.956145+00:00
PLATFORM Studios - DIFC,"Kickboxing, Boxing",The Index Building - Zaa'beel Second - DIFC - Dubai - United Arab Emirates,Business Bay Dubai,Dubai,+97145844708,,http://www.theplatformstudios.com/,4.0,352,google_maps,2026-03-12T21:38:17.942985+00:00
Personal Boxing & MMA Trainer,Boxing,Downtown - Burj Khalifa - Downtown Dubai - Dubai - United Arab Emirates,Business Bay Dubai,Dubai,+971 56 247 8081,,,,,google_maps,2026-03-12T23:10:48.593588+00:00
Personal Trainer ( Hany ),"Kickboxing, Boxing",Business Bay - Bay Square - Dubai - United Arab Emirates,Business Bay Dubai,Dubai,+971 56 355 4506,,,5.0,1,google_maps,2026-03-12T21:38:35.659206+00:00
Phoenix First Sports Services,Martial Arts,,Business Bay Dubai,,+971 50 203 5962,,,5.0,4,google_maps,2026-03-13T07:02:43.323450+00:00
RocksFit Personal Training,Boxing,Windsor Manor Tower - 65 Marasi Dr - Business Bay - Dubai - United Arab Emirates,Business Bay Dubai,Dubai,+971 58 558 6062,roxanarocksfit@gmail.com,http://rocksfit.ae/,5.0,12,google_maps,2026-03-12T23:11:06.237775+00:00
Snatch & Glow,Martial Arts,Tamani Arts Offices - 1938 - Business Bay - Dubai - United Arab Emirates,Business Bay Dubai,Dubai,+971 58 585 8543,info@snatchandglow.ae,https://snatchandglow.ae/,4.5,47,google_maps,2026-03-13T07:01:00.548132+00:00
Social Knockout 3,Martial Arts,dubai street - Al Wasl - Dubai - United Arab Emirates,Business Bay Dubai,Dubai,+971 56 439 6013,,,,,google_maps,2026-03-13T07:01:34.083566+00:00
Soul Mvnt,"Kickboxing, Martial Arts",Building 8 - Dubai Design District - Dubai - United Arab Emirates,Business Bay Dubai,Dubai,+971 58 833 5527,paloma@soulmvnt.com; connect@soulmvnt.com,http://www.soulmvnt.com/,4.4,85,google_maps,2026-03-12T21:38:29.188417+00:00
Team Yousfi Muay-Thai Combat & Fitness,"BJJ, MMA, Muay Thai, Kickboxing, Boxing, Karate, Judo, Taekwondo, Martial Arts","Mall, MarinaScape - Marsa Dubai - Dubai Marina - Dubai - United Arab Emirates",Business Bay Dubai,Dubai,+971 52 720 9910,example@mysite.com; teamyousfi@gmail.com,https://www.teamyousficombat.com/?utm_source=google&utm_medium=wix_google_business_profile&utm_campaign=10192301485708339718,4.9,372,google_maps,2026-03-12T13:22:46.090339+00:00
The Fight Factory Store,Martial Arts,Al Qouz First - Al Quoz - Dubai - United Arab Emirates,Business Bay Dubai,Dubai,+31685510229,,,2.0,4,google_maps,2026-03-13T07:03:32.087450+00:00
The Warehouse Gym - Business Bay,"Kickboxing, Boxing","Tower, O-14 Base - Ground Floor - Marasi Dr - Dubai - United Arab Emirates",Business Bay Dubai,Dubai,+97142095337,info@whgym.com; emt@whgym.com,https://whgym.com/,4.3,265,google_maps,2026-03-12T21:37:34.913152+00:00
UFC GYM - 1 CENTRAL | Dubai World Trade Centre,"BJJ, MMA, Muay Thai, Kickboxing, Boxing, Wrestling, Karate, Taekwondo, Martial Arts",One Central offices 3 . DWTC - Trade Center Second - Dubai - United Arab Emirates,Business Bay Dubai,Dubai,+97143552786,,https://www.ufcgym.me/landing/uae-form,4.5,112,google_maps,2026-03-12T13:22:49.407960+00:00
United 7 Fire Safety Equipment Trading,Martial Arts,Tamani Art Office Building - Business Bay - Dubai - United Arab Emirates,Business Bay Dubai,Dubai,+971 50 980 1258,,https://www.united-7.com/,5.0,2,google_maps,2026-03-13T07:00:51.250028+00:00
VitalFit UAE,Kickboxing,Parklane tower 3206 - Business Bay - Dubai - United Arab Emirates,Business Bay Dubai,Dubai,+971 56 525 8441,vitalityfitness80@gmail.com,https://www.vitalfituae.com/,5.0,1,google_maps,2026-03-12T21:38:03.596087+00:00
Wellmed Studio Fitness,Kickboxing,"4th Floor, Shangri-La Hotel - Dubai - United Arab Emirates",Business Bay Dubai,Dubai,+971 58 572 7993,,,3.0,1,google_maps,2026-03-12T21:38:34.066174+00:00
Wings Sports Academy,"Kickboxing, Karate, Taekwondo, Martial Arts",Sobha - Al Merkadh - Nad Al Sheba 1 - Dubai - United Arab Emirates,Business Bay Dubai,Dubai,+971 50 783 6005,,,5.0,2,google_maps,2026-03-12T21:38:14.746172+00:00
fitness manager,"Kickboxing, Martial Arts",Al Wasl - Dubai - United Arab Emirates,Business Bay Dubai,Dubai,+971 50 903 5815,,,5.0,1,google_maps,2026-03-12T21:38:22.752062+00:00
BARE HAND KARATE CLUB,"BJJ, Kickboxing, Boxing, Karate, Taekwondo, Martial Arts",Yidha‘ St - Al Hisn - W4 - Abu Dhabi - United Arab Emirates,Corniche Abu Dhabi,Abu Dhabi,+971 50 627 1405,,,5.0,11,google_maps,2026-03-12T13:57:01.739898+00:00
Body Lab gym,Boxing,Al Zahiyah - E13 - Abu Dhabi - United Arab Emirates,Corniche Abu Dhabi,Abu Dhabi,+971 55 802 9299,,,4.7,321,google_maps,2026-03-13T00:40:32.506244+00:00
"Capaoeira, Self-defense and fitness classes. New York City.",Martial Arts,"Bloom Marina West, Al Bateen Marina - Al Zeina - Al Nahyan - Abu Dhabi - United Arab Emirates",Corniche Abu Dhabi,Abu Dhabi,+19172030070,,,5.0,2,google_maps,2026-03-13T08:24:06.112473+00:00
Core Las Vegas Gym - Corniche,"Kickboxing, Boxing",LAS VEGAS GYM Mezzanine Floor 3 Sails Tower - Corniche Road - beside ADCOOP / FAB - Abu Dhabi - United Arab Emirates,Corniche Abu Dhabi,Abu Dhabi,+971 54 774 6991,,http://corelasvegasgym.com/,5.0,9,google_maps,2026-03-12T22:31:57.392200+00:00
GTigers Taekwondo & Fitness Center,"Karate, Taekwondo, Martial Arts",deerat altimb St - Al Hisn - W4 - Abu Dhabi - United Arab Emirates,Corniche Abu Dhabi,Abu Dhabi,+971 56 491 6766,info@mail.gtigers.com,https://gtigers.com/,4.9,53,google_maps,2026-03-13T02:20:00.080528+00:00
German International School,Judo,23 - Street - 34 As Sulouf St - المَنهَلغرب 13-02 - Abu Dhabi - United Arab Emirates,Corniche Abu Dhabi,Abu Dhabi,+97126668668,info@gisad.ae,http://www.gisad.ae/,,,google_maps,2026-03-13T03:55:08.812490+00:00
Gomana karate & fitness academy,Karate,F89Q+C86 - Khalidiyah St - Al Bateen - Abu Dhabi - United Arab Emirates,Corniche Abu Dhabi,Abu Dhabi,+971 50 129 4337,,,5.0,1,google_maps,2026-03-13T02:21:15.684364+00:00
Gracie Barra - Corniche,"BJJ, Kickboxing, Karate, Judo, Taekwondo, Martial Arts",30 Harat Al Qumzan St - Al Hisn - W6 - Abu Dhabi - United Arab Emirates,Corniche Abu Dhabi,Abu Dhabi,+971 55 889 2218,emirateskarateuae@gmail.com,http://www.emirateskarate.com/,5.0,9,google_maps,2026-03-12T13:55:55.668563+00:00
InterContinental Abu Dhabi by IHG,Judo,King Abdullah Bin Abdulaziz Al Saud St - Al Bateen - W32 - Abu Dhabi - United Arab Emirates,Corniche Abu Dhabi,Abu Dhabi,+97126666888,,https://www.ihg.com/intercontinental/hotels/gb/en/abu-dhabi/auhha/hoteldetail?cm_mmc=GoogleMaps-_-IC-_-AE-_-AUHHA,4.8,23783,google_maps,2026-03-13T03:54:59.531486+00:00
Millennium sports,"Boxing, Martial Arts",53 Hazzeez St - Al Zahiyah - E16 - Abu Dhabi - United Arab Emirates,Corniche Abu Dhabi,Abu Dhabi,+97126223231,,https://millenniumssports.com/,4.2,27,google_maps,2026-03-13T00:43:06.626677+00:00
Nritya Kala Academy Abu Dhabi (An Institute of Indian Classical Dances Odissi & Bharat Natyam Since 1997),Karate,"Nritya Kala Academy -Wise Roots Al Ahalia, Tower-A (SPAR Supermarket Building) Next Oriental Karate, 1st `floor - Khalidiyah St - Al Bateen - W10 - Abu Dhabi - United Arab Emirates",Corniche Abu Dhabi,Abu Dhabi,+971 56 434 5176,,https://www.facebook.com/sharmashalinim,4.9,15,google_maps,2026-03-13T02:23:20.523905+00:00
Talent Karate Club,"Kickboxing, Karate, Taekwondo, Martial Arts",Al Nahyan - E19 02 - Abu Dhabi - United Arab Emirates,Corniche Abu Dhabi,Abu Dhabi,+971 50 927 7675,,http://www.talentkarateclub.com/,5.0,1,google_maps,2026-03-12T22:32:58.820032+00:00
Top Gym,Boxing,Al Zahiyah - E14 - Abu Dhabi - United Arab Emirates,Corniche Abu Dhabi,Abu Dhabi,+97126764884,,http://www.topgym.club/,4.0,105,google_maps,2026-03-13T00:42:36.836737+00:00
1Rebel DIFC,"Kickboxing, Boxing, Martial Arts",Icd Brookfield Place - Al Mustaqbal St - Zaa'beel Second - DIFC - Dubai - United Arab Emirates,DIFC Dubai,Dubai,+97143240663,sarah@1rebel.com; difc@1rebel.com; lw@yokecomms.com,https://www.1rebel.ae/,4.8,943,google_maps,2026-03-12T21:40:10.876717+00:00
Barry's Dubai DIFC,Boxing,"Central Park Towers, Ground Floor - Financial Ctr St - Dubai - United Arab Emirates",DIFC Dubai,Dubai,+97142544775,,https://www.barrys.com/studio/difc/,4.6,294,google_maps,2026-03-12T23:13:40.478780+00:00
Colosseum Muay Thai,"MMA, Muay Thai, Kickboxing, Boxing, Karate, Taekwondo, Martial Arts","Gym Floor , 601 - Montana Building Alwaleed Nesto Hypermarket - Zaa'beel St - Dubai - United Arab Emirates",DIFC Dubai,Dubai,+97143372755,abdul@colosseumuae.com,http://www.colosseumuae.com/,4.6,149,google_maps,2026-03-12T14:05:57.437680+00:00
Denisa’s FIT TO FLY COACHING LLC,Kickboxing,,DIFC Dubai,,+971 52 540 6735,,https://www.denisafittofly.com/,5.0,14,google_maps,2026-03-12T21:42:44.038295+00:00
District GYM,"Kickboxing, Boxing, Karate, Taekwondo, Martial Arts",Wadi Al Safa 2 - Liwan - Dubai - United Arab Emirates,DIFC Dubai,Dubai,+971 50 310 6211,,,4.8,170,google_maps,2026-03-12T21:42:28.648866+00:00
Dubai Esports and Games Festival,Boxing,"Dubai World Trade Centre, Zabeel Halls 2-3 - Dubai - United Arab Emirates",DIFC Dubai,Dubai,+971 60 055 5559,,https://www.dubaiesportsfestival.com/,4.8,17,google_maps,2026-03-12T23:16:42.398768+00:00
Dubai World Trade Centre,Kickboxing,Sheikh Zayed Rd - Trade Center Second - Dubai - United Arab Emirates,DIFC Dubai,Dubai,+97143893999,,https://www.dwtc.com/,4.6,39734,google_maps,2026-03-12T21:42:06.410603+00:00
Embody Fitness - DIFC,Boxing,"ICD Brookfield Place, Level 3 - 312 Al Mustaqbal St - DIFC - Dubai - United Arab Emirates",DIFC Dubai,Dubai,+971 52 723 9333,,https://embodyfitness.ae/personal-training-difc/,4.9,109,google_maps,2026-03-12T23:13:06.503652+00:00
Eva Fitness Al Hana Branch,Boxing,Al Jafiliya - Dubai - United Arab Emirates,DIFC Dubai,Dubai,+971 50 496 7283,info@website.com; info@evafitnessdxb.com,https://evafitnessdxb.com/,4.5,89,google_maps,2026-03-12T23:16:02.094808+00:00
F45 Training DIFC,"Kickboxing, Boxing","Al Mustaqbal St Shop 1, P2, DAMAC Park Towers - Dubai - United Arab Emirates",DIFC Dubai,Dubai,+97143430540,dubaidifc.admin@f45training.ae,http://www.f45training.ae/dubaidifc,4.9,96,google_maps,2026-03-12T21:40:33.507010+00:00
FitConnector,"Kickboxing, Boxing",,DIFC Dubai,,+971 55 942 3388,,https://fitconnector.com/,4.9,32,google_maps,2026-03-12T21:42:14.846233+00:00
Fitness Science,Boxing,,DIFC Dubai,,+971 50 252 7664,info@fitnessscience.net; connect@fsdxb.com,https://fsdxb.com/,4.9,74,google_maps,2026-03-12T23:15:56.043165+00:00
Fitness Zone - City Walk Dubai,"Kickboxing, Boxing",City Walk - next to Beit el Kel Restaurant - Al Wasl - Dubai - United Arab Emirates,DIFC Dubai,Dubai,+971 54 727 4777,,,4.5,174,google_maps,2026-03-12T21:41:08.243032+00:00
GO Sport,Boxing,دبي مول - Financial Center Rd - Downtown Dubai - The Dubai Mall - Financial Ctr St - Downtown Dubai - Dubai - United Arab Emirates,DIFC Dubai,Dubai,+97143253595,,http://gosportme.com/,3.8,277,google_maps,2026-03-12T23:15:52.991019+00:00
Gate Avenue at DIFC,"Kickboxing, Boxing",Sheikh Zayed Rd - Zaa'beel Second - DIFC - Dubai - United Arab Emirates,DIFC Dubai,Dubai,+97143622222,parking.difc@parkonic.ae; u003eparking.difc@parkonic.ae,https://www.difc.ae/gateavenue/?utm_source=GMB&utm_medium=organic&utm_campaign=gate-avenue,4.5,2808,google_maps,2026-03-12T21:42:02.723627+00:00
Golden Fist Karate,"Boxing, Karate, Taekwondo, Martial Arts",ET - Business Bay - Dubai - United Arab Emirates,DIFC Dubai,Dubai,+971 50 440 8548,,http://www.goldenfistkarate.net/,5.0,1,google_maps,2026-03-12T23:16:28.391367+00:00
M-Fit PT Services,Kickboxing,,DIFC Dubai,,+971 50 922 2743,,,5.0,11,google_maps,2026-03-12T21:42:39.232497+00:00
MMA Fight Shop,"MMA, Muay Thai, Kickboxing, Boxing, Karate, Taekwondo, Martial Arts",M8-08 Boxpark by Meraas - Al Wasl Rd - Dubai - United Arab Emirates,DIFC Dubai,Dubai,+97143958843,,https://mmafightshop.ae/,4.3,117,google_maps,2026-03-12T14:05:54.265320+00:00
"Mayweather Boxing + Fitness, Downtown","Muay Thai, Kickboxing, Boxing, Karate, Taekwondo, Martial Arts","Towers, Downtown - Burj Khalifa - South Ridge - Dubai - United Arab Emirates",DIFC Dubai,Dubai,+971 50 597 7080,info@mayweatherfit.ae,http://www.mayweatherfit.ae/?utm_source=GBP&utm_medium=organic&utm_campaign=home,4.9,91,google_maps,2026-03-12T20:16:11.067037+00:00
Paladin Fitness Club L.L.C,"BJJ, MMA, Muay Thai, Kickboxing, Boxing, Karate, Judo, Taekwondo, Martial Arts",City center - tennis academy - Mirdif - Dubai - United Arab Emirates,DIFC Dubai,Dubai,+971 56 645 8870,info@paladinmfc.com,https://www.paladinmfc.com/,4.9,139,google_maps,2026-03-12T13:25:20.744548+00:00
Primefit,Kickboxing,,DIFC Dubai,,+971 55 190 1223,,http://www.primefit.ae/,4.5,11,google_maps,2026-03-12T21:42:50.521411+00:00
REVL Training Downtown Dubai,Kickboxing,DTI Building - Shop No. 2 - Burj Khalifa Blvd - Dubai - United Arab Emirates,DIFC Dubai,Dubai,+971 58 586 8435,hari@appinfini.com; technology@revl.com.au,https://revltraining.ae/locations/downtowndubai/,4.8,143,google_maps,2026-03-12T21:40:35.138131+00:00
RightFit - Exclusive Fitness Experience,Boxing,Central Park Towers - DIFC Level P3 - Dubai - United Arab Emirates,DIFC Dubai,Dubai,+97143300090,info@rightfit.ae,https://www.rightfit.ae/?utm_source=google&utm_medium=organic&utm_campaign=maps,4.9,125,google_maps,2026-03-12T23:13:03.439775+00:00
SEVEN Wellness Club,"Kickboxing, Boxing, Karate, Taekwondo, Martial Arts",exit 43 - Al Manara St - Al Qouz Ind.first - Al Quoz - Dubai - United Arab Emirates,DIFC Dubai,Dubai,+97142323737,hello@seven.club; contact@gymfitx.com,https://seven.club/,4.6,1822,google_maps,2026-03-12T21:41:57.683420+00:00
SIRO One Za'abeel,Boxing,Zaa'beel Street - Zaa'beel First - Za'abeel - Dubai - United Arab Emirates,DIFC Dubai,Dubai,+97146661717,,https://www.sirohotels.com/dubai/one-zaabeel?utm_medium=organic-search&utm_source=gbp&utm_campaign=gbp_ao_y_soz_pri-mkt_wt__ao__kz&utm_content=__&utm_term=siro-one-zaabeel&utm_id=vquia9,4.8,1582,google_maps,2026-03-12T23:16:22.333930+00:00
Said omr men physical fitness club co.L.L.C,Kickboxing,,DIFC Dubai,,+971 55 128 7601,,http://youtube.com//saidomari001,5.0,2,google_maps,2026-03-12T21:42:45.636152+00:00
"Soul Wellness Spa, Sheraton Grand Dubai",Boxing,Sheraton Grand Hotel Dubai - 3 Sheikh Zayed Rd - Dubai - United Arab Emirates,DIFC Dubai,Dubai,+97145034100,soulwellnessandspa@sheratongranddubai.com,http://www.soulwellnessandspa.com/,4.9,499,google_maps,2026-03-12T23:16:05.066451+00:00
THE LAB STUDIOS,Kickboxing,"Downtown - Burj Views, Tower B - Downtown Dubai - Dubai - United Arab Emirates",DIFC Dubai,Dubai,+971 55 123 0591,,http://www.thelabstudios.com/,4.8,458,google_maps,2026-03-12T21:40:48.233215+00:00
The Aviation Club,Kickboxing,68RR+V9W The Creekside Hotel - Al Garhoud - Dubai - United Arab Emirates,DIFC Dubai,Dubai,+97142308560,,http://www.aviationclubdubai.com/,4.6,294,google_maps,2026-03-12T21:41:21.944965+00:00
The Burj Club,Kickboxing,Burj Khalifa - Sheikh Mohammed bin Rashid Blvd - Burj Khalifa - Downtown Dubai - Dubai - United Arab Emirates,DIFC Dubai,Dubai,+97148883900,schools@emaar.ae; info@atthetop.ae,https://www.burjkhalifa.ae/en/the-burj-club/?utm_source=google&utm_campaign=local_search&utm_medium=organic,3.9,383,google_maps,2026-03-12T21:42:47.274600+00:00
The Warehouse Gym - DIFC,"Muay Thai, Kickboxing, Boxing","Zone D, Gate Avenue - Basement Floor - below Fia Fia and Carrefour - DIFC - Dubai - United Arab Emirates",DIFC Dubai,Dubai,+97142095335,info@whgym.com; emt@whgym.com,https://www.whgym.com/,4.6,692,google_maps,2026-03-12T20:14:38.535028+00:00
Ultimate Performance Personal Trainers Dubai DIFC,Boxing,Emirates Financial Towers - 5 Al Sukook Street - Zaa'beel Second - DIFC - Dubai - United Arab Emirates,DIFC Dubai,Dubai,+97144319004,,https://ultimateperformance.com/ae/personal-trainer/dubai/dubai-difc/?utm_source=google+business&utm_medium=organic&utm_campaign=gmb+dubai+difc,4.9,721,google_maps,2026-03-12T23:12:49.442852+00:00
VFS Italy Visa Application Centre in Dubai,Boxing,"DIFC, The Gate Avenue, Zone C, Level 1, Unit # 166 & 168 - Dubai - United Arab Emirates",DIFC Dubai,Dubai,+97142055777,,https://visa.vfsglobal.com/dxb/en/ita,2.7,498,google_maps,2026-03-12T23:16:48.435302+00:00
Wellbeings Holistic Healing,Boxing,Fairmont Dubai - Sheikh Zayed Rd - Trade Center First - Dubai - United Arab Emirates,DIFC Dubai,Dubai,+97143115999,example@mysite.com,http://www.wellbeings.me/,4.9,199,google_maps,2026-03-12T23:15:23.940099+00:00
YOFIT Hot Studios DIFC,Kickboxing,Gate Avenue - Zone D – Level 1 Al Mustaqbal St - Zaa'beel Second - DIFC - Dubai - United Arab Emirates,DIFC Dubai,Dubai,+971 58 592 9647,,https://yofithotstudios.com/,4.8,206,google_maps,2026-03-12T21:40:18.941309+00:00
Zoga Yoga Cafe,Boxing,"G floor, Southridge 6,Downtown Burj Khalifa, - Dubai - United Arab Emirates",DIFC Dubai,Dubai,+97142767657,,https://www.zoga.ae/,4.4,139,google_maps,2026-03-12T23:15:59.016186+00:00
365 FITNESS GYM Al Muraqqabat | Best GYM in Deira Dubai,"Kickboxing, Boxing, Karate, Taekwondo, Martial Arts","mz 08, dubai municipility building - Al Muraqqabat - Deira - Dubai - United Arab Emirates",Deira Dubai,Dubai,+971 54 712 0925,,http://www.365fitness.ae/,4.7,199,google_maps,2026-03-12T21:50:03.916612+00:00
4GYM Al Fahidi (BLM Gym L.L.C),Kickboxing,776X+742 Souq - Al Mussallah Rd - Al Souq Al Kabeer - Al Fahidi - Dubai - United Arab Emirates,Deira Dubai,Dubai,+971 55 553 9324,,https://www.instagram.com/4gymalfahidi/,5.0,5,google_maps,2026-03-12T21:52:09.191188+00:00
4Gym AlQusais ( AlRaef Gym ),Kickboxing,Sangeetha Restaurant Building - Damascus Street - opp. Grand Plaza Hotel - Al Qusais - Al Qusais 1 - Dubai - United Arab Emirates,Deira Dubai,Dubai,+971 55 553 9324,,https://www.4gym.ae/,4.7,127,google_maps,2026-03-12T21:51:34.612109+00:00
AL MASS fitness,"Kickboxing, Boxing, Karate","Oppo. ibis Hotel - Fatima Al owais building, E block, M floor, E10 - Al Rigga - Dubai - United Arab Emirates",Deira Dubai,Dubai,+971 56 194 2721,info@almassbodybuildingandfitness.com; almassfitnesscenter@gmail.com,https://www.almassbodybuildingandfitness.com/,4.9,119,google_maps,2026-03-12T21:50:25.041522+00:00
AMIGOS GYM,Boxing,Naif Rd - Naif - Deira - Dubai - United Arab Emirates,Deira Dubai,Dubai,+971 55 815 1671,,,4.6,14,google_maps,2026-03-12T23:29:35.944736+00:00
Active Fitness Store | Airport Rd Deira,Boxing,Al Fattan Plaza - Airport Rd - Al Garhoud - Dubai - United Arab Emirates,Deira Dubai,Dubai,+971 54 707 4232,,https://activefitnessstore.com/,4.8,138,google_maps,2026-03-12T23:28:55.913783+00:00
Activolution Plus,"Kickboxing, Judo, Taekwondo, Martial Arts","Al Garhoud Community Center, Office 203 - next to Dubai Autism Center - Al Garhoud - Dubai - United Arab Emirates",Deira Dubai,Dubai,+97143310479,info@activ.ae,https://activ.ae/,4.7,3,google_maps,2026-03-12T21:52:37.673572+00:00
Al Hala Fitness,Kickboxing,Gulf star hotel - building ground floor Al Nakhal Rd - Naif - Deira - Dubai - United Arab Emirates,Deira Dubai,Dubai,+971 56 144 2086,,,4.7,27,google_maps,2026-03-12T21:50:30.257286+00:00
Al Helo Martial Arts Club,"Karate, Taekwondo, Martial Arts",788C+93F - Al Rigga Rd - Al Muraqqabat - Deira - Dubai - United Arab Emirates,Deira Dubai,Dubai,+97142859432,,,4.0,3,google_maps,2026-03-13T01:45:32.372771+00:00
Al Rigga Mang Inasal Restaurant LLC,"Karate, Taekwondo",7897+25Q - Al Rigga Rd - next to ibis hotel - Al Muraqqabat - Al Rigga - Dubai - United Arab Emirates,Deira Dubai,Dubai,+971 52 548 3271,,http://www.alriggainasal.com/,4.5,2865,google_maps,2026-03-13T01:47:02.697958+00:00
Al Taneen Body Fitness & Karate Institute,"BJJ, Muay Thai, Kickboxing, Boxing, Karate, Taekwondo, Martial Arts",23rd St - Al Rigga - Deira - Dubai - United Arab Emirates,Deira Dubai,Dubai,+971 54 453 8805,,,4.8,49,google_maps,2026-03-12T13:31:31.039316+00:00
Al Taneen Body Fitness and Karate Institute Al Qusais Branch,"Karate, Taekwondo",79GJ+6RR - Damascus Street - Al Qusais - Al Qusais 1 - Dubai - United Arab Emirates,Deira Dubai,Dubai,+971 54 453 8805,,,5.0,,google_maps,2026-03-13T01:43:40.476409+00:00
Al Theeb Martial Arts Club,"MMA, Muay Thai, Kickboxing, Boxing, Karate, Judo, Taekwondo, Martial Arts",28th St - Hor Al Anz East - Deira - Dubai - United Arab Emirates,Deira Dubai,Dubai,+97142663901,register@altheebsports.com; info@altheebsports.com,https://altheebsports.com/,4.8,42,google_maps,2026-03-12T14:14:21.599925+00:00
Al Yad Al Baydaa Gym,Kickboxing,Dar Al Aman 12 - Mezzaine floor Salah Al Din St - Al Muraqqabat - Deira - Dubai - United Arab Emirates,Deira Dubai,Dubai,+971 56 846 0884,,,5.0,1,google_maps,2026-03-12T21:52:12.826068+00:00
Amends Sports Training L.LC,"Karate, Taekwondo","Al Ketbi Building - Office 4,Mezzanine Floor - 4th St - Al Nahda First - Al Nahda - Dubai - United Arab Emirates",Deira Dubai,Dubai,+971 56 971 6899,,https://amendsfitness.com/,5.0,8,google_maps,2026-03-13T01:45:41.476895+00:00
Aqsa Body Building,Boxing,253 Damascus Street - Al Qusais - Al Qusais 1 - Dubai - United Arab Emirates,Deira Dubai,Dubai,+97145763856,,,3.8,71,google_maps,2026-03-12T23:30:49.334641+00:00
Athma Yoga & Martial Arts Center,"Karate, Taekwondo, Martial Arts",Mezzanine Al - M-12 - 1st St - Hor Al Anz East - Deira - Dubai - United Arab Emirates,Deira Dubai,Dubai,+971 50 286 6087,,,5.0,18,google_maps,2026-03-13T01:45:23.093409+00:00
"Aura Academy of Arts, Al Karama","Karate, Taekwondo, Martial Arts",opposite to city makhani restaurant - Al Karama - Dubai - United Arab Emirates,Deira Dubai,Dubai,+971 56 464 0033,,http://www.365fitness.ae/,4.5,11,google_maps,2026-03-13T01:46:24.456618+00:00
Aziz Ahmed Technical Sports Centre,"Kickboxing, Karate, Judo, Taekwondo, Martial Arts",1st St - Hor Al Anz East - Deira - Dubai - United Arab Emirates,Deira Dubai,Dubai,+971 50 624 6393,,,4.8,27,google_maps,2026-03-12T21:50:54.697209+00:00
Boxing goods & Martial arts,"Karate, Taekwondo",Al Muteena - Hor Al Anz - Deira - Dubai - United Arab Emirates,Deira Dubai,Dubai,+971 58 161 7595,,http://ayroztrader.com/,,,google_maps,2026-03-13T01:47:13.069099+00:00
Buka boxing Dubai,"Boxing, Karate, Taekwondo, Martial Arts",Al Nakhal Rd - Naif - Deira - Dubai - United Arab Emirates,Deira Dubai,Dubai,+971 52 167 2991,,,5.0,11,google_maps,2026-03-12T23:28:30.279128+00:00
CHAMPIONS RIGGA FITNESS GYM,Kickboxing,Al Rigga Rd - Al Muraqqabat - Deira - Dubai - United Arab Emirates,Deira Dubai,Dubai,+971 55 937 0050,,,5.0,10,google_maps,2026-03-12T21:50:53.088531+00:00
COACH ALASH,Boxing,Al Mankhool - Dubai - United Arab Emirates,Deira Dubai,Dubai,+971 58 529 0353,,https://repsindia.org/trainer/ali-ashik-k-m/profile,5.0,20,google_maps,2026-03-12T23:30:12.817184+00:00
City Centre Deira,Kickboxing,8th St - Port Saeed - Deira - Dubai - United Arab Emirates,Deira Dubai,Dubai,+971 80 022 6255,,https://www.citycentredeira.com/?utm_source=google&utm_medium=organic&utm_campaign=Google_My_Business,4.5,82146,google_maps,2026-03-12T21:53:01.720803+00:00
Delightex Sports & Equipment Trading - BODYFIT,Boxing,25 21C St - Naif - Deira - Dubai - United Arab Emirates,Deira Dubai,Dubai,+97142273409,info@delightexsports.com; delightexsports2@gmail.com,http://delightexsports.com/,4.8,12,google_maps,2026-03-12T23:30:15.817670+00:00
Dolphin Sports Academy,Karate,10 5th St - Al Qusais - Al Qusais 1 - Dubai - United Arab Emirates,Deira Dubai,Dubai,+971 56 338 8665,,http://www.dolphinsportsacademy.com/,4.6,365,google_maps,2026-03-13T01:44:58.008412+00:00
Dubai Scout Self Defence Centre,"BJJ, MMA, Muay Thai, Kickboxing, Boxing, Karate, Judo, Taekwondo, Martial Arts",Hor Al Anz - Deira - Dubai - United Arab Emirates,Deira Dubai,Dubai,+971 55 709 6270,,https://www.wellfit.me/en/meydan/,4.2,16,google_maps,2026-03-12T13:31:27.740143+00:00
EVA FITNESS BURDUBAI BRANCH,Boxing,Villa 3 - 18 Al Baraha Rd - Al Baraha - Deira - Dubai - United Arab Emirates,Deira Dubai,Dubai,+971 52 797 8212,info@website.com; info@evafitnessdxb.com,https://evafitnessdxb.com/,4.0,,google_maps,2026-03-12T23:30:43.108259+00:00
FITSOCIAL,"Kickboxing, Boxing, Karate",25 Abu Baker Al Siddique St - Abu Hail - Deira - Dubai - United Arab Emirates,Deira Dubai,Dubai,+971 50 837 9910,info@fitsocial.ae,http://www.fitsocial.ae/,4.8,332,google_maps,2026-03-12T21:50:31.855375+00:00
FLORIDA,Kickboxing,Nahda - 1 Bldg M - 1 Al Ittihad Rd - near to Al Mullah Plaza - Dubai - United Arab Emirates,Deira Dubai,Dubai,+971 52 843 8720,,,4.5,224,google_maps,2026-03-12T21:51:22.794390+00:00
"Face Off Fitness - Al Hamriya, Deira | GYM","Kickboxing, Boxing","Union Coop , 1st Floor - Deira - Dubai - United Arab Emirates",Deira Dubai,Dubai,+97145649306,info@faceoffgym.com,https://faceoffgym.com/,4.9,29,google_maps,2026-03-12T21:50:43.283283+00:00
Fit gym,Boxing,79GJ+7R8 - Al Qusais - Al Qusais 1 - Dubai - United Arab Emirates,Deira Dubai,Dubai,+97142644467,,,4.0,58,google_maps,2026-03-12T23:30:55.397218+00:00
FitEmirates,"Karate, Martial Arts",Al Wasl Building R382 Showroom #4 Next to Wemart Hypermarket Business Village Port Saeed - Deira - Dubai - United Arab Emirates,Deira Dubai,Dubai,+97145915666,maria@fitemirates.com; jose@fitemirates.com; ali.h@fitemirates.com,http://www.fitemirates.com/,4.7,175,google_maps,2026-03-13T01:47:16.274059+00:00
Fitness Empire,"Kickboxing, Boxing",Al Muraqqabat - Deira - Dubai - United Arab Emirates,Deira Dubai,Dubai,+971 52 117 0691,,,4.2,89,google_maps,2026-03-12T21:50:28.646674+00:00
Fitness Power House,Boxing,"R1002 Wasl Ruby, Al Wasl Building (R421) - Unit No. SO1 3B St - Al Karama - Dubai - United Arab Emirates",Deira Dubai,Dubai,+971 50 842 9475,info@fitnesspowerhouse.com,https://fitnesspowerhouse.com/,4.7,177,google_maps,2026-03-12T23:30:52.357886+00:00
Fitness Time Ladies | وقت اللياقة ليديز,Boxing,Al Wuheida St - Al Mamzar - Deira - Dubai - United Arab Emirates,Deira Dubai,Dubai,,,https://www.fitnesstime.com.sa/ar-sa,4.3,60,google_maps,2026-03-12T23:29:10.187516+00:00
GET STRONG FITNESS CENTRE,Kickboxing,41st St - Naif - Deira - Dubai - United Arab Emirates,Deira Dubai,Dubai,+971 52 591 9763,,,4.7,129,google_maps,2026-03-12T21:50:59.550162+00:00
GYM Al Fain FKK,Boxing,KFC Building - Al Rigga Rd - Al Muraqqabat - Deira - Dubai - United Arab Emirates,Deira Dubai,Dubai,+971 52 809 0490,,,4.6,193,google_maps,2026-03-12T23:27:00.204287+00:00
GYMTOWN BODY BUILDING AL NAHDA DUBAI,Boxing,216 Al Nahda St - near Dubai Islamic Bank - Al Nahda First - Al Nahda - Dubai - United Arab Emirates,Deira Dubai,Dubai,+971 56 346 2666,,,4.6,70,google_maps,2026-03-12T23:30:09.775516+00:00
Gofit Personal Training Services,Boxing,Al Muraqqabat - Deira - Dubai - United Arab Emirates,Deira Dubai,Dubai,+971 54 425 1657,info@gofit.ae; joedboye@gmail.com,https://www.gofit.ae/,5.0,8,google_maps,2026-03-12T23:31:00.881872+00:00
Golden Falcon Karate Centre,"Boxing, Karate, Taekwondo, Martial Arts",3A St - Al Karama - Dubai - United Arab Emirates,Deira Dubai,Dubai,+97143360243,,http://www.goldenfalconkarate.com/,4.9,100,google_maps,2026-03-12T23:31:08.986955+00:00
IBPTi Taekwondo Training Centre,Taekwondo,Sundos building - 210 Al Nahda St - Al Nahda Second - Al Nahda - Dubai - United Arab Emirates,Deira Dubai,Dubai,+971 55 715 7297,,,5.0,7,google_maps,2026-03-13T04:59:10.160455+00:00
International Karate Center Dubai,"BJJ, Kickboxing, Karate, Taekwondo, Martial Arts",788C+4Q4 Flora grand hotel - Al Muraqqabat - Deira - Dubai - United Arab Emirates,Deira Dubai,Dubai,+971 55 174 7128,,https://www.jka.or.jp/en/,5.0,2,google_maps,2026-03-12T13:32:53.726422+00:00
Joe personal trainer,Boxing,Hor Al Anz East - Deira - Dubai - United Arab Emirates,Deira Dubai,Dubai,+971 58 130 9508,,,4.9,28,google_maps,2026-03-12T23:29:42.016709+00:00
Just Dance Performing Art and Music Center,"Karate, Taekwondo, Martial Arts","Just Dance Dubai Opposite to Al Ibrahimi Palace Restaurant Rawdat Al Karama Building - Studio No.: 23, Ground Floor - Al Karama - Dubai - United Arab Emirates",Deira Dubai,Dubai,+971 50 368 7769,admin@justdancedubai.com,http://www.justdancedubai.com/,4.9,148,google_maps,2026-03-13T01:47:06.502777+00:00
Karate Shotokan Japanese Sports - Dubai,"Karate, Taekwondo, Martial Arts","68H9+VXW Pharaohs' Club WAFI - Pyramids Building, WAFI - Sheikh Rashid Rd - Umm Hurair Second - Dubai - United Arab Emirates",Deira Dubai,Dubai,+971 56 115 0002,,,,,google_maps,2026-03-13T01:44:49.690621+00:00
LULU GYM BODY BUILDING LLC,Boxing,Lulu Gym Body Building LLC Makthoum Hospital Road - 19A St - Al Rigga - Dubai - United Arab Emirates,Deira Dubai,Dubai,+971 52 913 9865,,https://lulugymuae.com/,4.0,95,google_maps,2026-03-12T23:28:53.564516+00:00
Leeway Fitness Club,Boxing,Building Near Karama Park - Shop 7 - Al Sherouq - Al Karama - Dubai - United Arab Emirates,Deira Dubai,Dubai,+971 54 485 3963,,,4.1,34,google_maps,2026-03-12T23:30:34.233187+00:00
LifeTime Fitness Store ( Gym Equipment Store UAE),Boxing,"Deira - Al Khaimah Building, Showroom 3G - Port Saeed - Dubai - United Arab Emirates",Deira Dubai,Dubai,+971 56 650 1500,sales@lifetimefitnessstore.com; guest@lifetimefitnessstore.com; help@lifetimefitnessstore.com,https://lifetimefitnessstore.com/,4.8,173,google_maps,2026-03-12T23:30:00.759942+00:00
Lifetime Fitness Center,Boxing,46 Al Maktoum Rd - Riggat Al Buteen - Dubai - United Arab Emirates,Deira Dubai,Dubai,+971 55 526 1919,,,4.8,215,google_maps,2026-03-12T23:26:42.624589+00:00
Lions Gym,"Kickboxing, Boxing",16 Al Esbij St - Al Souq Al Kabeer - Al Fahidi - Dubai - United Arab Emirates,Deira Dubai,Dubai,+971 50 198 8314,fitness@lionsgym.com,http://www.lionsgym.com/,4.3,33,google_maps,2026-03-12T21:52:22.795515+00:00
MAS GYM,"Kickboxing, Boxing",Darul Al Rigga building - OFFICE NO M1/A&M1B - Al Rigga Rd - near ADCB bank Rigga street - Al Muraqqabat - Deira - Dubai - United Arab Emirates,Deira Dubai,Dubai,+971 52 909 5291,,http://www.masgymdubai.com/,4.9,59,google_maps,2026-03-12T21:50:33.515844+00:00
METROFITT Business Village,"Kickboxing, Boxing",Port Saeed - Business Village - Dubai - United Arab Emirates,Deira Dubai,Dubai,+971 54 287 2068,info@metrofitt.com,https://metrofitt.com/,4.0,411,google_maps,2026-03-12T21:51:24.591476+00:00
Makeover Fitness Club,Kickboxing,"Make over Fitness Club T - Floor , Al mamzar center Near - Alqiyada metro station - Abu Hail - Dubai - United Arab Emirates",Deira Dubai,Dubai,+971 58 909 5779,,http://makeoverclub.ae/,4.8,20,google_maps,2026-03-12T21:51:09.457837+00:00
Marshal Fitness | Deira Branch,"Boxing, Karate, Martial Arts",Murshid Bazar - Al Kabeer St - Al Buteen - Deira - Dubai - United Arab Emirates,Deira Dubai,Dubai,+971 55 106 9810,support@marshalfitness.com,https://www.marshalfitness.com/,4.9,1016,google_maps,2026-03-12T23:27:12.675687+00:00
Middle East Karate Academy - Deira,Karate,786J+3CP - Ittihad Street - Port Saeed - Deira - Dubai - United Arab Emirates,Deira Dubai,Dubai,+971 50 521 3362,,,,,google_maps,2026-03-13T01:47:42.253565+00:00
Muscle Monsters Gym,Boxing,"mosque, Al Maya supermarket building - Shop No- 2A, ground floor R471 building ( Hyatt palace hotel alrigga - behind Al Rigga Road - Deira - Dubai - United Arab Emirates",Deira Dubai,Dubai,+971 50 649 2689,musclemonstersgym123@gmail.com,http://www.musclemonstersgym.com/,4.7,169,google_maps,2026-03-12T23:29:22.418100+00:00
NanaFitFamClub,Kickboxing,Dubai Karama - Sheikh Hamdan Colony - Dubai - United Arab Emirates,Deira Dubai,Dubai,+971 50 898 7041,,,5.0,2,google_maps,2026-03-12T21:52:58.486222+00:00
New On Track Fitness,"Kickboxing, Boxing, Karate, Taekwondo, Martial Arts",Al Maktoum Rd - near Abu Shakra - Al Muraqqabat - Deira - Dubai - United Arab Emirates,Deira Dubai,Dubai,+971 58 265 8955,,,4.9,255,google_maps,2026-03-12T21:50:07.151985+00:00
New Ultra Mass GYM,"Boxing, Karate, Taekwondo","Naif,Deira,Near Baniyas Square Metro Station - Dubai - United Arab Emirates",Deira Dubai,Dubai,+97144571133,,https://www.google.com/search?sca_esv=a3944c8b8683a63b&sxsrf=ADLYWIJY9SuFxhLaYruJxDfP-OSV__ysIQ:1736956217957&q=www.newultramassgym&nfpr=1&sa=X&ved=2ahUKEwici_KSiviKAxWsxQIHHenhD3IQvgUoAXoECCUQAg&biw=1536&bih=703&dpr=1.25,3.7,133,google_maps,2026-03-12T23:26:34.935568+00:00
OLYMPUS FITNESS (branch),Boxing,"34 b Street, AL Rigga ,Beirut Restaurant Building M floor - D 10 - Dubai - Dubai - United Arab Emirates",Deira Dubai,Dubai,+97142547488,info@olympusfitness.ae,http://www.olympusfitness.ae/,4.6,93,google_maps,2026-03-12T23:27:25.273567+00:00
"Ocean Kids - Dance, Art, Karate and Music Academy","Karate, Taekwondo",Platinum Business Center - 501 7A St - opp. The Millennium School - Al Nahda Second - Al Nahda - Dubai - United Arab Emirates,Deira Dubai,Dubai,+971 50 220 5391,admin@oceankidsdubai.com; info@oceankidsdubai.com,http://www.oceankidsdubai.com/,4.6,75,google_maps,2026-03-13T01:45:01.048768+00:00
Omf academy karate & kick boxing br 3 al nahda 1,"Karate, Taekwondo",Saheel Tower - 1 - office no 1105 11th Floor - near seven seas hotel - Al Nahda First - Al Qusais 1 - Dubai - United Arab Emirates,Deira Dubai,Dubai,+971 58 110 4173,,,5.0,1,google_maps,2026-03-13T01:44:03.797216+00:00
POWER FLEX GYM DUBAI,Boxing,"BLOCK ROOF FLOOR - ARABILA BUILDING , D - 20th St - Hor Al Anz East - Deira - Dubai - United Arab Emirates",Deira Dubai,Dubai,+97143474345,,,4.4,96,google_maps,2026-03-12T23:26:48.654762+00:00
POWER ZONE FITNESS,Boxing,Al Rigga Rd - Al Muraqqabat - Deira - Dubai - United Arab Emirates,Deira Dubai,Dubai,+97145571158,info@metrofitt.com,https://metrofitt.com/,4.1,27,google_maps,2026-03-12T23:28:14.977470+00:00
Prime Star Sports Services LLC,Karate,Al Doha St - Al Karama - Dubai - United Arab Emirates,Deira Dubai,Dubai,+971 50 456 5577,,http://www.primestaruae.com/,3.9,107,google_maps,2026-03-13T01:47:27.827819+00:00
Professionals Gym @progymdubai,"Boxing, Karate, Taekwondo, Martial Arts",Road - Al Muraqqabat - Deira - Dubai - United Arab Emirates,Deira Dubai,Dubai,+97142665613,,,,,google_maps,2026-03-12T23:29:45.231234+00:00
REAL GYM 365,"Kickboxing, Boxing","hadi plaza building, M02 - mezznine - Al Muraqqabat - Deira - Dubai - United Arab Emirates",Deira Dubai,Dubai,+971 50 491 7466,,https://realgym365.my.canva.site/realgym365,4.1,60,google_maps,2026-03-12T21:50:56.347201+00:00
REAL SPORT LLC,"Boxing, Karate, Martial Arts",Al Nakhal Rd - near Nassar Masjid - Naif - Deira - Dubai - United Arab Emirates,Deira Dubai,Dubai,+971 52 167 2991,,https://realsports.odoo.com/,4.8,45,google_maps,2026-03-12T23:31:11.955406+00:00
Revive Fitness Gym,Boxing,Al Ahli House C 503- 506 - Al Nahda Second - Dubai - United Arab Emirates,Deira Dubai,Dubai,+971 54 584 1115,,https://www.revivefitnessuae.com/,4.8,95,google_maps,2026-03-12T23:28:48.238125+00:00
Rewaq Ousha Educational Institute,"Karate, Taekwondo",Villa # 3 19A Street - Al Twar 2 - Dubai - United Arab Emirates,Deira Dubai,Dubai,+971 50 929 9711,,http://www.rewaqousha.com/,4.8,696,google_maps,2026-03-13T01:45:29.463914+00:00
Rising Star Dance Institute L.L.C,"Karate, Taekwondo, Martial Arts","702, AL Riffa Plaza, Near Fahidi Metro Station, Bur Dubai. United Arab Emirates near fahidi metro station - Khalid Bin Al Waleed Rd - Dubai - United Arab Emirates",Deira Dubai,Dubai,+971 55 678 7067,,,4.5,10,google_maps,2026-03-13T01:46:27.520060+00:00
SAMUDRA YOGA & MARTIAL ARTS CENTER,"Kickboxing, Karate, Taekwondo, Martial Arts",NMC Hospital Building - opp. Abu Hail metro - Abu Hail - Deira - Dubai - United Arab Emirates,Deira Dubai,Dubai,+971 58 177 8856,samudrayogadubai@gmail.com,https://samudrayogadubai.com/,4.8,56,google_maps,2026-03-12T21:52:02.056549+00:00
SHOTOKAN KARATE CLUB (JKA UAE),Karate,"#207,2nd Floor. Hadi Plaza Building,26 B Street شارع - Dubai - United Arab Emirates",Deira Dubai,Dubai,+971 52 746 2424,shotokanworld@gmail.com; info@shotokankarateme.com; info@jkauae.com,http://shotokankarateme.com/,4.9,36,google_maps,2026-03-13T01:47:39.194646+00:00
SPEED FITNESS ( BRANCH),Kickboxing,74th St - Al Souq Al Kabeer - Al Fahidi - Dubai - United Arab Emirates,Deira Dubai,Dubai,+971 55 133 4648,,,4.4,38,google_maps,2026-03-12T21:52:16.335646+00:00
Samurai Karate Centre | Martial Arts Training Centre,Karate,79R9+QH2 - Amman St - Al Nahda First - Al Nahda - Dubai - United Arab Emirates,Deira Dubai,Dubai,+97142209595,,,3.7,9,google_maps,2026-03-13T01:44:37.182624+00:00
Sea Wonders General Trading LLC – Gym & Fitness Equipment Supplier,Boxing,Burdubai - MBAL BLDG - shop no. 2 street - behind Bank of Baroda - Al Souq Al Kabeer - Dubai - United Arab Emirates,Deira Dubai,Dubai,+971 56 216 2730,sales@sea-wonders.com,http://www.sea-wonders.com/,4.7,144,google_maps,2026-03-12T23:30:30.929779+00:00
Shamaar Learning Center,Karate,Villa No. 10 Al Khaleej St - Al Mamzar - Deira - Dubai - United Arab Emirates,Deira Dubai,Dubai,+97143969036,info@shamaarlearning.com,https://www.shamaarlearning.com/,4.8,162,google_maps,2026-03-13T01:46:03.833932+00:00
Shorin Ryu Karate Centre,Karate,"Aziz Ahmed TS center, Rashed Buset Building, M floor, D#16 - Dubai - United Arab Emirates",Deira Dubai,Dubai,+971 50 624 6393,,,4.2,5,google_maps,2026-03-13T01:45:11.715050+00:00
Silver Medal Self Defence,"BJJ, MMA, Muay Thai, Kickboxing, Boxing, Karate, Judo, Taekwondo, Martial Arts",201 Naif Rd - Al Murar - Dubai - United Arab Emirates,Deira Dubai,Dubai,+971 55 709 6270,,https://learnovateonecenter.com/,4.8,11,google_maps,2026-03-12T13:31:32.645689+00:00
Smart Body Gym,Boxing,Deira - Al Sabkha Sabka bus stand Al sabka building - Dubai - United Arab Emirates,Deira Dubai,Dubai,+97142260840,,,4.8,16,google_maps,2026-03-12T23:26:51.173083+00:00
Standard Health and Fitness,Boxing,Villa 3 - 18 Al Baraha Rd - Al Baraha - Deira - Dubai - United Arab Emirates,Deira Dubai,Dubai,+971 52 797 8212,,,,,google_maps,2026-03-12T23:30:39.971774+00:00
Star Body Gym,Boxing,Firj Murar - Deira - Dubai - United Arab Emirates,Deira Dubai,Dubai,+97142715454,info@starbodygym.com; dave@lab6.com; hi@typemade.mx,https://starbodygym.com/,4.1,68,google_maps,2026-03-12T23:29:25.460062+00:00
Stay Fit Fitness Club,"Boxing, Karate, Taekwondo",Al Shamsi Building - 54 Amman St - Dubai - United Arab Emirates,Deira Dubai,Dubai,+97142389957,stayfitfitnessclub@gmail.com,http://stayfitgymdubai.com/,4.8,361,google_maps,2026-03-12T23:28:05.880059+00:00
Strong George Performance,Boxing,68Q7+JH8 - Oud Metha - Dubai - United Arab Emirates,Deira Dubai,Dubai,+971 50 911 5825,,https://www.facebook.com/stronggeorgeperformance/,5.0,8,google_maps,2026-03-12T23:30:46.309399+00:00
Sun and Sand Sports Factory Outlet,"Karate, Martial Arts","Ground Floor, Unit Number G-57 - Al Muraqqabat - Deira - Dubai - United Arab Emirates",Deira Dubai,Dubai,+97148801176,privacy@gmg.com; customercare@sunandsandsports.com,https://en-ae.sssports.com/,4.8,832,google_maps,2026-03-13T01:47:30.838809+00:00
TOTAL FIT - Abu Hail,Kickboxing,Granada Coffee Shop - Bldg - 3rd Floor - 288 Abu Hail St - near Emarat Petrol Pump - Hor Al Anz - Deira - Dubai - United Arab Emirates,Deira Dubai,Dubai,+971 56 220 7578,,,4.9,91,google_maps,2026-03-12T21:51:51.696143+00:00
Taekwondo Dubai - Taekwondo Club Dubai (SUPER GYM),"Karate, Judo, Taekwondo, Martial Arts",5 Beirut St - Al Nahda Second - Al Qusais Industrial Area - Dubai - United Arab Emirates,Deira Dubai,Dubai,+971 58 827 4312,,http://taekwondodubai.wixsite.com/taekwondodubai,4.8,12,google_maps,2026-03-13T01:43:58.549234+00:00
The Arabian Karate Club,Taekwondo,79JP+5XG - Al Qusais Ind. Second - Dubai - United Arab Emirates,Deira Dubai,Dubai,+971 56 724 6412,,,5.0,9,google_maps,2026-03-13T04:59:04.102579+00:00
The Pro Fitness by Fitness Hour | Premium Gym,"Kickboxing, Boxing, Karate, Taekwondo, Martial Arts",AL SAFA F building centre - Street # 19 35 Zabeel - beside Karama Post Office - Al Karama - Dubai - United Arab Emirates,Deira Dubai,Dubai,,theprofitness.ae@gmail.com,http://www.profitness.ae/,4.8,106,google_maps,2026-03-12T21:50:48.190063+00:00
Top Sky Land General Trading L.L.C. - Fitness and Sports Equipment in UAE,Boxing,Office #101 - 102 Al Ras Rd - Al Ras - Deira - Dubai - United Arab Emirates,Deira Dubai,Dubai,+971 50 396 2201,,http://www.topskyland.com/,4.9,1382,google_maps,2026-03-12T23:28:33.473237+00:00
Total Fit Gym,Kickboxing,79PQ+6P9 - Damascus Street - near Masherq Bank - Al Qusais - Al Qusais Ind. First - Dubai - United Arab Emirates,Deira Dubai,Dubai,+971 56 220 7207,info@hadkaur.com; info@totalfitdubai.com; muhammedadhils613@gmail.com,https://thetotalfitdubai.com/,5.0,62,google_maps,2026-03-12T21:52:41.191378+00:00
UNITED KARATE & FITNESS CENTRE,Karate,1 - 2 44th St - Al Mamzar - Deira - Dubai - United Arab Emirates,Deira Dubai,Dubai,+97142988885,info@shababalahli.ae,https://www.shababalahli.ae/,4.5,25,google_maps,2026-03-13T01:46:18.494305+00:00
Vijo Fitness & Lifestyle Muteena,"Kickboxing, Boxing",Masaken al muteena 02 al ghurair - 37B St - Al Muteena - Deira - Dubai - United Arab Emirates,Deira Dubai,Dubai,+971 52 107 5968,info@vijofitness.com,http://www.vijofitness.com/,4.8,192,google_maps,2026-03-12T21:51:01.207284+00:00
World of Champions Gym,"Kickboxing, Boxing",24 St - Abu Hail - Deira - Dubai - United Arab Emirates,Deira Dubai,Dubai,+97148927150,info@wocgym.com,https://wocgym.com/,4.6,135,google_maps,2026-03-12T21:50:27.053144+00:00
XFit Gym Mamzar 1 | Best Gym near Mamzar 1,Kickboxing,"79Q5+786 Al Zarooni Building - HC Floor, Al Zarooni Building 3, Al Mamzar 1 - Al Mamzar - Dubai - United Arab Emirates",Deira Dubai,Dubai,+971 58 537 5770,info@xfitgym.ae,https://xfitgym.ae/,4.9,142,google_maps,2026-03-12T21:51:58.805960+00:00
Xcelerate fitness club(XFC GYM),"Kickboxing, Boxing",Dubai Tower - 305 metro station - near Baniyas square - Al Rigga - Deira - Dubai - United Arab Emirates,Deira Dubai,Dubai,+971 58 803 5007,,,5.0,15,google_maps,2026-03-12T21:50:46.579288+00:00
Zarya Wellness Health Club LLC,Karate,4 Damascus Street - Al Qusais - Al Qusais Ind. Second - Dubai - United Arab Emirates,Deira Dubai,Dubai,+971 50 260 4885,info@zaryawellnesshealthclub.com,http://www.zaryawellnesshealthclub.com/,4.1,687,google_maps,2026-03-13T01:46:21.436911+00:00
garlita sports,Boxing,Hor Al Anz - Deira - Dubai - United Arab Emirates,Deira Dubai,Dubai,+971 50 386 8487,,,,,google_maps,2026-03-12T23:27:06.244592+00:00
10th Planet Jiu Jitsu Dubai,"BJJ, MMA, Kickboxing, Wrestling, Karate, Judo, Taekwondo, Martial Arts",Bin Meshar Building - Hessa St - Al Barsha Third - Al Barsha - Dubai - United Arab Emirates,Dubai,Dubai,+97142249019,info@10pjjm.ae,https://10pjjm.ae/,4.9,104,google_maps,2026-03-12T12:49:08.809922+00:00
247 Gym - The Fitness District,"Kickboxing, Boxing, Karate, Taekwondo, Martial Arts",2nd St - Oud Metha - Dubai - United Arab Emirates,Dubai,Dubai,+971 58 524 0247,,,4.5,306,google_maps,2026-03-12T21:09:09.446823+00:00
"247 Martial Arts (karate , Kickboxing , Boxing , yoga)","BJJ, MMA, Kickboxing, Boxing, Karate, Judo, Taekwondo, Martial Arts",2nd St - Oud Metha - Dubai - United Arab Emirates,Dubai,Dubai,+971 54 743 1255,,http://www.247martialarts.com/,5.0,21,google_maps,2026-03-12T12:50:53.512190+00:00
AL RIGGA GYM & STUDIO,"Muay Thai, Kickboxing, Boxing, Karate, Taekwondo, Martial Arts","Al Rigga Gym , VIVA Supermarket building ,M Floor - Al Maktoum Rd - Al Rigga - Dubai - United Arab Emirates",Dubai,Dubai,+971 50 408 5011,,,4.4,,google_maps,2026-03-12T14:30:58.418432+00:00
AQ Boxing Personal Instructor,"Judo, Taekwondo",Al Sufouh 1 - Dubai - United Arab Emirates,Dubai,Dubai,+971 52 264 8311,,https://aqmashop.myshopify.com/,5.0,2,google_maps,2026-03-13T02:28:48.654234+00:00
Al Areen Academy,"BJJ, MMA, Muay Thai, Kickboxing, Boxing, Wrestling, Karate, Judo, Taekwondo, Martial Arts","Street No 28B, Al Quoz Industrial 3 Besides Rentflex Car Rental, Makani No: 2065479313 - Dubai - United Arab Emirates",Dubai,Dubai,+971 56 445 1708,alareenmartialarts@gmail.com,https://alareenacademy.com/,4.7,85,google_maps,2026-03-12T12:49:46.329174+00:00
Al Noon Sports,"Muay Thai, Boxing, Karate, Judo, Taekwondo, Martial Arts",29 4B St - Al Karama - Dubai - United Arab Emirates,Dubai,Dubai,+97143966645,,,4.4,39,google_maps,2026-03-12T14:30:45.591914+00:00
Al Sahra Karate Training Center,"Karate, Taekwondo, Martial Arts",Al Arouba St - Al Majaz 3 - Al Majaz - Sharjah - United Arab Emirates,Dubai,Sharjah,+97165365345,,,4.9,35,google_maps,2026-03-13T01:03:22.580582+00:00
Al Wasl Jiu-Jitsu Academy,"BJJ, MMA, Boxing, Wrestling, Karate, Judo, Taekwondo, Martial Arts",Oud Metha Rd - Al Jadaf - Dubai - United Arab Emirates,Dubai,Dubai,+971 50 454 1100,hello@quadlayers.com,http://www.allinoneclub.org/,4.9,24,google_maps,2026-03-12T12:49:36.659129+00:00
Al Wathiq Martial Arts,"Karate, Judo, Taekwondo, Martial Arts","2nd floor, office 210, royal class, DIP 1 - Dubai - United Arab Emirates",Dubai,Dubai,+971 58 629 6377,info@alwathiqmartialarts.com; alwathiqmartshalartsclub@gmail.com,https://alwathiqmartialarts.com/,5.0,114,google_maps,2026-03-13T00:58:21.783533+00:00
Alliance Dubai Jiu-Jitsu Academy,"BJJ, MMA, Judo, Taekwondo, Martial Arts",Green Community Village - Dubai Investment Park First - Dubai - United Arab Emirates,Dubai,Dubai,+97148878867,contact@alliancedubai.ae,http://alliancedubai.ae/,4.9,168,google_maps,2026-03-12T12:49:07.166449+00:00
Alnasr Jiujitsu Team,"BJJ, Muay Thai, Karate",27 10th St - Oud Metha - Dubai - United Arab Emirates,Dubai,Dubai,+97199185904,careers@alnasr-club.ae; alnasrcl@emirates.net.ae; info@alnasr-club.ae,https://www.alnasrclub.com/en/jiujitsu,4.0,3,google_maps,2026-03-12T12:50:51.907492+00:00
Alsalam Martial arts club,"BJJ, MMA, Muay Thai, Kickboxing, Boxing, Wrestling, Karate, Judo, Taekwondo, Martial Arts",4th St - Al Qouz Third - Al Quoz - Dubai - United Arab Emirates,Dubai,Dubai,+971 55 536 6647,,http://www.kyokushin-dubai.com/,5.0,13,google_maps,2026-03-12T12:50:02.666358+00:00
Animal Flow Group classes DIFC / Damac park towers,"BJJ, MMA, Muay Thai, Kickboxing, Karate, Judo, Taekwondo, Martial Arts",675H+RC6 - Zaa'beel Second - DIFC - Dubai - United Arab Emirates,Dubai,Dubai,+97197865384,,http://www.mooduktkd.com/,,,google_maps,2026-03-12T12:50:27.235557+00:00
Antara Jiu Jitsu Academy,"BJJ, MMA, Muay Thai, Kickboxing, Boxing, Karate, Judo, Taekwondo, Martial Arts",API 1000 Building - Al Wasl Rd - Dubai - United Arab Emirates,Dubai,Dubai,+97143314484,info@roycegraciedubai.com; connectwithus@antarajj.com; info@antarajj.com,http://www.antarajj.com/,4.9,229,google_maps,2026-03-12T12:49:05.530361+00:00
Arabilla Building,"Muay Thai, Kickboxing, Boxing, Karate, Taekwondo, Martial Arts",79M2+7J9 - شارع - Al Wuheida - Deira - Dubai - United Arab Emirates,Dubai,Dubai,+97142556649,,,4.2,64,google_maps,2026-03-12T14:31:37.979007+00:00
Atrixion Combat Sports Academy,"BJJ, MMA, Kickboxing, Boxing, Karate, Judo, Taekwondo, Martial Arts",Le Meridien Dubai Hotel - 2nd Floor Airport Rd - Al Garhoud - Dubai - United Arab Emirates,Dubai,Dubai,+971 56 321 1555,info@atrixiondubai.com,https://atrixiondubai.com/,4.8,24,google_maps,2026-03-12T12:50:33.886275+00:00
BKG Sports Club,"BJJ, Martial Arts",Al Qouz Ind.fourth - Al Quoz - Dubai - United Arab Emirates,Dubai,Dubai,+971 56 202 0075,info@bkgdubai.com,https://bkgdubai.com/,4.9,,google_maps,2026-03-12T12:51:04.841002+00:00
BLACK WOLF MARTIAL ARTS CENTER,Muay Thai,Arjan - Al Barsha South Third - Al Barsha - Dubai - United Arab Emirates,Dubai,Dubai,+97143942693,info@faceoffgym.com,https://faceoffgym.com/,5.0,3,google_maps,2026-03-12T14:30:04.537476+00:00
BUKA GYM,"BJJ, MMA, Kickboxing, Boxing, Wrestling, Karate, Judo, Taekwondo, Martial Arts",Al Thanyah Fifth - Jumeirah Lakes Towers - Dubai - United Arab Emirates,Dubai,Dubai,+971 52 588 1505,info@bukagym.ae,http://bukagym.ae/,4.4,87,google_maps,2026-03-12T12:50:17.444952+00:00
BoxLab,"Muay Thai, Kickboxing, Boxing, Karate, Taekwondo, Martial Arts",Fairmont - The Palm Jumeirah - Dubai - United Arab Emirates,Dubai,Dubai,+971 58 833 5965,,https://box-lab.me/,5.0,58,google_maps,2026-03-12T14:29:59.084955+00:00
Boxing Golden Ring,"Kickboxing, Boxing, Karate, Taekwondo, Martial Arts",18th St - Al Qouz Ind.first - Al Quoz - Dubai - United Arab Emirates,Dubai,Dubai,+971 50 865 3999,,https://goldenboxingring.com/,5.0,49,google_maps,2026-03-12T21:08:44.911705+00:00
Boxing MuayThai Kickboxing with Amin,"Muay Thai, Kickboxing, Boxing",34QW+8HM - Marsa Dubai - Dubai Marina - Dubai - United Arab Emirates,Dubai,Dubai,+971 52 593 4811,,https://www.instagram.com/coach_muaythai_dubai?igsh=ZTQ4Z2lvbGtncnR4,5.0,7,google_maps,2026-03-12T14:30:15.440121+00:00
Bushido Martial Arts and Fitness,"BJJ, Karate, Judo, Taekwondo, Martial Arts",Two Season Hotel & Apartment - Al Wasl - Dubai - United Arab Emirates,Dubai,Dubai,+971 52 985 2265,info@bushidoskif.com,https://www.bushidoskif.com/,,,google_maps,2026-03-12T12:50:48.652876+00:00
CH Martial Arts Academy Dubai,"BJJ, MMA, Muay Thai, Kickboxing, Boxing, Karate, Judo, Taekwondo, Martial Arts",CH Martial Arts Academy - Wadi Al Safa 7 - The Sustainable City - Dubai - United Arab Emirates,Dubai,Dubai,+971 58 512 3523,info@chacademy.ae,http://chacademy.ae/,5.0,33,google_maps,2026-03-12T12:49:44.730224+00:00
Champions Gym,Boxing,Kuwait St - Al Karama - Dubai - United Arab Emirates,Dubai,Dubai,+971 50 854 5999,,,4.7,241,google_maps,2026-03-12T22:36:12.807713+00:00
Cityman Power Gym - Satwa,"Kickboxing, Boxing",Al Satwa - Dubai - United Arab Emirates,Dubai,Dubai,+97145914493,,,4.9,1344,google_maps,2026-03-12T21:09:32.114205+00:00
Coach Ahmad Kick boxing & Muay Thai,"Muay Thai, Kickboxing",Al Shafar Tower 2 - Metro Station - near Internet City - Al Thanyah First - Barsha Heights - Dubai - United Arab Emirates,Dubai,Dubai,+97142576302,info@faceoffgym.com,https://faceoffgym.com/,4.8,588,google_maps,2026-03-12T14:31:04.285889+00:00
Combat Nation Martial Arts Club,"BJJ, MMA, Muay Thai, Kickboxing, Boxing, Wrestling, Karate, Judo, Taekwondo, Martial Arts",Hills Avenue Mall - Office A - 101 First Floor - above Carrefour Market - Mirdif - Dubai - United Arab Emirates,Dubai,Dubai,+971 50 166 0285,example@mysite.com,http://www.combatnation.me/,5.0,30,google_maps,2026-03-12T12:50:01.020900+00:00
Contact Combat Krav Maga UAE,"BJJ, MMA, Muay Thai, Kickboxing, Boxing, Karate, Judo, Taekwondo, Martial Arts",Two Seasons Hotel & Apartment Kia Flagship Building - Al Sufouh - Al Sufouh 2 - Dubai - United Arab Emirates,Dubai,Dubai,+971 56 432 2489,,http://www.contactcombatuae.com/,4.9,45,google_maps,2026-03-12T12:50:20.707295+00:00
DMA MARTIAL ARTS & FITNESS CENTER,"BJJ, MMA, Muay Thai, Kickboxing, Boxing, Karate, Judo, Taekwondo, Martial Arts",Baghdad Street - Al Nahda Second - Al Nahda - Dubai - United Arab Emirates,Dubai,Dubai,+97143200680,info@dmafitnessclub.com,http://www.dmafitnessclub.com/,4.7,82,google_maps,2026-03-12T12:51:03.238630+00:00
Dalong Martial Arts,"Muay Thai, Kickboxing, Karate, Taekwondo, Martial Arts","Plot No. 3653942, Al Khail Gate - Al Qouz Ind.second - Al Quoz - Dubai - United Arab Emirates",Dubai,Dubai,+971 56 239 8669,,https://dalongmartialarts.com/,5.0,14,google_maps,2026-03-12T14:29:53.999554+00:00
"Defender Karate Training Centre, Samari Retail - Ras Al Khor","Karate, Taekwondo, Martial Arts",behind Samari Residency - Ras Al Khor Industrial Area 3 - Dubai - United Arab Emirates,Dubai,Dubai,+971 50 575 7095,info@hskd-academy.com,https://hskd-academy.ae/,4.8,20,google_maps,2026-03-13T01:00:55.571199+00:00
Downtown Boxing Club,"Boxing, Karate, Taekwondo, Martial Arts",8 - 1 Sheikh Mohammed bin Rashid Blvd - Burj Khalifa - Downtown Dubai - Dubai - United Arab Emirates,Dubai,Dubai,+971 56 247 8081,privacy@gmg.com; customercare@sunandsandsports.com,https://en-ae.sssports.com/,5.0,1,google_maps,2026-03-12T22:36:25.852411+00:00
Dubai Taekwon-Do Academy,"Karate, Judo, Taekwondo, Martial Arts",23 Al Nahham St - Jumeirah - Jumeira Third - Dubai - United Arab Emirates,Dubai,Dubai,+971 50 529 5779,,https://www.dubaitkd.com/,5.0,8,google_maps,2026-03-13T01:02:40.232342+00:00
Entropy Jiu Jitsu,"BJJ, MMA, Kickboxing, Karate, Judo, Taekwondo, Martial Arts",14 D67 - Dubai Warehouse 05 - Dubai - United Arab Emirates,Dubai,Dubai,+97143238902,,https://www.entropyjiujitsu.com/,5.0,73,google_maps,2026-03-12T12:49:15.429885+00:00
Etisalat Academy Sports & Leisure Club,Judo,7C56+969 Al - E311 - Muhaisanah Second - Muhaisanah 2 - Dubai - United Arab Emirates,Dubai,Dubai,+97142043400,,,4.2,1643,google_maps,2026-03-13T02:27:30.950283+00:00
FIVE STARS GYM Al Barsha,Boxing,565M+QV3 - Al Qouz Third - Al Quoz - Dubai - United Arab Emirates,Dubai,Dubai,+97143332215,,https://www.instagram.com/tkomuaythai.ae?igsh=amloMXVtYmJndmZ6,4.9,13,google_maps,2026-03-12T22:36:30.919554+00:00
Face Off Fitness - Al Nahda | GYM,"Muay Thai, Kickboxing, Boxing",79RC+WF6 Union Coop - First Floor - Al Nahda Second - Al Nahda - Dubai - United Arab Emirates,Dubai,Dubai,+97143942693,info@faceoffgym.com,https://faceoffgym.com/,4.7,235,google_maps,2026-03-12T14:30:49.096983+00:00
Falcons MMA,"BJJ, MMA, Muay Thai, Kickboxing, Boxing, Wrestling, Karate, Judo, Taekwondo, Martial Arts",Al Barsha 1 Street 1 Pinnacle building - Office 416 - 4th Floor - Dubai - United Arab Emirates,Dubai,Dubai,+971 50 864 8360,,https://instagram.com/falconsmmadxb?igshid=MDM4ZDc5MmU=,5.0,169,google_maps,2026-03-12T12:49:26.854656+00:00
First sports LLC Br - SPALL,"Muay Thai, Kickboxing, Boxing, Karate, Judo, Taekwondo, Martial Arts",Hotel building - Office No: 4/5 - Al Maktoum Hospital Road - near Al Ansari exchange - Al Buteen - Deira - Dubai - United Arab Emirates,Dubai,Dubai,+97145911003,moeez@spallsport.co,https://spallsport.co/,4.9,150,google_maps,2026-03-12T14:29:50.787928+00:00
Fit Box Gym,"Muay Thai, Kickboxing, Boxing, Karate, Judo, Taekwondo, Martial Arts",34MX+XH3 - Marsa Dubai - Dubai Marina - Dubai - United Arab Emirates,Dubai,Dubai,+971 56 511 7950,tigerkickboxinguae@gmail.com; tigeracademyuae@gmail.com,http://www.tigerkickboxing.com/,4.4,7,google_maps,2026-03-12T14:30:50.905597+00:00
Fly High Fitness,"BJJ, MMA, Kickboxing, Boxing, Karate, Martial Arts","72nd Street, Dubai Investment Park - 1 - Dubai - United Arab Emirates",Dubai,Dubai,+97142249075,info@flyhighfitness.org,http://flyhighfitness.org/,4.5,450,google_maps,2026-03-12T12:50:37.103348+00:00
Flying Roses (Rhythmic Gymnastics & Taekwondo),"Taekwondo, Martial Arts",AL Khan Corniche St - Al Khan - Sharjah - United Arab Emirates,Dubai,Sharjah,+971 52 135 9238,,http://www.flyingroses.ae/,4.7,98,google_maps,2026-03-13T04:00:06.138620+00:00
Focus Karate Centre,"Karate, Judo, Taekwondo, Martial Arts",16 Al Esbij St - Al Souq Al Kabeer - Al Fahidi - Dubai - United Arab Emirates,Dubai,Dubai,+97143544168,,,4.6,33,google_maps,2026-03-13T01:00:01.137244+00:00
GEAR-UP 360 FITNESS 💪🏽 for personal training Hyrox boxing spinning and pump,Boxing,Dubai schools - Al Barsha South First - Al Barsha - Dubai - United Arab Emirates,Dubai,Dubai,+971 50 865 6635,,,5.0,6,google_maps,2026-03-12T22:36:43.190373+00:00
GMNSM,"BJJ, MMA, Muay Thai, Kickboxing, Boxing, Wrestling, Karate, Judo, Taekwondo, Martial Arts","Mezzanine (M) Floor, Golden Mile 7, Palm - Jumeirah - Dubai - United Arab Emirates",Dubai,Dubai,+97145122000,,https://gmnsm.com/,4.8,12,google_maps,2026-03-12T12:49:52.865155+00:00
"GOLDEN FIST INTERNATIONAL ACADEMY - Karate Classes, Mixed Martial Arts, Kung fu, Kick Boxing","BJJ, MMA, Kickboxing, Boxing, Karate, Judo, Taekwondo, Martial Arts",26 41st St - Al Souq Al Kabeer - Al Fahidi - Dubai - United Arab Emirates,Dubai,Dubai,+971 50 425 0077,,http://www.goldenfistkarate.net/,4.7,42,google_maps,2026-03-12T12:50:58.372557+00:00
Gloves & Glory Sport Academy,"BJJ, MMA, Muay Thai, Kickboxing, Boxing, Judo",Royal Class Business Center - 313 Third Floor - Dubai Investment Park First - Green Community Village - Dubai - United Arab Emirates,Dubai,Dubai,+971 58 657 5892,webmaster@glovesandglory.academy,http://www.glovesandglory.academy/,4.9,45,google_maps,2026-03-12T12:49:51.250034+00:00
Golden Star Karate and Kalari Qusais,"Karate, Taekwondo, Martial Arts","Prime Medical Fitness Center Building, Al Qusais Plaza - Room number 513 - Damascus Street - near Oasis Residency - Al Qusais - Al Qusais Ind. Second - Dubai - United Arab Emirates",Dubai,Dubai,+971 55 620 9909,,http://www.goldenstarkarate.com/,4.7,23,google_maps,2026-03-13T01:00:06.579985+00:00
Golden falcon karate ibn battuta,"Karate, Taekwondo, Martial Arts",Ibn Battuta Gate Building - Jebel Ali Village - Dubai - United Arab Emirates,Dubai,Dubai,+97145839982,,http://www.goldenfalconkarate.com/,5.0,57,google_maps,2026-03-13T00:58:51.227098+00:00
Gracie Barra Al Quoz Brazilian Jiu-Jitsu,"BJJ, Karate, Taekwondo, Martial Arts","Plot No. 3653942, Al Khail Gate - Ambassador International Akademie - inside the school - Al Quoz - Dubai - United Arab Emirates",Dubai,Dubai,+971 56 565 7050,,https://bjjdubai.com/alquoz/?utm_source=google&utm_medium=my-business,,,google_maps,2026-03-12T12:50:23.939875+00:00
Gracie Barra Dubai - Jiu Jitsu & MMA in Nadd Al Hamar,"BJJ, Taekwondo",Nadd Al Hamar - Dubai - United Arab Emirates,Dubai,Dubai,+971 58 579 9140,gbdubainadalhamar@gmail.com,https://graciebarra-dubai.com/,4.9,46,google_maps,2026-03-12T12:49:10.475926+00:00
Gracie Barra Dubai SO,"BJJ, MMA, Kickboxing, Wrestling, Karate, Judo, Taekwondo, Martial Arts","SIT Tower Silicon Oasis, 3rd Floor - Office 308 - Dubai - United Arab Emirates",Dubai,Dubai,+971 56 731 3041,info@graciebarrasharjah.com; gbdubainadalhamar@gmail.com; info@bjjdubai.com,https://www.graciebarrauae.com/,4.8,58,google_maps,2026-03-12T12:49:13.781796+00:00
Gracie Barra Jiu Jitsu – Jumeirah Beach Residence Dubai,"BJJ, Karate, Taekwondo, Martial Arts",Al Fattan Marine Towers S14 - Marsa Dubai - Jumeirah Beach Residence - Dubai - United Arab Emirates,Dubai,Dubai,+971 56 562 7762,,https://bjjdubai.com/jbr/?utm_source=google&utm_medium=my-business,5.0,8,google_maps,2026-03-12T12:49:41.488373+00:00
Gracie Barra Sharjah Jiu Jitsu,"BJJ, Kickboxing, Karate, Taekwondo, Martial Arts",7FX5+9G2 - Muwaileh Commercial - Industrial Area - Sharjah - United Arab Emirates,Dubai,Sharjah,+971 50 704 8494,info@graciebarrasharjah.com,http://graciebarrasharjah.com/,4.8,28,google_maps,2026-03-12T12:50:56.756951+00:00
Gracie Humaita,"BJJ, MMA, Boxing, Karate, Judo, Taekwondo, Martial Arts",Al Ferdous 3 - Al Wasl Rd - Al Safa 1 - Dubai - United Arab Emirates,Dubai,Dubai,+97148813009,sales@graciehumaita.ae,https://graciehumaita.ae/,5.0,56,google_maps,2026-03-12T12:49:33.348681+00:00
GymNation Downtown Dubai | Best Gym in Downtown Dubai,Kickboxing,South Heights Tower A - Dubai - United Arab Emirates,Dubai,Dubai,+97133614802,sophie@gymnation.com; aldrin@gymnation.com; dhaivat@gymnation.com,https://gymnation.com/gymsnearme/downtown-dubai/,4.7,4230,google_maps,2026-03-12T21:10:09.853198+00:00
HSKD Martial Arts Academy,"Karate, Taekwondo, Martial Arts",LLFPM - Nad Al Sheba - Dubai - United Arab Emirates,Dubai,Dubai,+971 58 527 2831,info@hskd-academy.com,https://hskd-academy.ae/,4.8,8,google_maps,2026-03-13T01:02:58.365783+00:00
Heroes Academy,"BJJ, MMA, Muay Thai, Kickboxing, Wrestling, Karate, Judo, Taekwondo, Martial Arts",Al Maeda Compound Warehouse 11 - 2 75 Street - Dubai Investment Park Second - Dubai - United Arab Emirates,Dubai,Dubai,+971 58 583 6980,info@heroesacademy.ae,http://heroesacademy.ae/,5.0,69,google_maps,2026-03-12T12:50:45.311400+00:00
I F K Karate Center Branch - Dubailand Residence,"Karate, Taekwondo, Martial Arts",Ajmal Sarah - Wadi Al Safa 5 - Dubai - United Arab Emirates,Dubai,Dubai,+971 52 632 3011,ifkkarateuae@gmail.com,http://ifkuae.net/,4.9,12,google_maps,2026-03-13T01:00:14.836385+00:00
IKO Kyokushinkai-Kan Karate Dubai Dojo,"Karate, Taekwondo, Martial Arts",Al Qouz Third - Al Quoz - Dubai - United Arab Emirates,Dubai,Dubai,+971 55 536 6647,,http://www.kyokushin-dubai.com/,5.0,13,google_maps,2026-03-13T01:00:20.873208+00:00
IMRAN ABBAS FITNESS GYM (BR).,"Kickboxing, Karate, Taekwondo, Martial Arts",Sheikh Zayed Rd - Al Wasl - Dubai - United Arab Emirates,Dubai,Dubai,+971 56 276 0908,abc@xyz.com; imranabbasfytnessgym@gmail.com,https://deals4fit.com/,4.9,115,google_maps,2026-03-12T21:10:29.282635+00:00
Ikehara - Jiu Jitsu self defense Academy Dubai,"BJJ, MMA, Kickboxing, Boxing, Karate, Judo, Taekwondo, Martial Arts","UB3, Daytona House - Detroit Rd - Dubai Motor City - Dubai - United Arab Emirates",Dubai,Dubai,+17026100638,,http://instagram.com/ikhracademy,5.0,41,google_maps,2026-03-12T12:49:35.029096+00:00
Imran Abbas Fitness GYM,"Kickboxing, Karate, Taekwondo, Martial Arts",Toyota Building - Al Safa St - Al Wasl - Dubai - United Arab Emirates,Dubai,Dubai,+971 56 276 0908,abc@xyz.com; imranabbasfytnessgym@gmail.com,http://www.deals4fit.com/,4.9,202,google_maps,2026-03-12T21:08:46.518355+00:00
Iron Street Gym | Fitness Center - Dubai,Kickboxing,Marrakech St - Al Garhoud - Dubai - United Arab Emirates,Dubai,Dubai,+97145486007,,http://ironstreet.ae/,4.2,97,google_maps,2026-03-12T21:09:52.140611+00:00
Jean Jacques Machado Jiu Jitsu Dubai,"BJJ, MMA, Karate, Judo, Taekwondo, Martial Arts",Bin Meshar Building - Hessa St - Al Barsha Third - Al Barsha - Dubai - United Arab Emirates,Dubai,Dubai,+97142249019,,,5.0,13,google_maps,2026-03-12T12:49:28.458621+00:00
Jesters Jiu Jitsu,"BJJ, Taekwondo, Martial Arts",2 6A Street - Al Qouz Ind.third - Al Quoz - Dubai - United Arab Emirates,Dubai,Dubai,+971 52 645 1141,info@jestersjiujitsu.com; example@mysite.com,http://www.jestersjiujitsu.com/,5.0,23,google_maps,2026-03-12T12:49:49.602806+00:00
Job Offer,Judo,201 Naif Rd - Al Murar - Dubai - United Arab Emirates,Dubai,Dubai,+971 50 917 2429,,,5.0,1,google_maps,2026-03-13T02:28:36.561182+00:00
Jska karate center al warqa'a,"Karate, Taekwondo, Martial Arts",primus school road - Al Warqa - al warqa'a 1 - Dubai - United Arab Emirates,Dubai,Dubai,+971 56 602 0741,,,5.0,5,google_maps,2026-03-13T01:02:21.666498+00:00
Judo Taekwondo,"Judo, Taekwondo, Martial Arts",97 Algeria St - Mirdif - Dubai - United Arab Emirates,Dubai,Dubai,+97142503222,info@palmssports.com,http://palmssports.com/,5.0,1,google_maps,2026-03-13T02:29:03.041506+00:00
KO8 Fitness DXB,"Muay Thai, Kickboxing, Boxing, Karate, Taekwondo, Martial Arts",Dusit Princess Residences - Dubai Marina - Building Al Emreef St - Marsa Dubai - Dubai Marina - Dubai - United Arab Emirates,Dubai,Dubai,+971 56 399 5868,info@ko8.fitness; dxb@ko8.fitness,http://studio.ko8.fitness/,4.9,180,google_maps,2026-03-12T14:29:11.572990+00:00
Karama GYM,"Muay Thai, Boxing, Karate, Taekwondo, Martial Arts",D Block، karama Center - 5th Floor - Kuwait St - Al Karama - Dubai - United Arab Emirates,Dubai,Dubai,+971 56 226 0437,info@martialartdxb.com,https://martialartdxb.com/,4.6,52,google_maps,2026-03-12T14:30:30.446896+00:00
"Kickboxing Pro Academy - Al Nahda-2, Dubai","Kickboxing, Boxing, Karate",Ananas Building - 201 - next to pond park - Al Nahda Second - Dubai - United Arab Emirates,Dubai,Dubai,+971 56 358 3722,,,5.0,6,google_maps,2026-03-12T21:09:50.538163+00:00
Knight's GYM by Knight Shot,Boxing,"F floor -Roof Top, Armada hotel - First Al Khail St - Al Barsha First - Al Barsha - Dubai - United Arab Emirates",Dubai,Dubai,+971 50 533 9479,,https://knightshot.com/,4.6,70,google_maps,2026-03-12T22:36:16.036265+00:00
KoCrossBox Gym Dubai,"BJJ, MMA, Muay Thai, Kickboxing, Boxing, Karate, Judo, Taekwondo, Martial Arts",Al Raiha St - Marsa Dubai - Dubai Marina - Dubai - United Arab Emirates,Dubai,Dubai,+971 50 963 6126,info@kocrossboxdubai.com,https://kocrossboxgym.ae/membership/,4.3,59,google_maps,2026-03-12T12:50:42.029714+00:00
Krav Maga Dubai Training Center,"BJJ, MMA, Kickboxing, Karate, Taekwondo, Martial Arts",Al Salam Martial Arts - 4th St - Al Qouz Ind.third - Al Quoz - Dubai - United Arab Emirates,Dubai,Dubai,+971 50 343 1832,info@kravmagamiddleast.com,http://www.kravmagamiddleast.com/,5.0,45,google_maps,2026-03-12T12:49:48.011278+00:00
LEAD Academy - Business Bay,"Muay Thai, Kickboxing, Boxing, Karate, Taekwondo, Martial Arts","Safeer and Avanti - Capital Bay by Damac backside area, shop Ra6 facing park Paid parking available - in front of Capital Bay Towers - Dubai - United Arab Emirates",Dubai,Dubai,+971 55 841 5988,info@leadfit.ae,https://leadfit.ae/,5.0,113,google_maps,2026-03-12T14:30:20.392774+00:00
Lehadus Boxing,"Muay Thai, Kickboxing, Boxing, Martial Arts",Jumeira 3 Al Wasl Road - Al Bailee Street - Dubai - United Arab Emirates,Dubai,Dubai,+971 55 866 0771,,https://fitboxgymdubai.com/,5.0,28,google_maps,2026-03-12T14:31:43.287594+00:00
Level Up Gyms (lvlup Gym) - Gymnastics & Sports Centre in Dubai,"BJJ, Kickboxing, Boxing, Karate, Judo, Taekwondo, Martial Arts","Dubai Production City (IMPZ Ali Al Hashemi Building, Ground Floor - Dubai - United Arab Emirates",Dubai,Dubai,+97145762333,info@lvlupgyms.com,https://www.lvlupgyms.com/,4.5,299,google_maps,2026-03-12T12:50:22.321595+00:00
Leverage Star Boxing Club,"Kickboxing, Boxing, Taekwondo, Martial Arts","First Floor, Blue Wave Tower - Office 9 - Al Ain - Dubai Rd - Wadi Al Safa 5 - Dubai - United Arab Emirates",Dubai,Dubai,+971 52 745 0997,,https://www.instagram.com/leverage_star_boxing_club?igsh=YXd3OWdxOXR6a3R0,4.9,29,google_maps,2026-03-12T21:09:20.766161+00:00
Lions Academy for Training,"Kickboxing, Boxing, Karate, Judo, Taekwondo, Martial Arts","Al Tayer Building, Door - M01 Same Building of Delhi Darbar Restaurant Near Karama Park - Al Karama - Dubai - United Arab Emirates",Dubai,Dubai,+971 54 272 2729,,https://lionskarateuae.com/,4.9,60,google_maps,2026-03-12T21:09:55.359439+00:00
MMA Live Gym Dubai,"BJJ, MMA, Muay Thai, Kickboxing, Boxing, Karate, Taekwondo, Martial Arts",Al Boom - Tourist Village - Dubai - United Arab Emirates,Dubai,Dubai,+971 56 996 8088,mmalivegym@gmail.com; mmalive.gymdubai@gmail.com,https://mmalive.com/,4.8,23,google_maps,2026-03-12T12:49:59.366724+00:00
Matrix Martial Arts,"BJJ, MMA, Kickboxing, Karate, Judo, Taekwondo, Martial Arts",KIA Flagship Office - Building G04 Sheikh Zayed Rd - Al Qouz First - Al Quoz - Dubai - United Arab Emirates,Dubai,Dubai,+971 58 667 1200,,http://www.matrixmartialart.com/,5.0,44,google_maps,2026-03-12T12:50:04.338238+00:00
Max Burn Gym,"Boxing, Karate, Taekwondo, Martial Arts","Al Quoz 3, Street 4, Warehouse #10 - Dubai - United Arab Emirates",Dubai,Dubai,+97142322876,,,4.4,159,google_maps,2026-03-12T22:35:52.624993+00:00
Middle East Karate Academy - Al Quoz,"Karate, Taekwondo, Martial Arts",Al Qouz Fourth - Al Quoz - Dubai - United Arab Emirates,Dubai,Dubai,+971 50 521 3362,,http://www.facebook.com/mekarateacademy,4.3,16,google_maps,2026-03-13T01:00:43.487016+00:00
Moo Duk Taekwondo @ Al Barari,"Taekwondo, Martial Arts",Wadi Al Safa 3 - Al Barari - Dubai - United Arab Emirates,Dubai,Dubai,+971 56 900 0833,,https://www.mooduktkd.com/,,,google_maps,2026-03-13T04:01:26.481539+00:00
Muaythai Lions,"Muay Thai, Boxing, Karate, Taekwondo, Martial Arts",Arjan - Al Barsha South Third - Al Barsha - Dubai - United Arab Emirates,Dubai,Dubai,+971 55 536 6647,,http://www.kyokushin-dubai.com/,5.0,3,google_maps,2026-03-12T14:30:02.634015+00:00
Muaythai boxing T,Boxing,Dubai Mall - Sheikh Mohammed bin Rashid Blvd - Burj Khalifa - Downtown Dubai - Dubai - United Arab Emirates,Dubai,Dubai,+971 52 593 8411,info@amfitpro.com,http://www.amfitpro.com/,5.0,1,google_maps,2026-03-12T22:36:47.991422+00:00
Muscle Mania Fitness Gym LLC,"Kickboxing, Boxing, Karate, Taekwondo, Martial Arts",M floor - Building 68 Al Maktoum Rd - near Deira Clocktower - Al Muraqqabat - Al Rigga - Dubai - United Arab Emirates,Dubai,Dubai,+971 50 900 6435,jacson767@gmail.com; info@musclemaniafitness.com; contact56@zacsion.com,http://www.musclemaniafitness.com/,4.9,445,google_maps,2026-03-12T21:09:56.957911+00:00
New Cityman Fitness Gym,"Kickboxing, Boxing",21st St - Al Bada' - Dubai - United Arab Emirates,Dubai,Dubai,+97144579986,,,4.9,292,google_maps,2026-03-12T21:10:22.011729+00:00
Nova Fit Gym,"Boxing, Taekwondo, Martial Arts",56XX+RH4 - Al Wasl - Dubai - United Arab Emirates,Dubai,Dubai,+97143356682,,http://novafitdubai.com/,4.9,39,google_maps,2026-03-12T22:34:20.595377+00:00
OlympX Chess Dubai,Judo,OlympX Chess Center Dubai Kia Flagship Building - Office G22 - Sheikh Zayed Rd - Dubai - United Arab Emirates,Dubai,Dubai,+971 50 691 9722,,,4.8,11,google_maps,2026-03-13T02:28:06.643125+00:00
OlympX Martial Arts Club,"BJJ, MMA, Kickboxing, Karate, Judo, Taekwondo, Martial Arts",Kia Flagship Office G31 - Dubai - United Arab Emirates,Dubai,Dubai,+971 50 691 9722,,https://www.uaekungfu.com/,5.0,9,google_maps,2026-03-12T12:50:28.885929+00:00
Optimal Boxing,Boxing,Building 4 - Dubai Studio City - Dubai - United Arab Emirates,Dubai,Dubai,+971 56 808 2386,info@optimalfitness.ae,https://promo.optimalfitness.ae/optimal-boxing/,5.0,9,google_maps,2026-03-12T22:35:47.775671+00:00
"PREMIER MARTIAL ARTS DUBAI (Ibn Battuta, Discovery Gardens)","Kickboxing, Karate, Taekwondo, Martial Arts",Ibn Battuta Gate Building - 503A 5th Floor - Jebel Ali Village - Dubai - United Arab Emirates,Dubai,Dubai,+971 52 954 0022,,,5.0,158,google_maps,2026-03-12T21:09:27.278850+00:00
Palm Jiu Jitsu Studio,"BJJ, MMA, Kickboxing, Boxing, Karate, Judo, Taekwondo",West beach - Palm Jumeirah Rd - The Palm Jumeirah - Dubai - United Arab Emirates,Dubai,Dubai,+971 55 808 5022,,https://www.palmjs.com/,5.0,25,google_maps,2026-03-12T12:49:31.701811+00:00
Palms Sports Jiu Jitsu and Body Fitness,"BJJ, MMA, Judo, Taekwondo, Martial Arts",6CFG+4HQ - Mirdif - Dubai - United Arab Emirates,Dubai,Dubai,+97142503222,info@palmssports.com,http://palmssports.com/,4.4,7,google_maps,2026-03-12T12:51:06.475793+00:00
Personal trainer dubai,"Muay Thai, Kickboxing, Boxing, Judo, Taekwondo, Martial Arts",Two tower - loading bay - Barsha Heights - Dubai - United Arab Emirates,Dubai,Dubai,+971 56 197 7177,,,5.0,24,google_maps,2026-03-12T14:30:52.824903+00:00
Phoenix Black Belt Academy,"BJJ, MMA, Muay Thai, Kickboxing, Boxing, Karate, Judo, Taekwondo, Martial Arts",Bldg. 14 - Street 25 - Al Qouz Ind.fourth - Dubai - United Arab Emirates,Dubai,Dubai,+971 50 765 2502,info@martialartsdubai.com; phoenixtkdacademy@gmail.com,http://martialartsdubai.com/,4.8,119,google_maps,2026-03-12T12:49:57.720678+00:00
PowerFour Sports Academy,"Kickboxing, Boxing, Taekwondo, Martial Arts",Ibn Battuta Gate - Unit 109 1st Floor - Jebel Ali Village - Dubai - United Arab Emirates,Dubai,Dubai,+971 50 182 0898,powerfour2023@gmail.com,https://powerfourfitness.com/,5.0,96,google_maps,2026-03-12T21:09:19.166372+00:00
Professional Muay Thai & Boxing Coach - Personal Trainer,"Muay Thai, Kickboxing, Boxing, Judo, Taekwondo, Martial Arts",Shatha Tower - 9th Floor - Al Sufouh - Dubai Internet City - Dubai - United Arab Emirates,Dubai,Dubai,+971 52 167 9096,,https://www.instagram.com/elfrederik?igsh=cW5xemNhY3VtaWxv&utm_source=qr,5.0,9,google_maps,2026-03-12T14:30:09.901528+00:00
ReStart Fitness Center & Gym,"Kickboxing, Boxing, Karate, Taekwondo, Martial Arts",18 Kuwait St - Al Raffa - Dubai - United Arab Emirates,Dubai,Dubai,+971 56 873 9633,,https://studio14.ae/,4.8,355,google_maps,2026-03-12T21:09:30.507492+00:00
Reform Athletica Jumeirah,"Kickboxing, Martial Arts",Villa 40 - 165a Jumeira St - next to Mercato Mall - Jumeirah - Jumeirah 1 - Dubai - United Arab Emirates,Dubai,Dubai,+97143233670,info@reformathletica.com,http://www.reformathletica.com/,4.4,115,google_maps,2026-03-12T21:09:53.750573+00:00
Renzo Gracie Dubai,"BJJ, MMA, Muay Thai, Kickboxing, Karate, Judo, Taekwondo, Martial Arts",Al Qouz Ind.fourth - Al Quoz - Dubai - United Arab Emirates,Dubai,Dubai,+97142669145,info@renzogracie.ae; info@renzograciedubai.ae,https://renzograciedubai.ae/,4.9,63,google_maps,2026-03-12T12:49:21.995817+00:00
Renzo Gracie MMA Dubai,"BJJ, MMA, Muay Thai, Kickboxing, Boxing, Karate, Judo, Taekwondo, Martial Arts",17B St - Al Qouz Ind.third - Al Quoz - Dubai - United Arab Emirates,Dubai,Dubai,+971 56 666 9791,,https://www.renzogracieuae.com/,5.0,384,google_maps,2026-03-12T12:49:25.252870+00:00
Rika sports academy,Judo,Amity university - Al Rowaiyah First - Academic City - Dubai - United Arab Emirates,Dubai,Dubai,+971 56 508 8668,info@rikasportsacademy.com,https://rikasportsacademy.com/?fbclid=PAZXh0bgNhZW0CMTEAAaaZnMJJWulZbyWojJjiDWB4BKBp4_Kv2GCqHsqFD9d0dkIrBabpidquMWA_aem_FNAaIvZR_vANmo4nDg01Dw,4.8,23,google_maps,2026-03-13T02:27:42.978790+00:00
Rossi Team Dojo,"BJJ, Kickboxing, Karate, Judo, Taekwondo, Martial Arts",Garhoud Community 4th floor - Dubai - United Arab Emirates,Dubai,Dubai,+971 56 267 1372,,http://www.rossiteamacademy.com/,5.0,9,google_maps,2026-03-12T12:50:38.706917+00:00
Royal Arsenal Martial Arts Academy,"Kickboxing, Karate, Taekwondo, Martial Arts","107, 1st Floor, Al Jawhara Building (Next to ADCB Bank), Before Life Pharmacy - Khalid Bin Al Waleed Rd - Dubai - United Arab Emirates",Dubai,Dubai,+971 56 891 0323,contact@royalarsenal.club; info@rama-uae.com,http://www.royalarsenal.club/,4.8,644,google_maps,2026-03-12T21:10:27.545241+00:00
SIAS Dubai Gym: Self Defense & Martial Arts Academy By Sargis Bazinyan,"BJJ, MMA, Muay Thai, Kickboxing, Boxing, Wrestling, Karate, Taekwondo, Martial Arts",317 Al Awir Road - Nadd Al Hamar - Dubai - United Arab Emirates,Dubai,Dubai,+971 50 750 3003,info@sias-dubai.com,https://www.sias-dubai.com/,4.7,48,google_maps,2026-03-12T12:50:07.657997+00:00
STAR GYM SATWA - Best gym,Boxing,opposite Satwa Bus Stand 23 - Al Satwa - Dubai - United Arab Emirates,Dubai,Dubai,+971 55 177 4983,info@star-gym.net,https://star-gym.net/,4.8,630,google_maps,2026-03-12T22:35:50.981889+00:00
Sensei’s Martial Arts Club,"BJJ, MMA, Muay Thai, Kickboxing, Karate, Judo, Taekwondo, Martial Arts",148 Abu Baker Al Siddique St - Al Muraqqabat - Deira - Dubai - United Arab Emirates,Dubai,Dubai,+971 50 362 9958,info@unitedkarategroup.com,https://www.unitedkarategroup.com/,5.0,9,google_maps,2026-03-12T12:51:01.623144+00:00
Shahzad47s,"Muay Thai, Kickboxing, Boxing, Karate, Taekwondo, Martial Arts",Al Satwa - Dubai - United Arab Emirates,Dubai,Dubai,+971 50 464 5037,,,5.0,1,google_maps,2026-03-12T14:30:00.836753+00:00
Shaolin Kung Fu - Dubai,"BJJ, MMA, Muay Thai, Kickboxing, Karate, Judo, Taekwondo, Martial Arts",Sports Hall - Dubai British School، E21 Street - Emirates Hills - الفجيرة - United Arab Emirates,Dubai,Dubai,+971 50 573 5482,example@mysite.com; uaeshaolin@gmail.com,http://www.shaolin.ae/,4.7,47,google_maps,2026-03-12T12:50:10.935893+00:00
Sharjah Sports Club,Judo,University City Rd - Industrial Areas - Industrial Area - Sharjah - United Arab Emirates,Dubai,Sharjah,+97165421555,,http://www.sharjahclub.ae/,4.4,759,google_maps,2026-03-13T02:28:21.421229+00:00
Spartans Boxing Club Town Square,"Kickboxing, Boxing, Karate, Martial Arts","Rawda, Central Park Town Square - Unit 10 - Al Yalayis 2 - Dubai - United Arab Emirates",Dubai,Dubai,+971 52 524 2559,townsquare@spartansboxing.com,https://spartansboxing.com/townsquare/,5.0,93,google_maps,2026-03-12T21:08:38.395075+00:00
Streetwise DXB - Self Defence,BJJ,Dubai Investment Park First - Dubai - United Arab Emirates,Dubai,Dubai,+971 58 174 4979,,https://streetwisedxb.com/,,,google_maps,2026-03-12T12:50:55.115894+00:00
Studio 100 Jiu Jitsu Motor City,"BJJ, MMA, Muay Thai, Kickboxing, Boxing, Karate, Judo, Taekwondo, Martial Arts","Studio 201, Kojak Building - 203 Detroit Rd - above Arab Bank - Al Hebiah First - Dubai Motor City - Dubai - United Arab Emirates",Dubai,Dubai,+971 58 541 6838,,https://www.studio100bjj.com/,4.7,167,google_maps,2026-03-12T12:49:12.135157+00:00
TAO Jiu-Jitsu Academy,"BJJ, MMA, Muay Thai, Kickboxing, Boxing, Karate, Judo, Taekwondo, Martial Arts",The offices by Archetype - Dubai - United Arab Emirates,Dubai,Dubai,+971 50 438 9471,office@taojiujitsu.ae,https://taojiujitsu.ae/,4.9,54,google_maps,2026-03-12T12:49:18.700323+00:00
TEEP Muay Thai,Muay Thai,Junction Mall Dubai Investment park 1 - Dubai - United Arab Emirates,Dubai,Dubai,+971 54 221 4046,example@mail.com; teepgym@gmail.com; ahasanbetopia57@gmail.com,https://teepmt.com/,5.0,12,google_maps,2026-03-12T14:28:16.565046+00:00
TKMMAFIT,"BJJ, MMA, Muay Thai, Kickboxing, Boxing, Karate, Judo, Taekwondo, Martial Arts",Al Shatha Tower - 9th - Al Sufouh - Dubai Media City - Dubai - United Arab Emirates,Dubai,Dubai,+97145641922,info@tkmmafit.com,https://tkmmafit.com/,4.5,610,google_maps,2026-03-12T12:50:19.051952+00:00
TRIPL3 MMA,"BJJ, MMA, Muay Thai, Kickboxing, Boxing, Wrestling, Karate, Judo, Taekwondo, Martial Arts",Mazaya Business Avenue - Tower AA1 - GROUNDFLOOR - UNIT 1B+1C - First Al Khail St - Jumeirah Lakes Towers - Dubai - United Arab Emirates,Dubai,Dubai,+97143534385,info@tripl3mma.com,https://www.tripl3mma.com/,5.0,335,google_maps,2026-03-12T12:49:20.344114+00:00
Team Nogueira Dubai,"BJJ, MMA, Muay Thai, Kickboxing, Boxing, Wrestling, Karate, Judo, Taekwondo, Martial Arts","Al Ghurair Ware House, Sheikh Zayed Road,EXIT 46,Al Quoz Industrial Area 3 - behind THE NEW AUDI SHOWROOM - Dubai - United Arab Emirates",Dubai,Dubai,+97143388967,info@teamnogueiradubai.com,http://teamnogueiradubai.com/,4.7,661,google_maps,2026-03-12T12:49:23.654983+00:00
Team Zone 10,"BJJ, Kickboxing, Boxing, Judo, Taekwondo, Martial Arts",366P+3X6 - Al Barsha South Third - Al Barsha - Dubai - United Arab Emirates,Dubai,Dubai,+971 50 827 2111,info@teamzone10.net,https://teamzone10.net/,5.0,64,google_maps,2026-03-12T12:50:40.372411+00:00
The Champion Club,"BJJ, MMA, Muay Thai, Kickboxing, Boxing, Wrestling, Karate, Judo, Taekwondo, Martial Arts",Icon Towers 2 - Cluster L - Al Thanyah Fifth - Jumeirah Lakes Towers - Dubai - United Arab Emirates,Dubai,Dubai,+97144474980,,,4.5,125,google_maps,2026-03-12T12:50:09.318424+00:00
The Forge Gym x Roger Gracie Dubai Academy,"BJJ, MMA, Muay Thai, Kickboxing, Boxing, Karate, Judo, Taekwondo, Martial Arts",API Business Suites - 321 Sheikh Zayed Rd - Al Barsha First - Al Barsha - Dubai - United Arab Emirates,Dubai,Dubai,+971 56 550 0234,fitmax@gmail.com; info@rogergraciedubai.com; sales@rogergraciedubai.com,http://www.rogergraciedubai.com/,4.9,88,google_maps,2026-03-12T12:49:17.045031+00:00
The Warrior Academy,"BJJ, MMA, Muay Thai, Kickboxing, Boxing, Wrestling, Karate, Judo, Taekwondo, Martial Arts",The Warrior Academy - Office M16 - 1 15A St - Al Qouz Ind.first - Al Quoz - Dubai - United Arab Emirates,Dubai,Dubai,+971 58 542 4089,,https://warrioracademy.ae/class-times/dubai-al-quoz-class-times/?utm_source=localmaps&utm_medium=gmb&utm_campaign=Al-Joud-Center,4.9,1020,google_maps,2026-03-12T12:49:43.094194+00:00
The Warrior Academy Dubai,"BJJ, MMA, Kickboxing, Boxing, Karate, Judo, Taekwondo, Martial Arts",Orion building Shop 5 - Al Barsha South - Dubai - United Arab Emirates,Dubai,Dubai,+971 55 712 4038,,https://warrioracademy.ae/class-times/dubai-arjan-class-times/?utm_source=localmaps&utm_medium=gmb&utm_campaign=Arjan,4.9,307,google_maps,2026-03-12T12:49:38.255422+00:00
Traditional Martial Arts & Fitness,"Muay Thai, Kickboxing, Boxing, Karate, Judo, Taekwondo, Martial Arts",Green Land Co. LLC - Al Mozna Building - 105 Al Doha St - Al Qusais - Al Qusais 1 - Dubai - United Arab Emirates,Dubai,Dubai,+971 55 243 4373,info@karatekid.com,https://karatekiduae.com/,4.8,287,google_maps,2026-03-12T14:30:08.132008+00:00
Tsuna Jiu Jitsu,"BJJ, Karate, Judo, Taekwondo, Martial Arts","Goshi Warehouse City, Warehouse 119 - Al Qouz Ind.third - Dubai - United Arab Emirates",Dubai,Dubai,+971 58 587 8119,example@mysite.com,https://tsunajj.com/,5.0,25,google_maps,2026-03-12T12:49:30.050942+00:00
UAE AIKIKAI AIKIDO - Al Nasr,"Karate, Judo, Taekwondo, Martial Arts",Al Nasser Club - 10th St - Oud Metha - Dubai - United Arab Emirates,Dubai,Dubai,+971 50 552 8078,,http://www.uaeaikido.com/,5.0,13,google_maps,2026-03-13T01:00:40.470967+00:00
UAE ITF TAEKWONDO - DUBAI - JUMEIRA 1,"Karate, Taekwondo, Martial Arts",The Ballet Center - Villah #64 - 16C St - Jumeirah 1 - Dubai - United Arab Emirates,Dubai,Dubai,+97143449776,,http://www.balletcentredubai.com/,4.6,5,google_maps,2026-03-13T01:02:31.208217+00:00
UAE Karate Federation,"Karate, Taekwondo, Martial Arts",79P7+CJM - Amman St - Al Nahda First - Al Qusais 1 - Dubai - United Arab Emirates,Dubai,Dubai,+97142393223,,http://www.uaekaratefederation.ae/,4.5,24,google_maps,2026-03-13T01:00:37.515105+00:00
UFC GYM - Business Bay | Bay Square,"BJJ, MMA, Muay Thai, Kickboxing, Boxing, Karate, Taekwondo, Martial Arts",P Floor - Building 1 Al Asayel St - Dubai - United Arab Emirates,Dubai,Dubai,+97142230708,,https://www.ufcgym.me/landing/uae-form,4.5,875,google_maps,2026-03-12T12:50:32.208239+00:00
United Karate Sports Centre,"Karate, Taekwondo, Martial Arts",68Q3+FVC - 20B St - Al Karama - Dubai - United Arab Emirates,Dubai,Dubai,+971 50 624 6393,info@unitedkarategroup.com,https://unitedkarategroup.com/,4.7,14,google_maps,2026-03-13T01:01:54.025195+00:00
United Kickboxing Academy - Al Quoz,"Kickboxing, Boxing, Karate, Taekwondo, Martial Arts",Just Play Sports Complex - 15A St - Al Qouz Ind.first - Al Quoz - Dubai - United Arab Emirates,Dubai,Dubai,+971 55 427 2200,info@indiantypefoundry.com,http://www.unitedkickboxingacademy.com/,5.0,18,google_maps,2026-03-12T21:07:49.467313+00:00
Universal Martial Arts Academy,"BJJ, MMA, Muay Thai, Kickboxing, Boxing, Wrestling, Karate, Judo, Taekwondo, Martial Arts",Lynx Tower 205 Nadd Hessa - Dubai Silicon Oasis - Dubai - United Arab Emirates,Dubai,Dubai,+971 55 214 4199,hello@quadlayers.com,http://www.allinoneclub.org/,5.0,135,google_maps,2026-03-12T12:50:05.999247+00:00
Universal Martial Arts Academy (Apple Branch),"BJJ, MMA, Muay Thai, Kickboxing, Boxing, Karate, Judo, Taekwondo, Martial Arts",Al Qusais - Al QusaisAl Qusais 1 - Dubai - United Arab Emirates,Dubai,Dubai,+971 55 214 4199,hello@quadlayers.com,http://www.allinoneclub.org/,5.0,23,google_maps,2026-03-12T12:50:59.966911+00:00
Universal Martial Arts Academy Karama,"BJJ, MMA, Muay Thai, Karate, Judo",66 10D St - Al Karama - Dubai - United Arab Emirates,Dubai,Dubai,+971 55 214 4199,hello@quadlayers.com; info@allinoneclub.org,http://allinoneclub.org/,4.5,4,google_maps,2026-03-12T12:51:08.095475+00:00
WE FIT TOGETHER,"Kickboxing, Boxing",oval tower - Al Khaleej Al Tejari 2 street - 1st floor - Business Bay - Dubai - United Arab Emirates,Dubai,Dubai,+971 56 353 5084,,http://wefitdubai.com/,4.8,467,google_maps,2026-03-12T21:09:48.930329+00:00
WTTU Moo Duk Taekwondo,"BJJ, MMA, Boxing, Karate, Judo, Taekwondo, Martial Arts",675H+RC6 - Zaa'beel Second - DIFC - Dubai - United Arab Emirates,Dubai,Dubai,+971 58 551 3311,,http://www.mooduktkd.com/,4.9,62,google_maps,2026-03-12T12:50:15.843057+00:00
Wellfit JVC,"BJJ, MMA, Kickboxing, Boxing, Karate, Judo, Taekwondo, Martial Arts",Circle Mall - Al Barsha South Fourth - Jumeirah Village Circle - Dubai - United Arab Emirates,Dubai,Dubai,,,https://www.wellfit.me/,4.7,3098,google_maps,2026-03-12T12:50:50.304942+00:00
Wellfit Sport Society Mirdif,"BJJ, Kickboxing, Boxing, Judo, Taekwondo, Martial Arts",Mirdif - Dubai - United Arab Emirates,Dubai,Dubai,,info@wellfit.me,https://wellfit.me/en/sport-society-mirdif/,4.9,346,google_maps,2026-03-12T12:50:35.498272+00:00
World Black Belts Centre,"BJJ, MMA, Kickboxing, Boxing, Karate, Judo, Taekwondo, Martial Arts",Sheikh Zayed Rd - Al Wasl - Dubai - United Arab Emirates,Dubai,Dubai,+97143434397,,http://www.800wbbc.com/,4.9,20,google_maps,2026-03-12T12:50:14.238762+00:00
World Federation of Shotokan Karate Center,"Karate, Judo, Taekwondo, Martial Arts",5C45+33F - Warsan First - Greece - Dubai - United Arab Emirates,Dubai,Dubai,+971 54 453 8805,,,5.0,7,google_maps,2026-03-13T01:01:42.402761+00:00
Wrestling ME Dubai,"Wrestling, Taekwondo, Martial Arts",Just Play Sports Complex - 15A St - Al Qouz Ind.first - Al Quoz - Dubai - United Arab Emirates,Dubai,Dubai,+971 50 295 1715,samirnassif986@gmail.com,https://wrestlingme.ae/,4.4,,google_maps,2026-03-13T00:43:29.365640+00:00
XFit Gym Karama | Top and Best Gym near Karama Dubai,"Kickboxing, Boxing","Al Sherouq Building, Ground Floor - Al Karama - Dubai - United Arab Emirates",Dubai,Dubai,+971 58 570 0513,info@xfitgym.ae,https://xfitgym.ae/,4.7,181,google_maps,2026-03-12T21:10:08.168130+00:00
Yousfi Muay-Thai & Fitness | BUSINESS BAY DUBAI,"Muay Thai, Kickboxing, Boxing, Karate, Taekwondo, Martial Arts",Emarat Atrium Building - Al Wasl - Dubai - United Arab Emirates,Dubai,Dubai,+971 58 594 9910,,,5.0,92,google_maps,2026-03-12T14:28:21.507372+00:00
Zen Shaolin Academy 阿联酋少林文化中心,"Muay Thai, Kickboxing, Boxing, Karate, Judo, Taekwondo, Martial Arts","Al Attar business center - 301, 3rd floor - Al Barsha First - Al Barsha - Dubai - United Arab Emirates",Dubai,Dubai,+971 52 692 7178,zenshaolinacademy@gmail.com; info@zen-shaolin.com,https://www.zen-shaolin.com/,5.0,62,google_maps,2026-03-12T14:31:36.274860+00:00
Zenith Motions Academy,"BJJ, Karate, Taekwondo, Martial Arts",SO Tower Uptown DMCC - Al Thanyah Fifth - Dubai - United Arab Emirates,Dubai,Dubai,+971 56 350 0323,contact@zenithmotions.com; contact@zenithmotionsacademy.com,https://www.zenithmotions.com/,5.0,1,google_maps,2026-03-12T12:50:30.487602+00:00
Zenith sport karate,"Karate, Taekwondo, Martial Arts","JVC, J2 - Al Barsha South Fourth - Jumeirah Village Circle - Dubai - United Arab Emirates",Dubai,Dubai,+971 50 558 0657,,http://zenithactivity.com/,5.0,24,google_maps,2026-03-13T01:01:00.943330+00:00
365 SPORT CLUBS & FACILITIES MANAGEMENT,Boxing,26th St - Al Qouz Ind.fourth - Al Quoz - Dubai - United Arab Emirates,Dubai Hills,Dubai,+971 58 577 9365,info@the365physique.com,http://www.team365.me/,5.0,36,google_maps,2026-03-12T23:59:29.066383+00:00
Anna personal trainer,Boxing,"Five hotel - jvc, Jumeirah Village Circle - Street 5 - Dubai - United Arab Emirates",Dubai Hills,Dubai,+97139285345,,https://www.instagram.com/anastasia_fitdxb?igsh=MXBlbG56dTJ4OWRqaQ==,4.6,27,google_maps,2026-03-12T23:59:15.269736+00:00
Champions Karate Academy,"Karate, Martial Arts",Nad Al Sheba - Dubai - United Arab Emirates,Dubai Hills,Dubai,+971 58 591 5086,,,,,google_maps,2026-03-13T02:01:36.174256+00:00
Defence&Athletics Club,"Kickboxing, Boxing, Karate, Judo, Martial Arts","Community Center, Community Gym - Madinat Hind 4 - Damac Hills - Dubai - United Arab Emirates",Dubai Hills,Dubai,+971 54 766 4210,,,5.0,24,google_maps,2026-03-12T22:07:06.032861+00:00
"Defender Karate Training Centre, Wasl Green Park - Ras Al Khor","Karate, Judo, Taekwondo, Martial Arts","E1 Block, Wasl Green Park - Shop No 03 - Ras Al Khor - Ind Area 3 - Dubai - United Arab Emirates",Dubai Hills,Dubai,+971 50 575 7095,,,1.0,1,google_maps,2026-03-13T02:01:21.566632+00:00
Dr.stretch Dubai Hills Mall | The King of Stretch,Karate,Al Khail Rd - Hadaeq Sheikh Mohammed Bin Rashid - Dubai - United Arab Emirates,Dubai Hills,Dubai,+97148529386,hello@drstretch.ae,https://drstretch.ae/,5.0,667,google_maps,2026-03-13T02:01:48.196536+00:00
Dubai Hills Mall,Judo,Al Khail Rd - Hadaeq Sheikh Mohammed Bin Rashid - Dubai - United Arab Emirates,Dubai Hills,Dubai,+97144485033,dhmguestservice@emaar.ae,http://www.dubaihillsmall.ae/,4.7,25596,google_maps,2026-03-13T03:35:25.219278+00:00
F45 Training Dubai Hills,"Kickboxing, Boxing, Judo","Dubai Hills Estate Business Park 3 Unit 105, Level 1 - Dubai - United Arab Emirates",Dubai Hills,Dubai,+971 54 994 6177,dubaihills@f45training.ae; dubaihills.admin@f45training.ae,https://f45training.ae/dubaihills,4.9,152,google_maps,2026-03-12T22:08:33.152920+00:00
Gravity Calisthenics Gym,"Kickboxing, Boxing, Judo",Inside Capitol Real Estate Compound - Warehouse 1 - Al Asayel rd - Al Qouz Ind.fourth - Al Quoz - Dubai - United Arab Emirates,Dubai Hills,Dubai,+97143216006,info@gravitydxb.com,https://gravitydxb.com/?utm_source=google&utm_medium=organic&utm_campaign=gbp_dubai,4.7,325,google_maps,2026-03-12T22:09:05.104949+00:00
Hamilton Sport Science,Boxing,Padel pro - Al Qouz Ind.second - Al Quoz - Dubai - United Arab Emirates,Dubai Hills,Dubai,+971 50 504 5190,,https://www.hamiltonsportscience.com/,5.0,21,google_maps,2026-03-12T23:57:46.150133+00:00
Hwa Rang Martial Arts Club - Dubai Taekwon-Do,"Karate, Taekwondo, Martial Arts",Me'aisem First - Dubai Production City - Dubai - United Arab Emirates,Dubai Hills,Dubai,+971 56 785 2822,dubaitaekwondoacademy@gmail.com,http://www.hwarangclub.com/,5.0,4,google_maps,2026-03-13T02:01:12.489269+00:00
INTO THE ROOM GYM | GROUP FITNESS CLASSES | PERSONAL TRAINING | OPEN GYM | DUBAI HILLS,"Kickboxing, Boxing, Judo",Acacia A - Unit 2 - Hadaeq Sheikh Mohammed Bin Rashid - Dubai Hills - Dubai - United Arab Emirates,Dubai Hills,Dubai,+971 50 935 9826,reception@intotheroom.com,https://www.intotheroom.com/,4.7,45,google_maps,2026-03-12T22:08:28.317251+00:00
Kickboxing Pro Academy - Dubai Silicon Oasis,Muay Thai,Maleha St - Industrial Areas - Sharjah - United Arab Emirates,Dubai Hills,Sharjah,+971 50 588 0685,spartanfitnesssharjah@gmail.com; info@spartans.ae,http://spartans.ae/,4.7,521,google_maps,2026-03-12T20:52:07.693073+00:00
"Mayweather Boxing + Fitness, Dubai Creek Harbour","Kickboxing, Boxing, Taekwondo, Martial Arts",Creek Gate Tower 1 - Dubai Creek Harbour - Dubai - United Arab Emirates,Dubai Hills,Dubai,+971 50 597 7080,info@mayweatherfit.ae,https://www.mayweatherfit.ae/?utm_source=gbp&utm_medium=organic&utm_campaign=home,4.5,58,google_maps,2026-03-12T22:08:11.177662+00:00
Melodica Music Academy - Silicon Central,Karate,Silicon Central - Nadd Hessa - Dubai Silicon Oasis - Dubai - United Arab Emirates,Dubai Hills,Dubai,+97142946618,furjan@melodica.ae; jvc@melodica.ae; zahia@melodica.ae,https://melodica.ae/,4.9,882,google_maps,2026-03-13T02:02:15.342136+00:00
PLATFORM Studios - Dubai Hills,Boxing,"367 and 369 units, L1, Dubai Hills Mall, Dubai Hills - Dubai - United Arab Emirates",Dubai Hills,Dubai,+97142582006,,https://www.theplatformstudios.com/,4.6,274,google_maps,2026-03-12T23:58:06.565108+00:00
Smart fitness Dubai,Boxing,"Train SF, Marina Dubai downtown - JLT - Al Quoz - Dubai - United Arab Emirates",Dubai Hills,Dubai,+971 54 585 9895,kravatrener@gmail.com,http://smartfitness.systemizem3.com/linktree,5.0,1,google_maps,2026-03-12T23:59:37.898248+00:00
Trainers Dubai,Boxing,6 4th St - Al Qouz Ind.third - Al Quoz - Dubai - United Arab Emirates,Dubai Hills,Dubai,+971 55 767 7389,mailto@trainersdubai.com; info@trainersdubai.com,https://www.trainersdubai.com/,5.0,6,google_maps,2026-03-12T23:58:46.741509+00:00
Universal Martial Arts Academy Aquila Dojo,"Kickboxing, Karate, Judo, Taekwondo, Martial Arts",The Aquila School - Wadi Al Safa 5 - Dubai - United Arab Emirates,Dubai Hills,Dubai,+971 55 214 4199,hello@quadlayers.com; info@allinoneclub.org,https://allinoneclub.org/,5.0,13,google_maps,2026-03-12T22:08:39.791279+00:00
9 Element Martial Arts Dubai (CONTACT FIRST),"BJJ, MMA, Kickboxing, Karate, Judo, Taekwondo, Martial Arts",Al Murjan Tower - Marsa Dubai - Dubai Marina - Dubai - United Arab Emirates,Dubai Marina,Dubai,+971 55 919 6179,ask@nodojoninja.org; nodojoninja@gmail.com,https://nodojoninja.org/,5.0,4,google_maps,2026-03-12T13:20:39.476349+00:00
ACCA Middle East,Judo,"Block 13 - Ground Floor, Office no G 38 - Dubai Knowledge Park - Dubai - United Arab Emirates",Dubai Marina,Dubai,+97143915451,,https://www.accaglobal.com/middle-east/en.html,3.0,29,google_maps,2026-03-13T02:57:10.352533+00:00
Blegend Gym,"MMA, Muay Thai, Kickboxing, Boxing, Karate, Judo, Taekwondo, Martial Arts",Concord Tower - 39 Floor - Al Sufouh - Dubai Media City - Dubai - United Arab Emirates,Dubai Marina,Dubai,+971 50 553 6865,,https://blegendgym.com/,4.9,,google_maps,2026-03-12T14:03:59.603613+00:00
Boxica Palm,"Boxing, Karate, Taekwondo, Martial Arts","Palm Jumeirah, Golden Mile Galleria Mall, Building 3, Ground Floor - Dubai - United Arab Emirates",Dubai Marina,Dubai,+971 55 935 0951,,http://boxica.ae/,5.0,1,google_maps,2026-03-12T23:07:18.664526+00:00
Boxing | MMA | kickboxing | Muay Thai | Krav Maga | weight loss,"MMA, Muay Thai, Kickboxing, Boxing, Karate, Taekwondo, Martial Arts",57qh+85j - Burj Khalifa - Downtown Dubai - Dubai - United Arab Emirates,Dubai Marina,Dubai,+971 56 666 2243,,,5.0,91,google_maps,2026-03-12T14:04:57.503921+00:00
Champ Belts Kickboxing & Muay Thai Club in Dubai,"MMA, Muay Thai, Kickboxing, Boxing, Karate, Judo, Taekwondo, Martial Arts",46J8+259 - Al Qouz Ind.third - Al Quoz - Dubai - United Arab Emirates,Dubai Marina,Dubai,+971 56 997 1015,,https://champ-belts.com/?utm_source=gmb&utm_medium=maps,5.0,151,google_maps,2026-03-12T14:04:26.988182+00:00
Dynamic Design DMCC,Judo,349Q+GHR - Cluster C - Al Thanyah Fifth - Jumeirah Lakes Towers - Dubai - United Arab Emirates,Dubai Marina,Dubai,+97145135823,,http://www.dynamicdesigndxb.com/,4.8,5,google_maps,2026-03-13T02:56:55.327548+00:00
Eclipse - Wellbeing Hub & School,Karate,"Promenade - Marina Quays West Tower, Waterfront Level - Walk - Dubai Marina - Dubai - United Arab Emirates",Dubai Marina,Dubai,+97142255437,info@goeclipse.com,http://www.goeclipse.com/,4.9,179,google_maps,2026-03-13T01:32:43.440088+00:00
Fitness Avenue,"Kickboxing, Boxing","1st Floor Warsan Tower 10, Al Rabee’a 2 Barsha Heights - Barsha Heights - Dubai - United Arab Emirates",Dubai Marina,Dubai,+97142384427,,,4.3,117,google_maps,2026-03-12T21:36:32.457569+00:00
Golden Eagle Martial Arts,"BJJ, MMA, Muay Thai, Kickboxing, Boxing, Karate, Judo, Taekwondo, Martial Arts",Dwight School - Al Hebiah Fourth - Dubai Sports City - Dubai - United Arab Emirates,Dubai Marina,Dubai,+971 50 695 5109,contact@sansoxygen.com; info@goldeneaglema.com,http://www.goldeneaglema.com/,4.6,30,google_maps,2026-03-12T13:20:29.623382+00:00
Leo's Sports Academy,"Karate, Taekwondo, Martial Arts",Sheikh Zayed Rd - Al Sufouh - Al Sufouh 2 - Dubai - United Arab Emirates,Dubai Marina,Dubai,+971 52 840 3144,info@leosportacademy.com,http://leosportacademy.com/,5.0,23,google_maps,2026-03-13T01:33:16.756100+00:00
MIDTOWN MARTIAL ARTS CLUB,"BJJ, MMA, Kickboxing, Boxing, Karate, Judo, Taekwondo, Martial Arts",68FR+R3R - Al Jadaf - Jaddaf Waterfront - Dubai - United Arab Emirates,Dubai Marina,Dubai,+971 55 609 6843,anapbm@gmail.com; info@midtowngcc.com; team@latofonts.com,http://www.midtowngcc.com/,5.0,151,google_maps,2026-03-12T13:20:46.004013+00:00
MMI - Armada-JLT,Judo,"Basement Level, Cluster P - Armada Tower - 3 Sheikh Zayed Rd - Jumeirah Lakes Towers - Dubai - United Arab Emirates",Dubai Marina,Dubai,+97144251701,mmihomedelivery@mmi.ae,https://www.mmihomedelivery.ae/,4.4,100,google_maps,2026-03-13T02:55:54.916593+00:00
MMI - Dubai Harbour,Judo,D-Marina Harbour Master Building Unit number 11 - Dubai - United Arab Emirates,Dubai Marina,Dubai,+97143797780,mmihomedelivery@mmi.ae,https://www.mmihomedelivery.ae/,4.5,60,google_maps,2026-03-13T02:55:04.522429+00:00
MUAY THAI & BOXING COACH,"MMA, Muay Thai, Kickboxing, Boxing",Marina walk - Marina Promenade - Marsa Dubai - Dubai Marina - Dubai - United Arab Emirates,Dubai Marina,Dubai,+971 52 571 5518,,https://www.instagram.com/yankeemachine?igsh=ZW9kemdsdW01YXdl&utm_source=qr,5.0,10,google_maps,2026-03-12T14:04:04.489801+00:00
Parabellum MMA Academy Dubai,"Judo, Taekwondo, Martial Arts",Concord Tower - Al Sufouh - Dubai Media City - Dubai - United Arab Emirates,Dubai Marina,Dubai,+971 55 456 3538,info@parabellummmaacademy.com,https://parabellummmaacademy.com/,,,google_maps,2026-03-13T02:54:52.199768+00:00
Prime Fitness Dubai Marina,Judo,349J+3J2 - Marsa Dubai - Dubai Marina - Dubai - United Arab Emirates,Dubai Marina,Dubai,+97145583693,amro.abbas.1999@gmail.com; jwikumsara@gmail.com; ghemosubijay49@gmail.com,https://www.primefitnessdxb.ae/,4.6,99,google_maps,2026-03-13T02:54:07.542815+00:00
Pursueit,"Karate, Taekwondo, Martial Arts","in5 Tech - HD42B, First Floor - Al Sufouh - Dubai Internet City - Dubai - United Arab Emirates",Dubai Marina,Dubai,+971 58 578 7783,,https://www.pursueit.ae/,4.8,95,google_maps,2026-03-13T01:32:19.248253+00:00
RANGE,"Kickboxing, Boxing, Karate, Judo, Taekwondo, Martial Arts",Dubai Marsa Dubai (Bluewaters Island Building 15 - Dubai - United Arab Emirates,Dubai Marina,Dubai,+971 58 821 0656,,https://gyms.range.space/en?utm_source=maps&utm_medium=google&utm_campaign=gyms-en_form&utm_content=bluewaters,5.0,25,google_maps,2026-03-12T21:35:39.667446+00:00
Sportify Academy,Karate,"La Suite Dubai Hotel & Apartments, Sidra Tower - Sheikh Zayed Rd - Al Sufouh - Al Sufouh 1 - Dubai - United Arab Emirates",Dubai Marina,Dubai,+971 54 201 0201,info@sportify.academy,http://www.sportify.academy/,5.0,43,google_maps,2026-03-13T01:33:25.171478+00:00
Stryx Sports,Karate,Shatha Tower - Office 3303 - Al Sufouh - Al Sufouh 2 - Dubai - United Arab Emirates,Dubai Marina,Dubai,+97142479777,info@stryxsports.com,https://stryxsports.com/,4.2,64,google_maps,2026-03-13T01:33:22.140247+00:00
Studio Republik Fitness Center LLC,"MMA, Muay Thai, Kickboxing, Boxing, Karate, Judo, Taekwondo, Martial Arts",Exit 41 - Eiffel Building 1 - Sheikh Zayed Rd - Umm Al Sheif - Dubai - United Arab Emirates,Dubai Marina,Dubai,+97142461500,info@studio-republik.com,https://studio-republik.com/,4.6,925,google_maps,2026-03-12T14:04:44.727165+00:00
TITAN TAEKWONDO DUBAI - by KO CROSSBOX GYM,"BJJ, MMA, Kickboxing, Karate, Judo, Taekwondo, Martial Arts",Al Marsa St - Marsa Dubai - Dubai Marina - Dubai - United Arab Emirates,Dubai Marina,Dubai,+971 55 547 2121,,,5.0,14,google_maps,2026-03-12T13:19:40.386570+00:00
The Marina Gym-24 hours Gym in Dubai Marina,"Kickboxing, Boxing, Judo","basement 2, Al Husn Marina - Shop No.8 - Al Marsa Road - Marsa Dubai - Dubai Marina - Dubai - United Arab Emirates",Dubai Marina,Dubai,+971 55 234 1770,info@themarinagym.com,https://themarinagym.com/,4.7,224,google_maps,2026-03-12T21:35:47.646142+00:00
The Origami Factory,"Karate, Taekwondo, Martial Arts",Concord Tower - Al Sufouh - Dubai Media City - Dubai - United Arab Emirates,Dubai Marina,Dubai,+971 55 456 3538,info@origamifactory.co,https://origamifactory.co/,5.0,1,google_maps,2026-03-13T01:31:03.014611+00:00
Toe 2 Toe WORLDWIDE - Boxing Gloves for Sale,"MMA, Muay Thai, Kickboxing, Boxing, Karate, Judo, Taekwondo, Martial Arts",806 B - Briah street - Marsa Dubai - Dubai Marina - Dubai - United Arab Emirates,Dubai Marina,Dubai,+971 55 344 0989,,https://linktr.ee/l8.ton,5.0,2,google_maps,2026-03-12T14:04:17.256148+00:00
TrainMe Martial Arts and Yoga,"BJJ, MMA, Kickboxing, Karate, Judo, Taekwondo, Martial Arts",Cityland Mall - Wadi Al Safa 4 - Dubai - United Arab Emirates,Dubai Marina,Dubai,+971 50 584 2784,trainmeuae@gmail.com,https://trainme.ae/,5.0,2,google_maps,2026-03-12T13:20:54.363238+00:00
UBX Marina Gate,"MMA, Kickboxing, Boxing, Karate, Taekwondo, Martial Arts","The Residences at Marina Gate - Unit R201, Mezzanine Level - Dubai - United Arab Emirates",Dubai Marina,Dubai,+971 58 577 3376,ubx-marina-gate-club-page@emailmaps.12rnd-hq.gymleads-comms.net; marinagate@ubxtraining.ae,https://ubxtraining.com/gym/marina-gate,5.0,27,google_maps,2026-03-12T14:03:54.824679+00:00
iGym: Gymnastics for Kids,"Kickboxing, Boxing","LG Floor, Nakheel Mall - Palm Jumeirah - Dubai - United Arab Emirates",Dubai Marina,Dubai,+971 50 483 9397,info@i-gym.ea,https://www.i-gym.ae/,4.8,109,google_maps,2026-03-12T21:36:34.041173+00:00
4Life Gym,"Kickboxing, Boxing",48CP+FW9 - Mraisheed - Fujairah - United Arab Emirates,Fujairah,Fujairah,+97192220444,,,4.1,133,google_maps,2026-03-12T21:23:15.367060+00:00
7kings Fitness Centre Mirbah,Kickboxing,Rughaylat Rd - Mirbih - Fujairah - United Arab Emirates,Fujairah,Fujairah,+971 56 913 1655,,,4.3,55,google_maps,2026-03-12T21:24:01.855549+00:00
AL TANEEN KARATE CENTER,"MMA, Muay Thai, Kickboxing, Taekwondo",New Sakamkam - near to New sakamkam mosque - Al Sharyah - 1 - Fujairah - United Arab Emirates,Fujairah,Fujairah,+971 56 266 4674,,https://www.instagram.com/altaneenkaratefujairah?igsh=NXpwNGZvaGIwYWll,5.0,2,google_maps,2026-03-12T14:00:38.084780+00:00
ARROW FITNESS - Lulu Mall Fujairah,"Kickboxing, Boxing",Lulu Mall - Fujairah City Center - Fujairah - United Arab Emirates,Fujairah,Fujairah,+97192344481,info@arrowfirness.ae,https://www.arrowfitness.ae/,3.9,14,google_maps,2026-03-12T21:23:05.884056+00:00
Al Amalqah GYM,Kickboxing,Al Bahaes - Sharjah - United Arab Emirates,Fujairah,Sharjah,+971 55 642 5440,,,4.2,42,google_maps,2026-03-12T21:23:52.313520+00:00
Al Taneen Karate Center Branch,"MMA, Muay Thai, Kickboxing, Boxing, Karate, Judo, Taekwondo, Martial Arts",48CR+XRQ - Safad - Fujairah - United Arab Emirates,Fujairah,Fujairah,+971 54 488 3906,,,5.0,1,google_maps,2026-03-12T14:00:28.629899+00:00
Al jameela gym for ladies (جيم الجميلة للسيدات فرع الفجيرة),Kickboxing,Hamad bin abdullah - Mraisheed - Fujairah - United Arab Emirates,Fujairah,Fujairah,+971 55 302 5267,,https://www.instagram.com/aljameela_gym?igsh=MWRzb3h6aXZhcHVncA==,4.8,56,google_maps,2026-03-12T21:23:02.715841+00:00
Athletic Sport Academy,"MMA, Kickboxing",48FH+FX5 - Fujairah City Center - Fujairah - United Arab Emirates,Fujairah,Fujairah,+971 54 341 3483,,http://www.athletic-academy.com/,4.3,30,google_maps,2026-03-12T14:00:34.897772+00:00
Atrixion MMA Academy - Falconcity of Wonders,BJJ,,Fujairah,,+971 56 321 1555,,https://atrixionmma.com/home,,,google_maps,2026-03-12T13:07:23.760753+00:00
BLACK GYM,Boxing,48CG+7RJ - Fujairah City Center - Fujairah - United Arab Emirates,Fujairah,Fujairah,+971 56 858 5894,,,4.6,37,google_maps,2026-03-12T22:48:44.447516+00:00
Beach fitness,Kickboxing,شاطئ قدفع - Qidfiʻ - Fujairah - United Arab Emirates,Fujairah,Fujairah,+971 56 531 1575,,,5.0,2,google_maps,2026-03-12T21:23:58.642714+00:00
Black tiger karate club,"BJJ, MMA, Muay Thai, Kickboxing, Karate, Judo, Taekwondo, Martial Arts",Al Ittihad - Fujairah - United Arab Emirates,Fujairah,Fujairah,+971 50 990 6837,,,4.0,5,google_maps,2026-03-12T13:06:29.418444+00:00
Bravo Gym,"BJJ, Kickboxing, Boxing",Hamad Bin Abdulla Rd - Mraisheed - Fujairah - United Arab Emirates,Fujairah,Fujairah,+971 56 483 4978,,,4.4,58,google_maps,2026-03-12T13:06:24.662721+00:00
Coach Saber Elsheikh,Kickboxing,Hamad streed Amon building - Fujairah City Center - Fujairah - United Arab Emirates,Fujairah,Fujairah,+971 54 280 7043,,http://saberelsheikbusiness.com/,5.0,21,google_maps,2026-03-12T21:23:34.919156+00:00
Cobra Fitness Abu Dhabi,"BJJ, MMA, Muay Thai, Kickboxing, Boxing, Karate, Judo, Taekwondo, Martial Arts",Upper Basement - Al Raha Blvd - Abu Dhabi - United Arab Emirates,Fujairah,Abu Dhabi,+971 55 616 0996,info@cobrafitnessuae.com,http://cobrafitness.ae/,4.7,218,google_maps,2026-03-12T13:07:04.750958+00:00
DNA Al Zahmi Gym الزحمي جيم,Kickboxing,hamad bin abdullah street - Fujairah City Center - Fujairah - United Arab Emirates,Fujairah,Fujairah,+971 50 224 4055,,,5.0,12,google_maps,2026-03-12T21:23:09.050174+00:00
Den OEVER GYM - دين ويفر جيم صالة رياضية,"MMA, Kickboxing, Boxing",Al ‘Uwaid - Fujairah - United Arab Emirates,Fujairah,Fujairah,+97196061968,,https://www.denoevergym.com/,4.3,26,google_maps,2026-03-12T14:00:23.916761+00:00
Dubai Personal Trainers - Fitness Supreme,"Muay Thai, Kickboxing, Boxing",The Palm Jumeirah - Emirates Hills - Dubai - United Arab Emirates,Fujairah,Dubai,+971 56 808 4890,info@dubaipersonaltrainers.ae,https://www.dubaipersonaltrainers.ae/,5.0,59,google_maps,2026-03-12T14:41:23.910942+00:00
E-Life EMS Private Training Fujairah,Boxing,Building Office 305 Hamad Bin Abdullah St - near Masjid Grand Sheikh Zayed FEWA - Fujairah City Center - Fujairah - United Arab Emirates,Fujairah,Fujairah,+971 55 165 5723,info.emslife@gmail.com,https://elife-ems.com/,4.9,185,google_maps,2026-03-12T22:49:02.583795+00:00
"EKAVEERA KALARI ,UAE","BJJ, MMA, Muay Thai, Kickboxing, Karate, Taekwondo, Martial Arts",Al Faseel - Fujairah - United Arab Emirates,Fujairah,Fujairah,+971 55 524 2058,,,5.0,7,google_maps,2026-03-12T13:06:27.828553+00:00
"EMIRATES GYM FUJAIRAH, GURFA","BJJ, MMA, Muay Thai, Kickboxing, Boxing, Taekwondo",GURFA - Fujairah - United Arab Emirates,Fujairah,Fujairah,+971 52 939 6456,,,4.4,47,google_maps,2026-03-12T13:06:21.497999+00:00
EMMA FITNESS AND EKAVEERA KALARI,"MMA, Kickboxing, Boxing",49P3+VQ2 - Khorfakkan Road - Al Faseel - Fujairah - United Arab Emirates,Fujairah,Fujairah,+971 56 939 7231,emmafitdxb@gmail.com,https://emmafitness.ae/,4.8,138,google_maps,2026-03-12T14:00:22.341588+00:00
Eagles martial arts club,"BJJ, MMA, Muay Thai, Kickboxing, Boxing, Karate, Judo, Taekwondo, Martial Arts",48GP+CPQ - Al Mahattah - Fujairah - United Arab Emirates,Fujairah,Fujairah,+971 50 990 5625,,,4.2,5,google_maps,2026-03-12T13:06:15.122605+00:00
Emma gym,"Kickboxing, Boxing","Fresh supermarket building - Al fahim road,near saffer hyper market - Fujairah - United Arab Emirates",Fujairah,Fujairah,+971 50 191 6100,,http://www.emmafitness.com/,4.7,53,google_maps,2026-03-12T21:22:59.552422+00:00
FIT. | Al Hamra Mall,"Muay Thai, Boxing",Mall - near Vox Cinemas - Al Jazeera Al Hamra-Qaryat Al Hamra - Ras Al Khaimah - United Arab Emirates,Fujairah,Ras Al Khaimah,+971 56 422 1291,,https://getfit.ae/,4.2,60,google_maps,2026-03-12T14:40:46.244803+00:00
FitLab Fitness Fuj,"BJJ, MMA, Muay Thai, Kickboxing, Boxing",town center - Fujairah City Center - Fujairah - United Arab Emirates,Fujairah,Fujairah,+971 54 308 0003,,,5.0,12,google_maps,2026-03-12T13:06:23.076571+00:00
Fujairah Martial Arts Club,"BJJ, MMA, Muay Thai, Kickboxing, Boxing, Wrestling, Karate, Judo, Taekwondo, Martial Arts",Al Hlaifat - Fujairah - United Arab Emirates,Fujairah,Fujairah,+971 54 705 3551,info@fmac.fujairah.ae,https://fmac.fujairah.ae/,4.5,144,google_maps,2026-03-12T13:06:13.514138+00:00
Fujairah Trade Centre,"BJJ, Kickboxing",Fujairah Trade center 3rd Floor 316 - Fujairah - United Arab Emirates,Fujairah,Fujairah,+971 55 735 9712,,http://www.fujairahfreezone.com/,4.2,889,google_maps,2026-03-12T13:07:18.991381+00:00
Gurfa in Fujaira,"BJJ, MMA, Muay Thai, Kickboxing, Boxing",49C2+GR8 - E89 - Al Ghurfah - Fujairah - United Arab Emirates,Fujairah,Fujairah,+971 55 799 7878,,,4.8,5,google_maps,2026-03-12T13:06:26.246749+00:00
JKA Shotokan Karate world,"BJJ, MMA, Kickboxing, Karate, Taekwondo, Martial Arts",48CP+MW4 - Mraisheed Rd - Mraisheed - Fujairah - United Arab Emirates,Fujairah,Fujairah,+971 50 886 6223,,,5.0,1,google_maps,2026-03-12T13:06:31.048600+00:00
JKA Taidokan Karate,BJJ,,Fujairah,,+971 52 588 0761,,,5.0,5,google_maps,2026-03-12T13:07:22.147168+00:00
JKA shotokan karate world,BJJ,385M+3XX Sanjaya - Al Taraif 5 - Sharjah - United Arab Emirates,Fujairah,Sharjah,+971 54 300 6188,,,5.0,2,google_maps,2026-03-12T13:07:15.819882+00:00
KARATE CHAMPIONS SELF DEFENCE CENTRE,"BJJ, Muay Thai, Kickboxing, Boxing, Karate, Taekwondo, Martial Arts",Kamat Vegetarian Restaurant Building - M13 King Faisal St - Bu Shaghara - Hay Al Qasimiah - Sharjah - United Arab Emirates,Fujairah,Sharjah,+971 56 920 0877,karatechampionsuae@gmail.com,https://www.selfdefenceuae.com/,5.0,77,google_maps,2026-03-12T13:06:53.475889+00:00
Karate world(Shotokan karate),BJJ,Wasit - Fujairah - United Arab Emirates,Fujairah,Fujairah,+971 54 300 6188,,,5.0,4,google_maps,2026-03-12T13:06:56.759714+00:00
KunG Fu ToA Legends | أساطير كونغ فو توا | Kung Fu Class,"BJJ, Judo, Taekwondo, Martial Arts",KunG Fu ToA Legends - 169 Baghdad Street - Al Twar 4 - Dubai - United Arab Emirates,Fujairah,Dubai,+971 50 627 1167,,https://wa.me/971506271167,5.0,10,google_maps,2026-03-12T13:07:12.656616+00:00
MetCon Studio,Kickboxing,Tennis and Country Club - Al Hlaifat - Fujairah - United Arab Emirates,Fujairah,Fujairah,+971 56 917 4407,,https://instagram.com/metcon_fujairah?igshid=MzRlODBiNWFlZA==,5.0,5,google_maps,2026-03-12T21:23:33.346298+00:00
PEAK GYM FUJAIRAH,"Kickboxing, Boxing",بجوار سوبر ماركت المدينة - Al Qasir St - Al Sharyah - 1 - Fujairah - United Arab Emirates,Fujairah,Fujairah,+971 54 551 2621,,https://www.instagram.com/peak_gym_fujairah?igsh=eGlqNzE3ZHJ3YjZr&utm_source=qr,4.7,132,google_maps,2026-03-12T21:22:56.343399+00:00
PTD FITNESS,"Muay Thai, Kickboxing, Boxing, Karate, Taekwondo, Martial Arts",Al Hebiah First - Dubai Motor City - Dubai - United Arab Emirates,Fujairah,Dubai,+971 56 292 9457,milos@personaltrainersdubai.com,https://personaltrainersdubai.com/,4.9,619,google_maps,2026-03-12T14:41:20.658376+00:00
Planet Karate Centre ( Since 2005),"BJJ, MMA, Muay Thai, Boxing, Karate, Taekwondo, Martial Arts",Burj Amoon - Hamad Bin Abdulla Rd - Gurfa - Al Ghurfah - Fujairah - United Arab Emirates,Fujairah,Fujairah,+971 50 203 7530,,,4.6,10,google_maps,2026-03-12T13:06:19.912920+00:00
Power Gym,"Muay Thai, Kickboxing, Boxing",Qidfiʻ - Fujairah - United Arab Emirates,Fujairah,Fujairah,+971 56 265 2021,,https://instagram.com/power_gym.ae?utm_medium=copy_link,4.6,31,google_maps,2026-03-12T14:39:48.953784+00:00
PowerZone Fitness Centre,Kickboxing,Al Maktoum Rd - next to Lulu hypermarket down town - Fujairah City Center - Fujairah - United Arab Emirates,Fujairah,Fujairah,+971 52 618 0096,,https://bit.ly/3vxsNVB,4.7,3,google_maps,2026-03-12T21:23:25.318716+00:00
Rising Gym,"Kickboxing, Boxing","1st Floor, Novotel Hotel - Hamad Bin Abdulla Rd - Fujairah - United Arab Emirates",Fujairah,Fujairah,+97192229999,fuj@risinggym.com,http://www.risinggym.com/,4.7,112,google_maps,2026-03-12T21:22:57.938336+00:00
Shaolin Kung Fu -Emirates Hills,"BJJ, MMA, Kickboxing, Karate, Judo, Taekwondo, Martial Arts",Al Thanyah Fourth - Emirates Hills - Dubai - United Arab Emirates,Fujairah,Dubai,+971 52 626 5816,,https://www.uaekungfu.com/,5.0,4,google_maps,2026-03-12T13:07:17.407070+00:00
Solo Fitness (ladies only) - Lulu Mall Fujairah,Kickboxing,Al - Korthabah Road - Fujairah City Center - Fujairah - United Arab Emirates,Fujairah,Fujairah,+97192773305,,,4.8,65,google_maps,2026-03-12T21:23:01.134825+00:00
Uform fitness Fujairah,Boxing,شارع محمد بن مطر - Al Ittihad - Fujairah - United Arab Emirates,Fujairah,Fujairah,+97192248680,,https://www.uform.com/,4.1,285,google_maps,2026-03-12T22:48:38.460781+00:00
Velocity Fitness,Kickboxing,Fujairah International Marine Club - Corniche - Fujairah - United Arab Emirates,Fujairah,Fujairah,+97192220225,,https://www.facebook.com/velocity.fuj/videos/341824983896129/,4.1,74,google_maps,2026-03-12T21:23:23.732776+00:00
Venom Gym Mix & Ladies,Boxing,شارع المعارض الجديد - مقابل جامعة العلوم - Al Hlaifat - Fujairah - United Arab Emirates,Fujairah,Fujairah,+971 50 699 7276,,,4.8,57,google_maps,2026-03-12T22:48:47.486725+00:00
Winners football Academy أكاديمية وينرز لكرة القدم,Kickboxing,Al Ghurfah - Fujairah - United Arab Emirates,Fujairah,Fujairah,+971 50 479 6873,,https://instagram.com/winners_academy_fujairah?utm_source=qr&igshid=MzNlNGNkZWQ4Mg%3D%3D,4.8,17,google_maps,2026-03-12T21:23:42.819607+00:00
الكروس فيت ادفتشر,Kickboxing,سكمكم - Al Sodah - Fujairah - United Arab Emirates,Fujairah,Fujairah,+971 55 732 0218,,,5.0,2,google_maps,2026-03-12T21:23:04.299254+00:00
ماى اى . ام . اس فيتنس (سيدات فقط) My EMS Fitness (ladies only),Kickboxing,Fewa building - 1107 - Hamad Street - Fujairah City Center - Fujairah - United Arab Emirates,Fujairah,Fujairah,+971 56 129 2926,,,4.6,59,google_maps,2026-03-12T21:23:18.985057+00:00
AJ Stars Club,"Boxing, Taekwondo",Al WarqaAl Warqa 1 - Al Warqa - Al Warqa 1 - Dubai - United Arab Emirates,International City Dubai,Dubai,+971 50 702 0097,,,4.5,40,google_maps,2026-03-12T23:49:19.936764+00:00
Athleaders Global Dubai,Boxing,Meydan Grandstand - 6 - Nad Al Sheba - Dubai - United Arab Emirates,International City Dubai,Dubai,+971 52 558 8325,support@athleaders.co,https://athleaders.ae/,5.0,17,google_maps,2026-03-12T23:53:13.352341+00:00
Body Arts Fitness Gym,"Muay Thai, Kickboxing, Boxing",Warsan First - Morocco Cluster - Dubai - United Arab Emirates,International City Dubai,Dubai,+971 58 569 1987,,http://facebook.com/bodyartsfitness,4.8,301,google_maps,2026-03-12T20:45:15.117359+00:00
Camp Star Gym,"Kickboxing, Boxing",Warsan First - France Cluster - Dubai - United Arab Emirates,International City Dubai,Dubai,+971 55 849 4455,,,4.0,97,google_maps,2026-03-12T22:03:10.468893+00:00
Crony Fitness,Kickboxing,Souq Block C - Warsan First - Warsan 2 - Dubai - United Arab Emirates,International City Dubai,Dubai,+97145703888,,,4.5,187,google_maps,2026-03-12T22:02:57.591353+00:00
Curvalicious Ladies Boutique Fitness,Kickboxing,Off - 9th St - Nadd Al Hamar - Dubai - United Arab Emirates,International City Dubai,Dubai,+97143973338,,http://www.curvalicious.fit/,4.6,67,google_maps,2026-03-12T22:03:49.889012+00:00
"Dojo Dan Karate Centre - International City, Dubai","BJJ, MMA, Kickboxing, Karate, Judo, Taekwondo, Martial Arts",CBD 21 - Warsan First - Dubai International City - Dubai - United Arab Emirates,International City Dubai,Dubai,+971 54 472 9411,,,5.0,46,google_maps,2026-03-12T13:42:14.867455+00:00
Dubai Kids Martial Arts,"Karate, Taekwondo, Martial Arts",5C88+4R3 - Warsan First - Dubai International City - Dubai - United Arab Emirates,International City Dubai,Dubai,+971 55 616 4789,,,,,google_maps,2026-03-13T01:56:44.835198+00:00
Fitland Fitness Centre,Boxing,"International City Phase(2 25°08'39.2""N 55°24'07.6""E - Warsan-4 - Dubai - United Arab Emirates",International City Dubai,Dubai,+971 58 621 2643,,,4.7,194,google_maps,2026-03-12T23:49:57.215230+00:00
Fitness 360 International City,Boxing,"Shops 05 – 10 China Cluster D-1, Al Warsan Area - Dubai - United Arab Emirates",International City Dubai,Dubai,+97144315178,,http://fitness360.me/,3.6,294,google_maps,2026-03-12T23:51:49.849756+00:00
Fitness Hub GYM,"Muay Thai, Kickboxing, Boxing",Warsan First - France Cluster - Dubai - United Arab Emirates,International City Dubai,Dubai,+971 54 701 6695,,,4.5,251,google_maps,2026-03-12T20:45:33.089390+00:00
Fitness Style Gym,Boxing,"Persia Cluster, Building N-15, International City - Dubai - United Arab Emirates",International City Dubai,Dubai,+971 52 772 6741,,,4.1,64,google_maps,2026-03-12T23:51:25.731011+00:00
Fitness Terminal Ladies Gym,Kickboxing,13 St - Al Warqa - Al Warqa 1 - Dubai - United Arab Emirates,International City Dubai,Dubai,+97142357775,,http://www.fitnessterminal.ae/,3.7,124,google_maps,2026-03-12T22:03:38.396552+00:00
Good Life Fitness,Kickboxing,59JH+QQF - Ras Al Khor Rd - Ras Al Khor Ind. Third - Dubai - United Arab Emirates,International City Dubai,Dubai,+971 52 489 1778,,https://www.facebook.com/goodlifefitnessdubai/,4.5,45,google_maps,2026-03-12T22:03:46.657232+00:00
Hardcore Gym,Boxing,France Q04 - Warsan First - France Cluster - Dubai - United Arab Emirates,International City Dubai,Dubai,+971 55 721 4319,,,4.0,112,google_maps,2026-03-12T23:49:46.098049+00:00
International Wing Chun Organization - Dubai Branch,"BJJ, Karate, Taekwondo, Martial Arts",67VX+M8Q - Al Karama - Dubai - United Arab Emirates,International City Dubai,Dubai,+971 55 352 3556,theprofitness.ae@gmail.com,http://www.profitness.ae/,4.5,6,google_maps,2026-03-12T13:43:31.902334+00:00
MUSCLE LAB GYM,"Kickboxing, Boxing","building, England X23 - Shop,S01 - England Cluster - Dubai - United Arab Emirates",International City Dubai,Dubai,+971 52 820 4999,,https://musclelabgyms.com/,5.0,56,google_maps,2026-03-12T22:03:04.074392+00:00
Marbella sports,Kickboxing,Al Warqa - Al Warqa 3 - Dubai - United Arab Emirates,International City Dubai,Dubai,+971 58 566 9851,,,5.0,1,google_maps,2026-03-12T22:03:43.398849+00:00
Melt Fitness Gym,"Muay Thai, Kickboxing, Boxing",Warsan Fourth - International City Phase(2) - Dubai - United Arab Emirates,International City Dubai,Dubai,+971 58 632 1990,,,4.8,294,google_maps,2026-03-12T20:45:35.663943+00:00
MyPT Ladies DSO | Best Ladies only Personal Training Studio & Gym in DSO,Kickboxing,G-12 - Nadd Hessa - Cedre Villas - Dubai - United Arab Emirates,International City Dubai,Dubai,+971 50 374 3710,contact@mypt-me.com; %20contact@mypt-me.com,https://mypt-me.com/gym-fitness-studio-center-dubai/,4.8,23,google_maps,2026-03-12T22:03:41.791077+00:00
NEXTGEN Sports & Auto Accessories,Boxing,DRAGON MART 1 SHOP BAB08 - Dubai - United Arab Emirates,International City Dubai,Dubai,+971 50 946 2624,,,3.7,7,google_maps,2026-03-12T23:50:13.378514+00:00
Near,Kickboxing,Warsan First - Dubai International City - Dubai - United Arab Emirates,International City Dubai,Dubai,+971 52 801 6454,,,1.0,1,google_maps,2026-03-12T22:04:37.291243+00:00
Optima Fitness Gym,"Muay Thai, Kickboxing, Boxing",building - Office 111 - Dubai International City - Dubai - United Arab Emirates,International City Dubai,Dubai,+971 54 364 1987,fitnessoptima@gmail.com,http://www.optimafitness.ae/,4.4,189,google_maps,2026-03-12T20:45:38.322153+00:00
Shaolin martial club,MMA,FA21-23Dragon mart 2 - Warsan First - Dubai International City - Dubai - United Arab Emirates,International City Dubai,Dubai,+971 55 592 7870,,,,,google_maps,2026-03-12T14:19:04.197106+00:00
Shito ryu Karate Training Center Dubai-UAE,"Kickboxing, Boxing, Karate, Judo, Taekwondo, Martial Arts",Warsan First - Dubai International City - Dubai - United Arab Emirates,International City Dubai,Dubai,+97145648554,,,4.3,36,google_maps,2026-03-12T22:03:21.765960+00:00
Strength gym,"Kickboxing, Boxing, Taekwondo, Martial Arts",Nadd Al Hamar - Dubai - United Arab Emirates,International City Dubai,Dubai,+971 55 835 8949,,,4.2,32,google_maps,2026-03-12T22:03:32.994544+00:00
Target Gym,Boxing,Russia V16 - Warsan First - Russia Cluster - Dubai - United Arab Emirates,International City Dubai,Dubai,+971 80 082 7438,info@hadkaur.com; support@targetgym.ae,http://targetgym.ae/,,,google_maps,2026-03-12T23:49:43.055534+00:00
The Bay Health Club,"Kickboxing, Boxing",Wadi Al Safa 3 - Al Barari - Dubai - United Arab Emirates,International City Dubai,Dubai,+971 50 899 9643,example@mysite.com; info@thebayhealthclub.com,https://www.thebayhealthclub.com/,4.9,68,google_maps,2026-03-12T22:04:05.152784+00:00
The Stables Fitness Centre,Boxing,5C9W+JQG - Meliã Desert Palm Hotel & Resort - Al Awir Road - Dubai - United Arab Emirates,International City Dubai,Dubai,+97143238888,,,3.8,14,google_maps,2026-03-12T23:54:05.657080+00:00
Tiger Karate Martial Arts Club,"Kickboxing, Karate, Taekwondo, Martial Arts","a, Ibrahim Tower - Al Warqa - 2 Warqa 1 - Dubai - United Arab Emirates",International City Dubai,Dubai,+97142269866,,,4.6,34,google_maps,2026-03-12T22:03:07.274600+00:00
V FITNESS GYM,"Kickboxing, Boxing, Taekwondo, Martial Arts",Prime Residency II - Warsan First - Dubai International City - Dubai - United Arab Emirates,International City Dubai,Dubai,+971 54 359 4244,,http://www.vfitness.com/,4.2,255,google_maps,2026-03-12T22:02:46.294403+00:00
Xtreme Fitness Gym for Ladies,Kickboxing,Rebat St - Umm Ramool - Dubai - United Arab Emirates,International City Dubai,Dubai,+971 56 694 6632,,https://www.instagram.com/team_xtreme_fitness_dubai/profilecard/?igsh=MWI4dnJ0eGR3NjkxaQ==,5.0,4,google_maps,2026-03-12T22:03:36.584466+00:00
熊猫搏击俱乐部 PANDAFIGHT CLUB,"Kickboxing, Wrestling, Judo","Souk Warsan - Lulu Hypermarket, Block E - Level 1 - Dubai International City - Dubai - United Arab Emirates",International City Dubai,Dubai,+971 58 622 8081,,,4.0,5,google_maps,2026-03-12T22:02:47.893326+00:00
AFROFIT CLUB - Group & Private Afro Dance Classes Personal Trainers African Theme Event Management,Boxing,Room، Goldcrest Executive Tower - 411 Cluster C - Al Thanyah Fifth - Jumeirah Lakes Towers - Dubai - United Arab Emirates,JBR Dubai,Dubai,+971 52 549 5094,info@afrofitdubai.com,https://afrofitdubai.com/,4.9,94,google_maps,2026-03-12T23:03:45.112726+00:00
Aethel Fit | Personal Trainer Dubai,Boxing,,JBR Dubai,,+971 55 744 8689,appleprinceevolution@gmail.com,https://aevolution.fitbudd.com/packs/,4.9,25,google_maps,2026-03-12T23:03:17.981064+00:00
Barry's Dubai Marina,BJJ,"Trident Grand Mall, First Floor.Dubai Marina Opposite Le Royal Meridien Beach Resort - Dubai - United Arab Emirates",JBR Dubai,Dubai,+97148748476,,https://www.barrys.com/,4.8,188,google_maps,2026-03-12T13:18:07.543509+00:00
BeFitreat Egypt - Fitness & Wellness Retreats,Boxing,,JBR Dubai,,+971 58 510 4359,info@befitreat.com,https://befitreat.com/,4.7,18,google_maps,2026-03-12T23:04:54.681380+00:00
Biz Group,Judo,Unit D56 - Dubai Production City - Dubai - United Arab Emirates,JBR Dubai,Dubai,+97142461600,info@bizgroup.ae,https://www.learningwithbiz.com/,4.8,26,google_maps,2026-03-13T02:50:55.062589+00:00
Boxing Personal Coach,Boxing,34PX+P9R - Marsa Dubai - Dubai Marina - Dubai - United Arab Emirates,JBR Dubai,Dubai,+971 50 517 9498,,,,,google_maps,2026-03-12T23:02:09.502356+00:00
Cella Productions,Boxing,"Marina Plaza, Level 27, 112229, Dubai Marina - Dubai - United Arab Emirates",JBR Dubai,Dubai,+97144569887,,,5.0,21,google_maps,2026-03-12T23:03:39.090851+00:00
Champion Way Martial Arts Club LLC,"BJJ, MMA, Kickboxing, Wrestling, Karate, Judo, Taekwondo, Martial Arts",building - The - Marina Promenade - Dubai - United Arab Emirates,JBR Dubai,Dubai,+971 52 312 0543,,,5.0,4,google_maps,2026-03-12T13:18:09.224894+00:00
ChoTime Academy,"Karate, Judo, Taekwondo, Martial Arts",34FR+R39 - Al Marsa St - Marsa Dubai - Dubai Marina - Dubai - United Arab Emirates,JBR Dubai,Dubai,+971 50 880 3995,,http://chotimeacademy.com/,4.7,,google_maps,2026-03-13T01:29:50.541198+00:00
Coach Donee,Boxing,"Zen Cluster, 1 - 1A Street - Jebel Ali Village - Discovery Gardens - Dubai - United Arab Emirates",JBR Dubai,Dubai,+971 54 990 0041,train@fitlov.com,https://www.coachdonee.com/,5.0,112,google_maps,2026-03-12T23:04:37.555829+00:00
Coach Lenka Dubai,Boxing,Marina View Towers - Marsa Dubai - Dubai Marina - Dubai - United Arab Emirates,JBR Dubai,Dubai,+971 52 653 8861,,https://coachlenkadubai.com/,5.0,6,google_maps,2026-03-12T23:03:02.912926+00:00
Cobra Kai,Martial Arts,35Q2+WWC - Al Sufouh - Al Sufouh 2 - Dubai - United Arab Emirates,JBR Dubai,Dubai,+97144207489,,,3.2,40,google_maps,2026-03-13T06:52:00.360515+00:00
DFIT SPORT COACHING - FZCO,Boxing,Al Seef Tower - Marsa Dubai - Dubai - United Arab Emirates,JBR Dubai,Dubai,+971 54 990 0041,,https://dfitsportcoaching.com/,4.8,49,google_maps,2026-03-12T23:03:06.217264+00:00
DFITPRO,Boxing,Marsa Dubai - Jumeirah Beach Residence - Dubai - United Arab Emirates,JBR Dubai,Dubai,+971 56 877 0234,,,,,google_maps,2026-03-12T23:03:24.008179+00:00
Dubai Sports Camps: Multi activity camps for children from 3 to 14 years,"Taekwondo, Martial Arts",Umm Suqeim Third - Umm Suqeim 3 - Dubai - United Arab Emirates,JBR Dubai,Dubai,+971 55 592 1908,customerservice@dubaisportscamps.com,http://dubaisportscamps.com/,4.9,41,google_maps,2026-03-13T04:31:05.641250+00:00
Dubai personal trainer Ishaq Kayiizi,Boxing,Al Sufouh - Dubai Media City - Dubai - United Arab Emirates,JBR Dubai,Dubai,+971 50 392 9772,,http://ishaqkayiizi.com/,,,google_maps,2026-03-12T23:04:02.199116+00:00
DubaiPT - Personal Trainers Dubai,"MMA, Boxing, Karate, Judo, Taekwondo, Martial Arts",Armada Towers - Al Thanyah Fifth - Floor 19 - Dubai - United Arab Emirates,JBR Dubai,Dubai,+971 55 655 4507,,https://dubaipt.com/?utm_source=local&utm_medium=organic&utm_campaign=gmb,4.9,1009,google_maps,2026-03-12T14:03:21.845938+00:00
Dynamic Design Studio LLC,Martial Arts,Concord Tower - Al Sufouh - Al Sufouh 2 - Dubai - United Arab Emirates,JBR Dubai,Dubai,+97142989220,info-ksa@decdynamicstudio.com; info@decdynamicstudio.com,https://decdynamicstudio.com/,4.5,46,google_maps,2026-03-13T06:52:09.387408+00:00
Eataly at The Beach Dubai,Boxing,The Pavilion - Marsa Dubai - Jumeirah Beach Residence - Dubai - United Arab Emirates,JBR Dubai,Dubai,+97145611185,reservations@celebratingmoments.com,http://www.eatalyatthebeachdubai.com/,4.7,4091,google_maps,2026-03-12T23:05:06.704664+00:00
Elite Fitness Trainer Dubai,"Boxing, Karate, Taekwondo, Martial Arts","Cluster P, Armada Tower 2 - Sheikh Zayed Rd - Al Thanyah Fifth - Jumeirah Lakes Towers - Dubai - United Arab Emirates",JBR Dubai,Dubai,+971 58 564 5463,,https://fitnesstrainerdubai.com/,4.9,61,google_maps,2026-03-12T23:02:59.893786+00:00
Emirates International School-Meadows,Martial Arts,Meadows 4 - Dubai - United Arab Emirates,JBR Dubai,Dubai,+97143629009,eismadmission@eischools.ae,https://www.eischools.ae/meadows,,,google_maps,2026-03-13T06:52:29.656653+00:00
F45 Training Dubai Marina,"BJJ, Judo","Mall, Trident Grand Residence - 1st Floor - Dubai - United Arab Emirates",JBR Dubai,Dubai,+971 50 180 0354,dubaimarina.admin@f45training.ae; dubaimarina@f45training.ae,https://f45training.ae/dubaimarina/,4.9,259,google_maps,2026-03-12T13:18:04.198554+00:00
F45 Training Jumeirah Park,Kickboxing,"Studio #03, District 7 - Jumeirah Park East Pavilion - 1st Floor - Dubai - United Arab Emirates",JBR Dubai,Dubai,+971 52 247 9947,jumeirahpark@f45training.ae; jumeirahpark.admin@f45training.ae,https://f45training.com/jumeirahpark,5.0,171,google_maps,2026-03-12T21:34:06.698486+00:00
FITMO DUBAI,Boxing,,JBR Dubai,,+971 58 225 8815,,,5.0,5,google_maps,2026-03-12T23:04:48.702748+00:00
Fidelity Fitness Club,Boxing,Almas Tower - First Floor - Jumeirah Lakes Towers - Dubai - United Arab Emirates,JBR Dubai,Dubai,+97144511133,example@mysite.com; info@fidelityfitnessclub.com,http://www.fidelityfitnessclub.com/?utm_source=google&utm_medium=wix_google_business_profile&utm_campaign=2690829807152953185,4.3,1366,google_maps,2026-03-12T23:02:56.874304+00:00
Find Your Coaches,"Boxing, Taekwondo, Martial Arts",Almas Tower - Al Thanyah Fifth - Jumeirah Lakes Towers - Dubai - United Arab Emirates,JBR Dubai,Dubai,+971 56 959 6406,example@mysite.com; info@findyourcoaches.com; findyourcoaches@gmail.com,https://www.findyourcoaches.com/,4.9,41,google_maps,2026-03-12T23:02:40.737032+00:00
Fortes Education,Martial Arts,Al Salam Tower - First Floor Sheikh Zayed Rd - Al Sufouh - Dubai Media City - Dubai - United Arab Emirates,JBR Dubai,Dubai,+97148736300,,http://www.forteseducation.com/,4.3,6,google_maps,2026-03-13T06:52:18.478303+00:00
Ivy The Palm Beauty & Bubbles,Martial Arts,Palm West Beach - Marriott Resort - Road - The Palm Jumeirah - Dubai - United Arab Emirates,JBR Dubai,Dubai,+971 52 743 4416,info@ivybeautyandbubbles.com,https://ivydubai.ae/,4.8,2772,google_maps,2026-03-13T06:52:20.914736+00:00
Joe Hafner sports fitness coach,Martial Arts,,JBR Dubai,,+971 52 926 9821,,http://www.joehafner.mylinx.me/,5.0,7,google_maps,2026-03-13T06:52:06.378058+00:00
Jumeirah Island Centre,Boxing,347W+QPC - Al Thanyah Fifth - Jumeirah Heights - Dubai - United Arab Emirates,JBR Dubai,Dubai,+971 55 859 2034,,,4.6,175,google_maps,2026-03-12T23:04:04.245110+00:00
Kickboxing kids personal trainers,"Kickboxing, Karate, Taekwondo, Martial Arts",Al Hebiah Fourth - Dubai Sports City - Dubai - United Arab Emirates,JBR Dubai,Dubai,+971 55 866 0989,,https://wa.me/971558660989,5.0,10,google_maps,2026-03-12T21:34:24.476877+00:00
"Leon Martial Arts Class Dubai marina.(MMA,boxing)","MMA, Muay Thai, Kickboxing, Boxing, Judo, Taekwondo, Martial Arts",34QR+G8R - Marsa Dubai - Dubai Marina - Dubai - United Arab Emirates,JBR Dubai,Dubai,+971 58 203 9782,,https://instagram.com/leon.lee98?r=nametag,4.0,4,google_maps,2026-03-12T14:02:49.968442+00:00
Mamba fitness,Boxing,JBR marina - Marsa Dubai - Jumeirah Beach Residence - Dubai - United Arab Emirates,JBR Dubai,Dubai,+971 58 581 2330,,,3.0,1,google_maps,2026-03-12T23:02:43.734414+00:00
Nargileci Eleven Cafe,Judo,Building Al Emreef St - Marsa Dubai - Dubai Marina - Dubai - United Arab Emirates,JBR Dubai,Dubai,+97145911612,nargileci@neleven.ae,https://nargileci.neleven.ae/,4.8,801,google_maps,2026-03-13T02:51:27.305263+00:00
Nike Store Dubai Marina Mall,Boxing,"Ground floor, Dubai Marina Mall - Marsa Dubai - Dubai Marina - Dubai - United Arab Emirates",JBR Dubai,Dubai,+97143798458,privacy@gmg.com,https://www.nike.ae/en/home/?cp=61872410739_seo_&y_source=1_NTU0OTgyMi03MTUtbG9jYXRpb24ud2Vic2l0ZQ%3D%3D,4.1,81,google_maps,2026-03-12T23:03:51.182357+00:00
Personal Trainer JP Fitness Training,Boxing,Marsa - Braih St - Marsa Dubai - Dubai Marina - Dubai - United Arab Emirates,JBR Dubai,Dubai,,,https://www.facebook.com/jpfitnessplanet,,,google_maps,2026-03-12T23:03:36.123385+00:00
"Personal trainer, fitness coach",Boxing,Al Sufouh - Dubai Media City - Dubai - United Arab Emirates,JBR Dubai,Dubai,+971 55 566 5727,,,5.0,6,google_maps,2026-03-12T23:03:21.157476+00:00
Privilee,"Boxing, Judo",Jumeirah Business Center 5 - Office 2209 - Cluster W - Dubai - United Arab Emirates,JBR Dubai,Dubai,+97145744800,hello@privilee.ae; info@privilee.ae,https://www.privilee.ae/?utm_source=google&utm_medium=gmb&utm_campaign=gmbbio,4.2,254,google_maps,2026-03-12T23:04:19.363211+00:00
Role fitness,Boxing,Marsa Dubai - Jumeirah Beach Residence - Dubai - United Arab Emirates,JBR Dubai,Dubai,+971 54 700 7900,,,4.8,13,google_maps,2026-03-12T23:01:22.218764+00:00
SWT ARENA FITNESS,"MMA, Kickboxing, Boxing, Martial Arts",Marina Wharf - 2 - Shop 11 Marina Promenade - Marsa Dubai - Dubai Marina - Dubai - United Arab Emirates,JBR Dubai,Dubai,+971 58 580 9290,,http://www.swtarena.com/,4.7,39,google_maps,2026-03-12T14:02:59.545845+00:00
Sloane's,Boxing,"Al Emreef street, Grosvenor House Dubai - Dubai - United Arab Emirates",JBR Dubai,Dubai,+97143176000,resbook.grosvenorhouse@luxurycollection.com,http://www.sloanes-dubai.com/,4.6,686,google_maps,2026-03-12T23:04:40.565427+00:00
TOPGYM®,Boxing,Golden Mile 7 - Mezzanine (M) Floor - Palm Jumeirah - Dubai - United Arab Emirates,JBR Dubai,Dubai,+971 52 574 9793,info@topgym.com,https://topgym.company/,4.8,694,google_maps,2026-03-12T23:02:53.876339+00:00
TOPSTRETCHING® Palm,Boxing,"Mezzanine (M) Floor, Golden Mile 7 , Palm - Jumeirah - Dubai - United Arab Emirates",JBR Dubai,Dubai,+971 58 500 0088,info@topgym.com,https://topgym.company/,4.5,76,google_maps,2026-03-12T23:03:48.133233+00:00
The Treatment Room Dubai,Boxing,"Rejunenate Wellness Centre, Building - Duset Princess Residences - Al Emreef St - Dubai Marina - Dubai - United Arab Emirates",JBR Dubai,Dubai,+971 50 911 0073,info@treatmentroomdubai.com,https://www.treatmentroomdubai.com/,5.0,103,google_maps,2026-03-12T23:04:10.270574+00:00
The Warehouse Gym - Al Quoz,"Kickboxing, Boxing, Judo","Ind.3 - Warehouse No.23, Umm Suqeim Road, Opp. Lulu Hypermarket - Al Quoz - Dubai - United Arab Emirates",JBR Dubai,Dubai,+97142095338,info@whgym.com; emt@whgym.com,http://whgym.com/,4.6,1539,google_maps,2026-03-12T21:34:16.335258+00:00
"Tomasz Holubiczko - Personal Training, Nutrition, Boxing",Boxing,Al Thanyah Third - The Lakes - Dubai - United Arab Emirates,JBR Dubai,Dubai,+971 58 589 7282,,http://www.tomaszholubiczko.com/,5.0,28,google_maps,2026-03-12T23:02:26.676234+00:00
Ultimate Fitness Services,Martial Arts,Concord Tower - Al Sufouh - Al Sufouh 2 - Dubai - United Arab Emirates,JBR Dubai,Dubai,+971 56 569 2543,,,4.5,8,google_maps,2026-03-13T06:52:53.881481+00:00
Viya Fit Mina Seyahi,Boxing,King Salman Bin Abdulaziz Al Saud St - Marsa Dubai - Dubai Marina - Dubai - United Arab Emirates,JBR Dubai,Dubai,+97142054590,membership@viyafit.com,https://www.dubaigolf.com/viyafit,4.4,35,google_maps,2026-03-12T23:03:11.943732+00:00
Wellfit Marina,"MMA, Kickboxing, Boxing, Karate, Judo, Taekwondo, Martial Arts","12th and 13th Floor, Al Fattan Marine Towers - Marsa Dubai - Dubai Marina - Dubai - United Arab Emirates",JBR Dubai,Dubai,,,https://www.wellfit.me/en/marina/,5.0,666,google_maps,2026-03-12T14:02:46.792107+00:00
Winteriors Decor,Martial Arts,Concord Tower - Office no. 1706 - Dubai Media City - Dubai - United Arab Emirates,JBR Dubai,Dubai,+97143990226,info@winteriorsdecor.com; infodxb@winteriorsdecor.com,https://www.winteriorsdecor.com/,,,google_maps,2026-03-13T06:52:26.491571+00:00
Zenics Fitness,Boxing,Al Thanyah First - Barsha Heights - Dubai - United Arab Emirates,JBR Dubai,Dubai,+97194395000,,https://linktr.ee/ZenicsFitness,,,google_maps,2026-03-12T23:03:33.142654+00:00
adidas Store,Boxing,The Beach jbr Ground Floor - Marsa Dubai - Dubai Marina - Dubai - United Arab Emirates,JBR Dubai,Dubai,+97143683996,,https://www.adidas.ae/en?utm_campaign=DB189&utm_medium=organic&utm_source=GMB,4.0,63,google_maps,2026-03-12T23:05:00.748907+00:00
urban krav maga ae,"Karate, Taekwondo, Martial Arts",Sheikh Zayed Rd - Marsa Dubai - Dubai - United Arab Emirates,JBR Dubai,Dubai,+971 58 591 6015,,https://urbankravmaga-ae.com/,4.0,4,google_maps,2026-03-13T01:29:53.541042+00:00
369MMAFIT - Personal Training Services - Fitness / Martial Arts,"MMA, Muay Thai, Kickboxing, Boxing, Wrestling, Karate, Judo, Taekwondo, Martial Arts",Al Thanyah Fifth - Jumeirah Lakes Towers - Dubai - United Arab Emirates,JLT Dubai,Dubai,+971 52 210 8001,info@369mmafit.com,https://369mmafit.com/,5.0,26,google_maps,2026-03-12T14:02:06.313299+00:00
369MMAFIT - Personal Training Services - Fitness / Martial Arts,Martial Arts,,JLT Dubai,,+97148446480,info@369mmafit.com,https://369mmafit.com/,5.0,26,google_maps,2026-03-13T06:43:55.322204+00:00
AQMA SHOP,"Kickboxing, Boxing, Karate, Taekwondo, Martial Arts",Sheikh Zayed Rd - Marsa Dubai - Dubai Marina - Dubai - United Arab Emirates,JLT Dubai,Dubai,+971 52 264 8311,,https://aqmashop.myshopify.com/,,,google_maps,2026-03-12T21:31:41.408993+00:00
American School of Dubai,"Taekwondo, Martial Arts","452M+JPC - Al Barsha 1, Hessa St - First Al Khail St - opp. Saudi German Hospital - Al Barsha First - Al Barsha - Dubai - United Arab Emirates",JLT Dubai,Dubai,+97143950005,,http://www.asdubai.org/,,,google_maps,2026-03-13T04:27:03.622818+00:00
Boxing Classes Dubai - Your Best Boxing Training,"Kickboxing, Boxing",Jebel Ali Race Course Rd - Al Thanyah First - Barsha Heights - Dubai - United Arab Emirates,JLT Dubai,Dubai,+971 55 294 9132,,http://www.fitfortune.ae/,5.0,2,google_maps,2026-03-12T21:31:22.146233+00:00
Boxing coach,"Kickboxing, Boxing",Al Thanyah Fifth - Jumeirah Lakes Towers - Dubai - United Arab Emirates,JLT Dubai,Dubai,+97135102652,,https://www.instagram.com/ayubthegorilla?igsh=aWdoamszNzhzbGhp,5.0,1,google_maps,2026-03-12T21:30:58.092501+00:00
CloudNine Kids,Martial Arts,"1002, Palladium Tower - Cluster C - Al Thanyah Fifth - Jumeirah Lakes Towers - Dubai - United Arab Emirates",JLT Dubai,Dubai,+971 55 321 5437,info@cloudninekids.ae,https://cloudninekids.ae/,4.9,57,google_maps,2026-03-13T06:46:19.805400+00:00
Div9 Interior Design LLC,Martial Arts,Mazaya Business Avenue - BB2 3105 -3106 - Al Thanyah Fifth - Jumeirah Lakes Towers - Dubai - United Arab Emirates,JLT Dubai,Dubai,+97143704370,,https://www.div9interior.com/,3.7,51,google_maps,2026-03-13T06:47:04.183302+00:00
Dubai International Academy - Emirates Hills,"Taekwondo, Martial Arts",First Al Khail St - Al Thanyah Third - Emirates Hills - Dubai - United Arab Emirates,JLT Dubai,Dubai,+97143684111,,http://www.diadubai.com/,,,google_maps,2026-03-13T04:26:13.981781+00:00
Elevation Fitness,"Kickboxing, Boxing",Cluster W - Al Thanyah Fifth - Jumeirah Lakes Towers - Dubai - United Arab Emirates,JLT Dubai,Dubai,+971 58 595 0738,,,4.1,85,google_maps,2026-03-12T21:30:50.087301+00:00
Fantasia Arts,Martial Arts,HDS Business Centre - 3504 Cluster M - Al Thanyah Fifth - Jumeirah Lakes Towers - Dubai - United Arab Emirates,JLT Dubai,Dubai,+971 55 226 9255,contact@fantasia-arts.com,http://www.fantasia-arts.com/,5.0,25,google_maps,2026-03-13T06:45:39.032305+00:00
Fit Box Gym - JLT,"Kickboxing, Boxing",HDS Business Centre - Cluster M - Al Thanyah Fifth - Jumeirah Lakes Towers - Dubai - United Arab Emirates,JLT Dubai,Dubai,+971 50 374 0656,,http://fitboxjlt.com/,4.9,130,google_maps,2026-03-12T21:32:05.632240+00:00
Fit Fortune - Personal Trainer Dubai,"Kickboxing, Boxing",Marina View Tower - Marsa Dubai - Dubai Marina - Dubai - United Arab Emirates,JLT Dubai,Dubai,+971 55 294 9132,,http://www.fitfortune.ae/,5.0,69,google_maps,2026-03-12T21:30:46.913286+00:00
Fit Planet Achievers,"Kickboxing, Boxing",31 Al Rabeea' 1 St - Al Thanyah First - Barsha Heights - Dubai - United Arab Emirates,JLT Dubai,Dubai,+971 50 864 9679,,,4.9,29,google_maps,2026-03-12T21:31:18.976459+00:00
Fitlov,"Kickboxing, Boxing, Judo",Jumeirah Lake Towers Indigo Icon Tower - Cluster F - Dubai - United Arab Emirates,JLT Dubai,Dubai,+971 58 580 7044,,http://www.fitlov.com/,4.5,128,google_maps,2026-03-12T21:30:18.113202+00:00
Franklin Fitness,"Taekwondo, Martial Arts",1A St - Al Nakheel - The Greens - Dubai - United Arab Emirates,JLT Dubai,Dubai,+971 55 302 6866,,https://instagram.com/karate_conditioning?igshid=MmIzYWVlNDQ5Yg==,5.0,2,google_maps,2026-03-13T04:25:40.706291+00:00
Green Lakes S2,BJJ,"Green Lakes 2, JLT Cluster S - Zayed Road - Pedestrian crossing 13 - JLT - Dubai Marina - Dubai - United Arab Emirates",JLT Dubai,Dubai,+97144470568,,,3.8,15,google_maps,2026-03-12T13:16:01.719472+00:00
Hammer Gym DMCC,Kickboxing,"Mag 214 Bldg - Cluster R, bldg, MAG 214 Tower - C09-C10 - Jumeirah Lakes Towers - Dubai - United Arab Emirates",JLT Dubai,Dubai,+971 58 560 0555,,http://www.hammergym.ae/,4.4,49,google_maps,2026-03-12T21:30:54.863525+00:00
Hire Rightt Executive Search (DMCC),Martial Arts,HDS Business Centre - Cluster M - Al Thanyah Fifth - Jumeirah Lakes Towers - Dubai - United Arab Emirates,JLT Dubai,Dubai,+97144210399,stevenjob@gmail.com; info@hirerightt.com,http://www.hirerightt.com/,4.7,41,google_maps,2026-03-13T06:47:15.981467+00:00
I Love Supersport,"Karate, Judo, Martial Arts","Office 2703, Mazaya Business Avenue BB2 - Dubai - United Arab Emirates",JLT Dubai,Dubai,+97145543234,karaganda@ilovesupersport.com; perm@iloverunning.ru; ufa@ilovesupersport.com,http://dubai.ilovesupersport.com/,4.8,239,google_maps,2026-03-13T01:28:37.862894+00:00
IFK Karate Center Al Barsha Heights,Martial Arts,Al Thanyah First - Barsha Heights - Dubai - United Arab Emirates,JLT Dubai,Dubai,+971 55 273 4775,,,5.0,4,google_maps,2026-03-13T06:47:40.214312+00:00
ISKF UAE,Taekwondo,"ISKF UAE Headquarters: Power 4 Sports Academy, Ibn Battuta Gate - Unit 109 1st Floor - Jebel Ali Village - Dubai - United Arab Emirates",JLT Dubai,Dubai,+971 50 182 0898,,https://www.iskfuae.com/,5.0,2,google_maps,2026-03-13T04:22:48.045710+00:00
JLT Cluster S,"BJJ, Kickboxing, Taekwondo, Martial Arts",Green Lakes 1 - Al Thanyah Fifth - Jumeirah Lakes Towers - Dubai - United Arab Emirates,JLT Dubai,Dubai,+97143688883,servicecentre@concordiadubai.com,http://www.jlt.ae/,4.4,245,google_maps,2026-03-12T13:15:47.177809+00:00
Justfit EMS Dubai,"Kickboxing, Judo","Studio, I Rise Tower - Hessa St - Al Thanyah First - Barsha Heights - Dubai - United Arab Emirates",JLT Dubai,Dubai,+971 52 674 5655,,https://justfitems.com/,4.9,129,google_maps,2026-03-12T21:31:49.498838+00:00
Karate class near me AL WATHIQ MARTIAL ARTS CLUB,"Karate, Taekwondo",1 - Jebel Ali Village - Discovery Gardens - Dubai - United Arab Emirates,JLT Dubai,Dubai,+971 58 629 6377,info@alwathiqmartialarts.com; alwathiqmartshalartsclub@gmail.com,https://alwathiqmartialarts.com/,4.7,,google_maps,2026-03-13T01:28:34.845080+00:00
Kick It Body Fitness EMS,"Kickboxing, Boxing, Judo, Taekwondo",Citadines Metro Central Hotel - Al Thanyah First - Barsha Heights - Dubai - United Arab Emirates,JLT Dubai,Dubai,+971 58 955 1224,info@kickitbodyfitness.com,http://www.kickitbodyfitness.com/,4.8,202,google_maps,2026-03-12T21:31:28.564882+00:00
Kids Unlimited UAE,"Kickboxing, Karate, Judo, Taekwondo, Martial Arts",Jumeirah Park Pavilion - Shop # 10 Al Worood 1 St - Dubai - United Arab Emirates,JLT Dubai,Dubai,+97145642545,,https://www.kidsunlimited.ae/,4.8,69,google_maps,2026-03-12T21:31:46.251405+00:00
Koi Dojo Martial Arts Training Club,"BJJ, MMA, Muay Thai, Kickboxing, Boxing, Karate, Judo, Taekwondo, Martial Arts","2809, Citadel Tower - Business Bay - Dubai - United Arab Emirates",JLT Dubai,Dubai,+971 50 483 0382,,https://www.thekoidojo.com/,5.0,5,google_maps,2026-03-12T13:15:07.829374+00:00
La Tayas Abadan Martial Arts,"BJJ, MMA, Muay Thai, Kickboxing, Boxing, Karate, Judo, Taekwondo, Martial Arts","Binghatti Onyx, District 15 - Al Barsha South Fourth - Jumeirah Village Circle - Dubai - United Arab Emirates",JLT Dubai,Dubai,+971 56 355 4659,,http://www.ltamartialarts.com/,5.0,12,google_maps,2026-03-12T13:15:02.964817+00:00
Lineage International Martial Arts and Fitness FZCO,"Kickboxing, Boxing, Karate, Judo, Taekwondo, Martial Arts","Mazaya Business Avenue - Unit 205, BB1 - Jumeirah Lakes Towers - Dubai - United Arab Emirates",JLT Dubai,Dubai,+971 50 696 5300,join@lineage.ae,https://lineage.ae/,,,google_maps,2026-03-12T21:30:35.681751+00:00
MUAY THAI KICKBOXING COACH,"MMA, Muay Thai, Kickboxing, Boxing, Karate, Judo, Taekwondo, Martial Arts",Cluster D - Al Thanyah Fifth - Jumeirah Lakes Towers - Dubai - United Arab Emirates,JLT Dubai,Dubai,+971 50 225 1783,,,5.0,7,google_maps,2026-03-12T14:02:11.020582+00:00
Mazaya Business Avenue BB1,BJJ,"First Al khail St., Jumeirah Lakes Towers Mazaya Business Avenue BB1, Floor 1 - Office 101 - Dubai - United Arab Emirates",JLT Dubai,Dubai,+97137700232,info@synergydubai.ae,https://synergydubai.ae/,4.0,1448,google_maps,2026-03-12T13:15:52.062910+00:00
Muscle Bound Gym,Kickboxing,Mercure Hotel & Suites Apartments - 802 - Barsha Heights - Dubai - United Arab Emirates,JLT Dubai,Dubai,+971 50 370 7754,,http://muscleboundgym.com/,4.8,110,google_maps,2026-03-12T21:31:31.740294+00:00
"MyPT Home Personal Training | On-Demand Personal Trainers | Personal Training Academy in Dubai, UAE","Kickboxing, Boxing, Taekwondo, Martial Arts",Tameem House Office Building - 201 - Barsha Heights - Dubai - United Arab Emirates,JLT Dubai,Dubai,+971 50 472 5319,contact@mypt-me.com; %20contact@mypt-me.com,https://mypt-me.com/,5.0,263,google_maps,2026-03-12T21:31:47.864117+00:00
PLATFORM Studios - Marina,"Kickboxing, Boxing, Judo, Martial Arts","Shop 2, The Platform Studios, Park Island - Dubai Marina - Dubai - United Arab Emirates",JLT Dubai,Dubai,+97144358083,,https://theplatformstudios.com/,4.4,397,google_maps,2026-03-12T21:30:59.680250+00:00
PRIME FITNESS MARINA 2,Kickboxing,Dream Tower 2 - Al Hubob St - Marsa Dubai - Dubai Marina - Dubai - United Arab Emirates,JLT Dubai,Dubai,+97145529350,amro.abbas.1999@gmail.com; jwikumsara@gmail.com; ghemosubijay49@gmail.com,https://www.primefitnessdxb.ae/,5.0,143,google_maps,2026-03-12T21:30:34.098582+00:00
Pilates Academy Dubai,"Taekwondo, Martial Arts","JLT Cluster X, Jumeirah Bay X2, 4202 - Dubai - United Arab Emirates",JLT Dubai,Dubai,+971 56 798 4655,,http://www.pilatesacademydubai.com/,4.4,50,google_maps,2026-03-13T04:24:29.666848+00:00
Push and Pull Fitness,Kickboxing,"Grosvenor Business Tower - 1410, Floor 14 - Barsha Heights - Dubai - United Arab Emirates",JLT Dubai,Dubai,+971 50 993 9805,,,5.0,34,google_maps,2026-03-12T21:31:43.065980+00:00
Rashna Fitness and Wellness,Kickboxing,Sheikh Zayed Rd - Al Sufouh - Al Sufouh 2 - Dubai - United Arab Emirates,JLT Dubai,Dubai,+971 55 411 5244,,https://www.rashnapradhan.com/,5.0,10,google_maps,2026-03-12T21:31:25.346188+00:00
Red Gym Karate Center,"Kickboxing, Karate, Taekwondo, Martial Arts",Al Thanyah First - Barsha Heights - Dubai - United Arab Emirates,JLT Dubai,Dubai,+971 54 453 8805,info@leosportacademy.com,http://leosportacademy.com/,5.0,3,google_maps,2026-03-12T21:31:52.684433+00:00
Salsa and Bachata Dance Classes at JLT Dubai by Vineet Bangera,BJJ,202 - Mazaya Business Avenue BB2 Tower - Jumeirah Lakes Towers - Dubai - United Arab Emirates,JLT Dubai,Dubai,+971 50 348 6150,support@dancecentralonline.com,https://www.dancecentralonline.com/,5.0,28,google_maps,2026-03-12T13:15:29.212925+00:00
Spartans Boxing Club Dubai South,"BJJ, MMA, Muay Thai, Kickboxing, Boxing",The Pulse Residence 3 - Madinat Al Mataar - Dubai South - Dubai - United Arab Emirates,JLT Dubai,Dubai,+971 55 920 1039,dubaisouth@spartansboxing.com,https://spartansboxing.com/dubai-south/,5.0,59,google_maps,2026-03-12T13:15:43.958011+00:00
Spartans Boxing Club Jumeirah Lake Towers,"BJJ, Muay Thai, Kickboxing, Boxing, Karate, Judo, Taekwondo, Martial Arts","S1, Green Lakes 2, JLT Cluster S - Al Thanyah Fifth - Jumeirah Lakes Towers - Dubai - United Arab Emirates",JLT Dubai,Dubai,+971 58 282 7152,letsboxinjlt@spartansboxing.com,https://spartansboxing.com/jumeirah-lake-towers/,4.9,78,google_maps,2026-03-12T13:14:20.487388+00:00
"Spartans Boxing Club, Arjan","BJJ, MMA, Muay Thai, Kickboxing, Boxing, Karate, Taekwondo, Martial Arts",UAE - Retail 2/3 Beverly Boulevard by HMB Homes - Arjan - Dubai - United Arab Emirates,JLT Dubai,Dubai,+971 52 631 7665,arjan@spartansboxing.com,https://spartansboxing.com/arjan/,4.8,82,google_maps,2026-03-12T13:15:16.022564+00:00
Stretch.com Marina,Taekwondo,"Unit R105, Marina Gate 2 - Dubai Marina - Dubai - United Arab Emirates",JLT Dubai,Dubai,+97145788843,info@stretch.com,http://stretch.com/,4.8,111,google_maps,2026-03-13T04:24:55.738007+00:00
Survivor Karate Training Centre,"Karate, Martial Arts","Office # 602, Sheikha Noora Building - next to Hamel Al Ghaith Masjid - Dubai - United Arab Emirates",JLT Dubai,Dubai,+971 50 575 7095,,,4.9,39,google_maps,2026-03-13T01:28:52.147477+00:00
Swastha Fit Pro,"Kickboxing, Boxing, Taekwondo, Martial Arts",Al Shafar Tower 1 - Office 701 7th Floor - Al Thanyah First - Barsha Heights - Dubai - United Arab Emirates,JLT Dubai,Dubai,+97145642545,,https://swasthafitpro.com/,5.0,35,google_maps,2026-03-12T21:31:54.331894+00:00
Sweat Fitness,"Kickboxing, Boxing, Karate, Taekwondo, Martial Arts",Marina Walk - Marsa Dubai - Dubai Marina - Dubai - United Arab Emirates,JLT Dubai,Dubai,+971 52 109 5588,sweatfitnessdubai@gmail.com,http://sweat-dxb.com/,4.9,68,google_maps,2026-03-12T21:30:42.098047+00:00
The Warrior Academy Jumeirah Island,"BJJ, Kickboxing, Karate, Judo, Taekwondo, Martial Arts",347W+QPC - Al Thanyah Fifth - Jumeirah Heights - Dubai - United Arab Emirates,JLT Dubai,Dubai,+97149475192,,https://warrioracademyjumeirah.scoreapp.com/,,,google_maps,2026-03-12T13:15:34.236398+00:00
Top Boxing,"Kickboxing, Boxing","jlt, cluster x3 Jumeirah bay tower 3 - Dubai - United Arab Emirates",JLT Dubai,Dubai,+971 50 805 6966,info@topboxing.com,https://www.topboxing.ae/,5.0,21,google_maps,2026-03-12T21:30:30.920391+00:00
UAE AIKIKAI AIKIDO - Tecom,"Karate, Taekwondo, Martial Arts",Al Thanyah First - Barsha Heights - Dubai - United Arab Emirates,JLT Dubai,Dubai,+971 50 552 8078,,https://www.uaeaikido.com/,5.0,2,google_maps,2026-03-13T01:28:08.279725+00:00
UFC,Kickboxing,Level Shopping - Braih Street Murjan Plaza - Dubai - United Arab Emirates,JLT Dubai,Dubai,+971 80 083 2496,,https://ufcgym.me/,,,google_maps,2026-03-12T21:31:30.164396+00:00
Unicorn Universe Training Center,"Karate, Taekwondo, Martial Arts",LIV Residence - Marsa Dubai - Dubai Marina - Dubai - United Arab Emirates,JLT Dubai,Dubai,+971 52 170 4953,info@unicorn.study,https://www.unicorn.study/,4.8,25,google_maps,2026-03-13T01:27:50.697014+00:00
Volcano PT Club JLT,"Kickboxing, Boxing, Karate, Taekwondo, Martial Arts",2801 & 2802، The Dome Tower - Cluster N - Al Thanyah Fifth - Jumeirah Lakes Towers - Dubai - United Arab Emirates,JLT Dubai,Dubai,+971 50 893 4977,,http://www.volcanoptclub.com/,4.1,354,google_maps,2026-03-12T21:30:16.509754+00:00
Western Karate dmcc,"Kickboxing, Karate, Judo, Taekwondo, Martial Arts","Cluster T, Fortune Executive - Sheikh Zayed Rd - Al Thanyah Fifth - Jumeirah Lakes Towers - Dubai - United Arab Emirates",JLT Dubai,Dubai,+97144508538,,http://www.goldenfalconkarate.com/,4.9,48,google_maps,2026-03-12T21:30:29.333491+00:00
Wonderful Me,Martial Arts,35G7+52G - First Al Khail St - Al Thanyah Third - Dubai - United Arab Emirates,JLT Dubai,Dubai,+971 58 565 1990,info@thewonderfulme.com,https://thewonderfulme.com/,5.0,2,google_maps,2026-03-13T06:47:37.186438+00:00
skilldeer,"Kickboxing, Boxing, Taekwondo, Martial Arts",Indigo Icon Tower - 3304 Cluster F - Al Thanyah Fifth - Jumeirah Lakes Towers - Dubai - United Arab Emirates,JLT Dubai,Dubai,+9718003337,,https://skilldeer.com/,4.1,56,google_maps,2026-03-12T21:31:36.529600+00:00
1 Pull Up Training,Boxing,Marasi Dr - Business Bay - Dubai - United Arab Emirates,Jumeirah Dubai,Dubai,+971 58 979 8569,,,5.0,1,google_maps,2026-03-12T22:59:04.571315+00:00
24 Fitness,"Kickboxing, Boxing, Karate, Taekwondo, Martial Arts",AAF International Ware House - 2 12A St - Al Qouz Ind.first - Al Quoz - Dubai - United Arab Emirates,Jumeirah Dubai,Dubai,+971 56 417 8246,adriana@bgmuae.com,https://24fitnessdubai.com/,4.5,442,google_maps,2026-03-12T21:28:00.392746+00:00
24N Dubai,Boxing,"Gate Village, Building 3 - towards DIFC Parking - Zaa'beel Second - DIFC - Dubai - United Arab Emirates",Jumeirah Dubai,Dubai,+971 58 580 5967,,https://www.24ndubai.com/,4.9,70,google_maps,2026-03-12T22:56:39.435222+00:00
51 GYM DUBAI,"Kickboxing, Boxing",Al Wasl 51 Plaza 1 Entrance - Dubai - United Arab Emirates,Jumeirah Dubai,Dubai,+97143855851,info@51gym.ae,https://51gym.ae/,4.7,84,google_maps,2026-03-12T21:27:03.607898+00:00
999 SECURITY,Judo,Port Saeed - Deira - Dubai - United Arab Emirates,Jumeirah Dubai,Dubai,+97143197423,,,3.4,17,google_maps,2026-03-13T02:46:32.288624+00:00
AD ASTRA BOXING CLUB,Boxing,673C+W8M Midtown By Deyaar - Dania 2 - Al Wasl - Dubai - United Arab Emirates,Jumeirah Dubai,Dubai,+971 50 883 3135,,,,,google_maps,2026-03-12T22:58:01.866781+00:00
AFC FITNESS BODYBUILDING CLUB,Kickboxing,"100, Bindahi building, M Floor - Umm Hurair Rd - Oud Metha - Dubai - United Arab Emirates",Jumeirah Dubai,Dubai,+971 56 274 3627,afcindia.club@gmail.com,https://www.afcfitness.club/,4.4,20,google_maps,2026-03-12T21:28:47.127564+00:00
AM Fitpro,Boxing,zabeel dubai mall - Trainsf P6 - Zaa'beel Second - Za'abeel - Dubai - United Arab Emirates,Jumeirah Dubai,Dubai,+971 52 423 7500,info@amfitpro.com,http://www.amfitpro.com/,5.0,38,google_maps,2026-03-12T22:56:51.378251+00:00
Al Karama Star Karate Club,Karate,67QX+W3V - Al Karama - Dubai - United Arab Emirates,Jumeirah Dubai,Dubai,+97143360878,,,5.0,1,google_maps,2026-03-13T01:24:48.481674+00:00
Al Thabit Gym,"Kickboxing, Boxing",NBQ Building - 16th St - Al Hamriya - Dubai - United Arab Emirates,Jumeirah Dubai,Dubai,+971 58 655 7398,,,4.8,66,google_maps,2026-03-12T21:28:56.937521+00:00
"Al Wasl Road, Villa 375A","Karate, Taekwondo, Martial Arts",6775+786 - Al Bada' - Jumeirah 1 - Dubai - United Arab Emirates,Jumeirah Dubai,Dubai,+97143440670,,,4.6,5,google_maps,2026-03-13T01:21:37.291680+00:00
Amor Fati - boxing/mma professional training services on-site/gym,Boxing,20 Al Raddi St - Umm Suqeim First - Umm Suqeim 1 - Dubai - United Arab Emirates,Jumeirah Dubai,Dubai,+971 50 181 9475,,,,,google_maps,2026-03-12T22:54:25.562004+00:00
"Arrow ( Karate , Swimming , Football ) Academy",Karate,Al Naaham St - Jumeirah - Jumeira Third - Dubai - United Arab Emirates,Jumeirah Dubai,Dubai,+971 55 305 3371,,https://brand.site/Arrowsports,5.0,4,google_maps,2026-03-13T01:21:14.912364+00:00
Atrixion Meydan - Premium Martial Arts Academy,"Karate, Taekwondo",Muscat St - Hadaeq Sheikh Mohammed Bin Rashid - Nad Al Sheba 1 - Dubai - United Arab Emirates,Jumeirah Dubai,Dubai,+971 56 321 1555,info@atrixiondubai.com,https://www.atrixiondubai.com/,,,google_maps,2026-03-13T01:25:56.277326+00:00
Aurora Judo Academy,"Karate, Judo, Taekwondo, Martial Arts",al habtoor city - Al Meydan Rd - Business Bay - Dubai - United Arab Emirates,Jumeirah Dubai,Dubai,+971 55 564 4751,aurorajudo2024@gmail.com; aurorajudo.uae@gmail.com,https://aurora-judo.com/,5.0,1,google_maps,2026-03-13T01:25:15.663093+00:00
BayYoga,"Karate, Taekwondo, Martial Arts",Beljaflah Warehouse - 13 - Warehouse #4 19 Street - Al Qouz Ind.first - Al Quoz - Dubai - United Arab Emirates,Jumeirah Dubai,Dubai,+97143211199,info@bayyoga.ae,https://bayyoga.me/,4.0,68,google_maps,2026-03-13T01:26:10.748797+00:00
Being Fit LLC,Kickboxing,Zabeel extension dubai mall - Train sf p6 - Dubai - United Arab Emirates,Jumeirah Dubai,Dubai,+971 58 572 2691,info@beingfit.ae,http://www.beingfit.ae/,5.0,36,google_maps,2026-03-12T21:29:00.204045+00:00
BoxKongClub,"Kickboxing, Boxing",MaxBurn Gym - Al Qouz Third - Al Quoz - Dubai - United Arab Emirates,Jumeirah Dubai,Dubai,+971 58 575 8997,,,5.0,1,google_maps,2026-03-12T21:29:17.083285+00:00
Boxing Trainer Dubai,"Muay Thai, Boxing",Marina Promenade - Marina Walk - Marsa Dubai - Dubai Marina - Dubai - United Arab Emirates,Jumeirah Dubai,Dubai,+971 50 161 2291,info@boxingtrainerdubai.com,https://boxingtrainerdubai.com/,5.0,9,google_maps,2026-03-12T14:49:22.104279+00:00
BoxingHub,Boxing,One by Omniyat - Business Bay - Dubai - United Arab Emirates,Jumeirah Dubai,Dubai,+97174438373,,https://www.boxinghub.org/,5.0,1,google_maps,2026-03-12T22:56:33.301524+00:00
Brothers Private Wellness Club,Boxing,Umm Amara Street - 30B St - Al Wasl - Jumeirah - Dubai - United Arab Emirates,Jumeirah Dubai,Dubai,+971 54 228 8111,,https://brothersboutiquegym.com/,4.6,14,google_maps,2026-03-12T22:56:42.371729+00:00
Coach Hany / weight loss - gain muscle - kickboxing - boxing,"Kickboxing, Boxing",Silicone - Business Bay - Dubai - United Arab Emirates,Jumeirah Dubai,Dubai,+971 56 355 4506,,,5.0,2,google_maps,2026-03-12T21:29:12.048896+00:00
Coach Rakzy | Personal Training in Dubai | Fitness Training | Certified Personal Trainer,Boxing,Al Quoz 3 - Warehouse #10 4th St - Dubai - United Arab Emirates,Jumeirah Dubai,Dubai,+971 52 119 7968,,https://wa.me/971521197968,5.0,19,google_maps,2026-03-12T22:59:01.538466+00:00
Cuban Boxing Club Dubai,"Kickboxing, Boxing, Karate, Taekwondo, Martial Arts",15 23rd St - Al Qouz Ind.first - Al Quoz - Dubai - United Arab Emirates,Jumeirah Dubai,Dubai,+971 52 832 1025,info@cubanboxing.ae,http://cubanboxingclub.ae/,4.8,29,google_maps,2026-03-12T21:27:47.239607+00:00
DAWSON SPORTS,Boxing,4b 69 A Street Mercato Mall Store Level One (Opposite Nike) Jumeirah Beach Road - Dubai - United Arab Emirates,Jumeirah Dubai,Dubai,+97143588869,info@dawsonsportsme.com,http://www.dawsonsportsme.com/,4.9,10,google_maps,2026-03-12T22:58:19.074830+00:00
Dalong Tai Chi Flow - Dubai,"Karate, Taekwondo, Martial Arts",Dalong Martial Arts - Al Qouz Ind.second - Al Quoz - Dubai - United Arab Emirates,Jumeirah Dubai,Dubai,+971 54 577 9778,,https://www.dalongtaichi.com/,5.0,76,google_maps,2026-03-13T01:24:08.301478+00:00
Defeat Fitness Studio,"Boxing, Martial Arts","Villa T-103 A - The, Executive Towers - Entrance 2 - Business Bay - Dubai - United Arab Emirates",Jumeirah Dubai,Dubai,+971 58 675 6801,info@defeatfitnessstudio.com,https://defeatfitnessstudio.com/,5.0,576,google_maps,2026-03-12T22:58:42.946343+00:00
Direct Hit | Personal Training & Boxing Dubai,Boxing,,Jumeirah Dubai,,+971 58 943 9156,,http://wa.me/971589439156?text=Hi!%20I%27m%20interested%20in%20a%20boxing%20trial.,4.8,4,google_maps,2026-03-12T22:57:34.703026+00:00
Dr Alter,Judo,"North parking 2 ( Elevator, Dubai Festival City Mall - next to Adidas showroom - Al Kheeran - Dubai Festival City - Dubai - United Arab Emirates",Jumeirah Dubai,Dubai,+971 50 861 6508,hello@thedralter.com,https://thedralter.com/,4.7,38,google_maps,2026-03-13T02:46:39.537877+00:00
Dubai Fencing Academy,"Karate, Taekwondo, Martial Arts",Business Bay - Dubai - United Arab Emirates,Jumeirah Dubai,Dubai,+971 55 656 4814,,https://www.instagram.com/dubai_fencing_academy?igsh=MXVibDl2dTVhbmJjcw==&utm_source=qr,5.0,4,google_maps,2026-03-13T01:26:08.553463+00:00
Dubai Fitness Trainers,Boxing,57XC+FFG - Sh Mohammed Bin Rashid Blvd - Burj Khalifa - Downtown Dubai - Dubai - United Arab Emirates,Jumeirah Dubai,Dubai,+971 50 345 4612,dubaifitnesstrainers@gmail.com,https://dubaifitnesstrainers.com/,5.0,6,google_maps,2026-03-12T22:58:22.165149+00:00
Dubai Kids Kung Fu - Jumeirah - POBOX 441007,"Karate, Taekwondo","Al wasle road, 441007 - Dubai - United Arab Emirates",Jumeirah Dubai,Dubai,+971 50 695 5109,contact@sansoxygen.com; info@goldeneaglema.com,http://www.dubaikidskungfu.com/,,,google_maps,2026-03-13T01:26:18.781444+00:00
EDGE PLUS FITNESS CENTER - Al Khail Gate 1,"Kickboxing, Boxing",12th St - Al Qouz Ind.second - Al Quoz - Dubai - United Arab Emirates,Jumeirah Dubai,Dubai,+97145294494,,,4.3,159,google_maps,2026-03-12T21:28:13.348262+00:00
EL.Blancos,Wrestling,Al Wasl - Dubai - United Arab Emirates,Jumeirah Dubai,Dubai,+971 50 939 8278,,,,,google_maps,2026-03-13T00:46:18.265396+00:00
Equilibrium DIFC,"Karate, Taekwondo, Martial Arts",Central Park Tower - Zaa'beel Second - DIFC - Dubai - United Arab Emirates,Jumeirah Dubai,Dubai,+971 50 148 5094,info@equilibrium.me,https://equilibrium.me/,5.0,16,google_maps,2026-03-13T01:23:36.505924+00:00
FFW Health & Wellness,"Kickboxing, Boxing",Tamani Arts Building - Business Bay - Dubai - United Arab Emirates,Jumeirah Dubai,Dubai,+971 54 441 5420,contact@futurefitness-world.com,https://ffw-ems.ae/,4.6,116,google_maps,2026-03-12T21:28:24.656742+00:00
FITOX Gym,"Kickboxing, Boxing","EASA SALEH AL GURG BUILDING, MEZZANINE FLOOR - Khalid Bin Al Waleed Rd - Dubai - United Arab Emirates",Jumeirah Dubai,Dubai,+97143993563,,http://www.fitoxgym.com/,4.6,473,google_maps,2026-03-12T21:29:25.291079+00:00
First Steps Nursery FSN.Montessori - Early Childhood Development and Learning Programs,Karate,Villa 72 - Street 17A Jumeirah Beach Road - Umm Suqeim Third - Umm Suqeim 3 - Dubai - United Arab Emirates,Jumeirah Dubai,Dubai,+971 56 919 2379,info@firststepsnursery.com,https://fsnmontessori.com/,4.6,39,google_maps,2026-03-13T01:26:42.772885+00:00
Fitfusion fitness,Boxing,Trade Center First - DIFC - Dubai - United Arab Emirates,Jumeirah Dubai,Dubai,+971 54 716 2574,,http://fitfussionuae.com/,4.9,13,google_maps,2026-03-12T22:56:48.372441+00:00
FitnGlam Women’s SuperClub Al Quoz,"Kickboxing, Boxing, Martial Arts",Al Ghurair Warehouse road - Al Qouz Third - Al Quoz - Dubai - United Arab Emirates,Jumeirah Dubai,Dubai,+97143332215,hello@fitnglam.ae,https://fitnglam.ae/?utm_source=gmb,4.1,704,google_maps,2026-03-12T21:28:16.560872+00:00
Fitness Gurukul,Boxing,"Aspin Commercial Tower - Sheikh Zayed Road, Office no. 501, 5th Floor - Dubai - United Arab Emirates",Jumeirah Dubai,Dubai,+971 52 694 6452,contact@fitnessgurukulprograms.com,https://fitnessgurukul.com/,5.0,24,google_maps,2026-03-12T22:58:58.505455+00:00
Fitness Hacking,Boxing,Sol Avenue - Business Bay - Dubai - United Arab Emirates,Jumeirah Dubai,Dubai,+971 54 357 3313,,https://fitnesshacking.ae/,4.9,45,google_maps,2026-03-12T22:55:54.148920+00:00
Fuel House Gym,"Kickboxing, Boxing",Al Khayyal Building - Ground Floor - behind Karama Post office - Al Karama - Dubai - United Arab Emirates,Jumeirah Dubai,Dubai,+971 58 572 1030,info@fuelhousedxb.com,https://fuelhousedxb.com/,4.9,158,google_maps,2026-03-12T21:27:35.488336+00:00
Full Circle EMS Fitness Center Trade Center Dubai,Kickboxing,Millennium Executive Tower - 30th Floor - Sheikh Zayed Rd - Dubai - United Arab Emirates,Jumeirah Dubai,Dubai,+971 54 320 2031,,http://www.fullcircle.ae/,4.9,1304,google_maps,2026-03-12T21:26:57.033532+00:00
GIGAFIT Gym Dubai,"Kickboxing, Boxing",6th St - Al Qouz Ind.first - Al Quoz - Dubai - United Arab Emirates,Jumeirah Dubai,Dubai,+97142277362,contact@gigafitdubai.com,https://gigafit.ae/,5.0,1334,google_maps,2026-03-12T21:27:37.311588+00:00
GOFITNEST,Kickboxing,Al Wasl - Dubai - United Arab Emirates,Jumeirah Dubai,Dubai,+971 55 459 0800,,,,,google_maps,2026-03-12T21:29:21.975208+00:00
GYMTOWN BODY BUILDING LLC,Boxing,Al Attar tower - Sheikh Zayed Rd - Trade Center Second - DIFC - Dubai - United Arab Emirates,Jumeirah Dubai,Dubai,+97142547866,,,4.9,161,google_maps,2026-03-12T22:57:21.601039+00:00
German Karate School Dubai - Karate Altinger,"Karate, Taekwondo, Martial Arts",Port de La Mer - Jumeirah 1 - Dubai - United Arab Emirates,Jumeirah Dubai,Dubai,+971 50 783 3040,contact@germankarateschool.com,https://www.germankarateschool.com/,5.0,,google_maps,2026-03-13T01:21:31.245547+00:00
Golden Star Karate & Yoga Centre,"Kickboxing, Karate, Taekwondo, Martial Arts",46B St - Al Karama - Dubai - United Arab Emirates,Jumeirah Dubai,Dubai,+971 55 620 9909,,http://www.goldenstarkarate.com/,4.9,80,google_maps,2026-03-12T21:28:08.559151+00:00
Golden falcon Karate,"Karate, Taekwondo, Martial Arts",25 6A St - Al Karama - Dubai - United Arab Emirates,Jumeirah Dubai,Dubai,+97143360243,,http://www.goldenfalconkarate.com/,,,google_maps,2026-03-13T01:25:47.195246+00:00
GymNation Al Quoz | Best Gym in Al Quoz,"Muay Thai, Kickboxing, Boxing",ETA Star Building - Mezzanine Floor - 683 Sheikh Zayed Rd - Al Qouz Ind.first - Al Quoz - Dubai - United Arab Emirates,Jumeirah Dubai,Dubai,+971 50 220 4078,sophie@gymnation.com; aldrin@gymnation.com; dhaivat@gymnation.com,https://gymnation.com/gymsnearme/al-quoz/,4.4,6431,google_maps,2026-03-12T14:49:00.882113+00:00
Gymaholics PT Studio,Kickboxing,7842+C8 golden sands 20 - Dubai 9th Street Khalid Bin Al Waleed Rd - Al Mankhool - Dubai - United Arab Emirates,Jumeirah Dubai,Dubai,+971 55 419 5838,,https://instagram.com/zakikhanfitness?igshid=MzRlODBiNWFlZA==,4.8,23,google_maps,2026-03-12T21:29:18.753801+00:00
Hiitbox,Boxing,1 Al SafaAl Safa 1 - Al Safa - Dubai - United Arab Emirates,Jumeirah Dubai,Dubai,+971 52 564 8007,,,4.1,7,google_maps,2026-03-12T22:57:46.876229+00:00
Hikari Aikikai Aikido Dubai,"Karate, Taekwondo, Martial Arts",Aswar Building Office 208 - Dubai - United Arab Emirates,Jumeirah Dubai,Dubai,+971 50 857 0448,info@cloutboost.com,http://www.hikariaikikai.com/,5.0,3,google_maps,2026-03-13T01:22:52.373789+00:00
J Club at Jumeirah Mina Al Salam,Kickboxing,Jumeira St - Umm Suqeim 3 - Dubai - United Arab Emirates,Jumeirah Dubai,Dubai,+97143666821,info@thejclub.com; mjreception@thejclub.com,https://thejclub.com/,4.4,59,google_maps,2026-03-12T21:28:27.842331+00:00
Japan Karate Center Dubai UAE,"Karate, Taekwondo, Martial Arts",83 Sheikh Khalifa Bin Zayed St - Al Karama - Dubai - United Arab Emirates,Jumeirah Dubai,Dubai,+97143960515,,,5.0,1,google_maps,2026-03-13T01:22:40.712686+00:00
Jfit Boxing,"Boxing, Karate, Taekwondo, Martial Arts",near Safa British school - Al Safa 1 - Jumeirah - Dubai - United Arab Emirates,Jumeirah Dubai,Dubai,+971 52 831 9981,,https://trainwithjfit.mypthub.net/,5.0,5,google_maps,2026-03-12T22:54:46.624065+00:00
Ju Fitness Coach Azizi Riviera,Kickboxing,Azizi Riviera 16 - Al Merkadh - Nad Al Sheba 1 - Dubai - United Arab Emirates,Jumeirah Dubai,Dubai,+971 55 244 3255,,https://youtube.com/@jawharadubai?si=oUXkcKoaQXoAPEZ-,5.0,13,google_maps,2026-03-12T21:28:11.752581+00:00
Jungle Gymsters,Karate,The Mall - Jumeira St - opp. Jumeirah Beach Resort - Umm Suqeim Third - Umm Suqeim 3 - Dubai - United Arab Emirates,Jumeirah Dubai,Dubai,+97142582820,,,5.0,36,google_maps,2026-03-13T01:24:31.115130+00:00
Just Play Sports Complex,"Muay Thai, Boxing, Judo, Taekwondo, Martial Arts",46WF+3XX - 15A St - Al Qouz Ind.first - Al Quoz - Dubai - United Arab Emirates,Jumeirah Dubai,Dubai,+97143483879,,https://www.justplay.ae/,4.0,208,google_maps,2026-03-12T14:48:57.677368+00:00
KO Sports Equipment Trading LLC,"Boxing, Karate, Taekwondo, Martial Arts",Mezzanine Floor - 57Q7+FQ F66 - Block B Bay Avenue - Business Bay - Dubai - United Arab Emirates,Jumeirah Dubai,Dubai,+971 58 578 9658,info@kosports.ae,https://kosportsdubai.ae/,4.5,39,google_maps,2026-03-12T22:58:49.472307+00:00
Knight Shot Dubai (Knight Cue Sports L.L.C.),"Karate, Martial Arts",Shop 1 Bin Dhahi Umm Hurair Building - Umm Hurair Rd - Oud Metha - Dubai - United Arab Emirates,Jumeirah Dubai,Dubai,+97143582004,,https://www.knightshot.com/,4.6,321,google_maps,2026-03-13T01:26:27.180426+00:00
LAWN AL HAYAT MARTIAL ARTS CLUB,"Kickboxing, Boxing, Karate, Taekwondo, Martial Arts",Al Khayyal Building - near Karama Post office - Al Karama - Dubai - United Arab Emirates,Jumeirah Dubai,Dubai,+971 56 490 8683,,,4.9,9,google_maps,2026-03-12T21:28:58.585299+00:00
Leaders Fitness,Kickboxing,"Al nakheel Building, Showroom No. 4 Near post office, Karama Post box No. -112472 - Dubai - United Arab Emirates",Jumeirah Dubai,Dubai,+971 52 270 1603,,https://www.leadersfitness.ae/,4.6,241,google_maps,2026-03-12T21:28:14.951299+00:00
Leeway Stars Fitness Gym,Kickboxing,Bur Dubai - AAAF-1 - 1st St - Al Mankhool - Dubai - United Arab Emirates,Jumeirah Dubai,Dubai,+971 58 600 0576,,,4.5,63,google_maps,2026-03-12T21:28:05.307742+00:00
Life For You Gym BURDUBAI,"Kickboxing, Boxing",AL MUSTAWAFI BULDING NEAR AL FAHIDI METRO STATION EXIT NO 1 - بر دبي - Dubai - United Arab Emirates,Jumeirah Dubai,Dubai,+971 50 919 6906,,http://www.lifeforyougym.com/,4.7,183,google_maps,2026-03-12T21:29:15.467933+00:00
Lift Castle Body Building Club,Kickboxing,8b 39th St - Al Karama - Dubai - United Arab Emirates,Jumeirah Dubai,Dubai,+971 54 767 3979,,,4.6,39,google_maps,2026-03-12T21:28:02.043902+00:00
Little Champions Gymnastics Academy,"Kickboxing, Boxing, Karate",Danube Sports World - Al Meydan Rd - Business Bay - Dubai - United Arab Emirates,Jumeirah Dubai,Dubai,+971 58 587 9610,fun.littlechampions@gmail.com; sample@mail.com,https://littlechampionsclub.com/,4.4,33,google_maps,2026-03-12T21:28:52.080360+00:00
Lucky Punch Fitness,"Kickboxing, Boxing, Karate, Taekwondo, Martial Arts",Trade Center St - off Sheikh Zayed Road - Trade Center Second - Dubai - United Arab Emirates,Jumeirah Dubai,Dubai,+971 58 519 5577,,https://dubai.luckypunch-boxing.com/,5.0,7,google_maps,2026-03-12T21:28:26.248499+00:00
MBA Dynamic Martial Arts Training Club LLC,"BJJ, MMA, Muay Thai, Kickboxing, Karate, Judo, Taekwondo, Martial Arts",D57 - Dubai Investment Park First - Green Community Village - Dubai - United Arab Emirates,Jumeirah Dubai,Dubai,+971 55 876 5483,,http://www.facebook.com/mbadynamicmartialartstrainingclub/,4.7,17,google_maps,2026-03-12T13:12:33.611874+00:00
METROFITT City Tower 2,Boxing,"Metro - City Tower 2, 6th Floor, Car Parking Building - Sheikh Zayed Rd - near Emirates Tower - Dubai - United Arab Emirates",Jumeirah Dubai,Dubai,+971 52 300 3547,info@metrofitt.com,https://metrofitt.com/,3.9,476,google_maps,2026-03-12T22:58:33.283920+00:00
METROFITT KONNECT Beach Park Plaza,Boxing,2 Jumeira St - Jumeirah - Jumeirah 2 - Dubai - United Arab Emirates,Jumeirah Dubai,Dubai,+971 52 972 6780,info@metrofitt.com,https://metrofitt.com/,4.3,135,google_maps,2026-03-12T22:57:18.571874+00:00
MUSCLE FIRE GYM L.L.C,Boxing,Al Qouz Third - Al Quoz - Dubai - United Arab Emirates,Jumeirah Dubai,Dubai,+971 50 470 8933,,,4.5,139,google_maps,2026-03-12T22:57:59.129136+00:00
Motion Female Fitness,Kickboxing,Villa 122 Al Saqool Street - Umm Suqeim Third - Umm Suqeim - Dubai - United Arab Emirates,Jumeirah Dubai,Dubai,+97143282538,,http://www.motionfitnesscenter.com/,4.8,150,google_maps,2026-03-12T21:28:29.462538+00:00
My First Gym Dubai Al Wasl,"Karate, Taekwondo, Martial Arts",51 Al Wasl 51 - Jumeirah - Jumeira First - Dubai - United Arab Emirates,Jumeirah Dubai,Dubai,+97143855100,abudhabiladiesclub@myfirstgym.com; dubaialwasl@myfirstgym.com; abudhabidowntown@myfirstgym.com,https://myfirstgym.com/,4.5,26,google_maps,2026-03-13T01:21:46.351231+00:00
MyPT Wasl Square | Most Advanced Personal Training in Wasl Square,Kickboxing,5 3 St - Al Safa 1 - Al Safa - Dubai - United Arab Emirates,Jumeirah Dubai,Dubai,+971 50 964 5725,contact@mypt-me.com; %20contact@mypt-me.com,https://mypt-me.com/,4.5,2,google_maps,2026-03-12T21:29:26.994218+00:00
Nora Dance Group,Judo,Jvc - Al Barsha South Fourth - Jumeirah Village Circle - Dubai - United Arab Emirates,Jumeirah Dubai,Dubai,+971 54 445 1734,infos@noradancegroup.com; info@noradancegroup.com,https://www.noradancegroup.com/,5.0,6,google_maps,2026-03-13T02:45:36.666869+00:00
Ocean Kids Institute for Dance Art Karate and Music,"Karate, Taekwondo, Martial Arts",Hamsa Building - Khalid Bin Al Waleed Rd - above Ansar Gallery Supermarket - Al Karama - Dubai - United Arab Emirates,Jumeirah Dubai,Dubai,+971 50 181 2205,admin@oceankidsdubai.com; info@oceankidsdubai.com,http://www.oceankidsdubai.com/,4.5,85,google_maps,2026-03-13T01:24:25.538828+00:00
Oud Metha Gym | Fitness Centre,"Kickboxing, Karate",Roundabout - 61 Umm Hurair Rd - above Al- Rakwah Cafe - Oud Metha - Dubai - United Arab Emirates,Jumeirah Dubai,Dubai,+971 52 777 6353,,https://oudmethafitness.com/,4.8,243,google_maps,2026-03-12T21:28:18.214718+00:00
Paulomi's World Of Fitness,"Kickboxing, Boxing, Karate, Taekwondo, Martial Arts",Eat & Drink Restaurant Building - Office No.101 Khalid Bin Al Waleed Rd - opposite of Palm Beach Hotel - Al Souq Al Kabeer - Al Fahidi - Dubai - United Arab Emirates,Jumeirah Dubai,Dubai,+971 58 551 9113,,https://paulomifitness.com/,4.9,672,google_maps,2026-03-12T21:29:32.491927+00:00
Pharaohs' Club WAFI,"Kickboxing, Boxing, Karate, Taekwondo, Martial Arts",Pyramids at Wafi City - Ground Floor - Umm Hurair Second - Umm Hurair 2 - Dubai - United Arab Emirates,Jumeirah Dubai,Dubai,+97143240000,,https://www.pharaohsclub.com/,4.5,373,google_maps,2026-03-12T21:28:50.441291+00:00
Professional Fitness Trainers Dubai,"Boxing, Martial Arts","Unit 608, Bay View Tower - Business Bay - Dubai - United Arab Emirates",Jumeirah Dubai,Dubai,+971 52 541 4598,,https://www.executivewellnesshub.com/,5.0,43,google_maps,2026-03-12T22:57:40.738526+00:00
Project Reshape | One-to-One Personal Training Dubai,Boxing,Trade Center First - Dubai - United Arab Emirates,Jumeirah Dubai,Dubai,+971 50 204 0169,,https://www.transformnationdxb.com/,5.0,23,google_maps,2026-03-12T22:56:15.633418+00:00
Red Lion Fitness Gym,Kickboxing,Grand Castle Building - 4TH Floor - 74 Latifa Bint Hamdan St - Al Qouz Fourth - Al Quoz - Dubai - United Arab Emirates,Jumeirah Dubai,Dubai,+971 55 473 7960,,,5.0,2,google_maps,2026-03-12T21:28:48.827326+00:00
Restart Fitness Center & Gym - Oudmetha,"Kickboxing, Karate",Street 9A - Oud Metha - Dubai - United Arab Emirates,Jumeirah Dubai,Dubai,+971 52 777 6353,,https://www.restartfitness.ae/,4.9,80,google_maps,2026-03-12T21:28:34.401789+00:00
Restart Fitness Center | Gym - Al Garhoud,"Kickboxing, Boxing, Karate",2nd St - Al Garhoud - Dubai - United Arab Emirates,Jumeirah Dubai,Dubai,+971 54 250 8119,,,4.9,110,google_maps,2026-03-12T21:29:10.269558+00:00
Restore Fitness,Boxing,"Sunset Mall - Unit S06, Second Floor - Jumeirah Beach Rd - Dubai - United Arab Emirates",Jumeirah Dubai,Dubai,+971 58 590 7799,contact@restorefitness.ae,https://restorefitness.ae/,4.9,112,google_maps,2026-03-12T22:58:16.145075+00:00
Rixy Club,Judo,45C3+M92 - The Palm Jumeirah - Dubai - United Arab Emirates,Jumeirah Dubai,Dubai,+97144575555,,https://thepalmdubai-tr.rixos.com/rixy-club/detay/RIXY-COCUK-KULUBU/7/31/0,4.5,15,google_maps,2026-03-13T02:46:26.657004+00:00
Rubaya Busemah Tailoring and Embroidery,Judo,6 Al Safeena Street - Al Qouz First - Al Quoz - Dubai - United Arab Emirates,Jumeirah Dubai,Dubai,+971 50 698 1753,,,4.3,6,google_maps,2026-03-13T02:46:42.261247+00:00
SHOTOKAN KARATE DUBAI,"Karate, Taekwondo, Martial Arts",near Central Post Office 043330082 - Al Karama - Sheikh Hamdan Colony - Dubai - United Arab Emirates,Jumeirah Dubai,Dubai,+971 56 490 8683,,,,,google_maps,2026-03-13T01:25:00.563833+00:00
SHURIKEN KARATE and KICKBOXING CENTRE,"BJJ, Muay Thai, Kickboxing, Boxing, Karate, Judo, Taekwondo, Martial Arts","Al Arti Plaza, Elco building - Office 102 - beside civil defense station - Al Karama - Dubai - United Arab Emirates",Jumeirah Dubai,Dubai,+971 56 508 3456,shurikenuae@gmail.com,http://shurikenmartialarts.com/,4.9,84,google_maps,2026-03-12T13:13:06.110485+00:00
Sanjeev Krishna Yoga,"Karate, Taekwondo","Jumeira 3, Al Wasl road, Al Ferdous building #4, Office # O-135 - Dubai - United Arab Emirates",Jumeirah Dubai,Dubai,+97143987595,ajosworks@gmail.com,https://www.sanjeevkrishna.yoga/,4.8,39,google_maps,2026-03-13T01:23:39.531301+00:00
Seibukan Karate Academy JLT,"BJJ, MMA, Kickboxing, Karate, Judo, Taekwondo, Martial Arts",Armada Tower 2 - UNIT 705 Cluster P - Al Thanyah Fifth - Jumeirah Lakes Towers - Dubai - United Arab Emirates,Jumeirah Dubai,Dubai,+971 55 424 7575,info@unitedkarategroup.com,https://unitedkarategroup.com/,4.4,10,google_maps,2026-03-12T13:12:46.584004+00:00
Shahin Gym,Boxing,5 24a St - Al Bada' - Dubai - United Arab Emirates,Jumeirah Dubai,Dubai,+971 50 535 0155,,,4.3,61,google_maps,2026-03-12T22:56:45.357364+00:00
"Sherwood Middle East Pesticide Trading LLC, Dubai",Judo,Int’l. Real Estate Bldg - 39A Street - Al Qouz Ind.first - Al Quoz - Dubai - United Arab Emirates,Jumeirah Dubai,Dubai,+97143300151,,http://sherwoodpst.com/,5.0,26,google_maps,2026-03-13T02:46:23.616474+00:00
SoulFit Personal Training - Personal Trainer In Dubai,"Judo, Taekwondo, Martial Arts",Star Building - Al Karama - Sheikh Hamdan Colony - Dubai - United Arab Emirates,Jumeirah Dubai,Dubai,+971 56 678 6137,%20info@soulfitpersonaltraining.com; soulfitdm@gmail.com; info@soulfitpersonaltraining.com,https://soulfitpersonaltraining.com/,5.0,9,google_maps,2026-03-13T02:46:00.077881+00:00
Strong Gym HQ,"Muay Thai, Boxing, Judo, Taekwondo, Martial Arts","The Shed, Warehouse - 8th St - Al Qouz Ind.third - Al Quoz - Dubai - United Arab Emirates",Jumeirah Dubai,Dubai,+971 50 220 4078,admin@strongcoaching.net,https://www.strongtraining.net/,4.8,112,google_maps,2026-03-12T14:49:07.309679+00:00
Super Fun Sport,"Karate, Taekwondo, Martial Arts",Iris Bay - Building 903 Office 39 - Business Bay - Dubai - United Arab Emirates,Jumeirah Dubai,Dubai,+971 50 518 8303,info@superfunsport.com,https://superfunsport.com/,5.0,7,google_maps,2026-03-13T01:21:49.634418+00:00
TCMShanghai Traditional Chinese Medical Center,"Karate, Martial Arts",Jumeirah Road - 37B St - Dubai - United Arab Emirates,Jumeirah Dubai,Dubai,+97148862862,,http://www.tcmshanghai.ae/,4.8,127,google_maps,2026-03-13T01:26:12.724929+00:00
TOPSTRETCHING® Address Sky View,Boxing,Address Skyview Emaar Square Area - Burj Khalifa - Downtown Dubai - Dubai - United Arab Emirates,Jumeirah Dubai,Dubai,+971 58 500 0088,info@topstretching.company,https://topstretching.company/,4.7,418,google_maps,2026-03-12T22:56:59.554659+00:00
TOTAL FIT DUBAI,Kickboxing,2 18th St - Al Raffa - Dubai - United Arab Emirates,Jumeirah Dubai,Dubai,+971 52 537 2758,info@hadkaur.com; info@totalfitdubai.com; muhammedadhils613@gmail.com,https://thetotalfitdubai.com/,4.9,615,google_maps,2026-03-12T21:29:23.610800+00:00
TRAIN strength & fitness,"Boxing, Judo, Taekwondo, Martial Arts","Dubai Mall, Zabeel expansion - Dubai - United Arab Emirates",Jumeirah Dubai,Dubai,+97142953989,info@train-sf.com,http://www.train-sf.com/,4.1,254,google_maps,2026-03-12T22:58:09.927915+00:00
TRAX FITNESS CENTER LLC,"Kickboxing, Boxing, Karate, Taekwondo, Martial Arts",Sheikh Zayed Rd - next to VOCO Hotel - Trade Center First - Dubai - United Arab Emirates,Jumeirah Dubai,Dubai,+97148846855,support@traxfitnesscenter.com,https://traxfitnesscenter.com/,4.5,247,google_maps,2026-03-12T21:28:10.159215+00:00
Taiko,Judo,Wafi - Sheikh Rashid Rd - Umm Hurair Second - Dubai - United Arab Emirates,Jumeirah Dubai,Dubai,+97142814010,reservations@taikodubai.ae,https://restaurantsandbars.accor.com/fr/restaurant/B197_R002?utm_source=google+Maps&utm_medium=seo+maps&utm_campaign=seo+maps,4.7,398,google_maps,2026-03-13T02:46:09.109960+00:00
Team paniz,"Karate, Taekwondo","3653942 - Dubai, Al Khail Gate - Plot No - Al Qouz Ind.second - Al Quoz - Dubai - United Arab Emirates",Jumeirah Dubai,Dubai,,,https://www.wellfit.me/en/meydan/,5.0,1,google_maps,2026-03-13T01:25:06.623833+00:00
The Big Five Martial Arts Club,"Karate, Taekwondo, Martial Arts",The Curve - Building - Mezzanine Floor - Office M65 4th St - Al Qouz Third - Al Quoz - Dubai - United Arab Emirates,Jumeirah Dubai,Dubai,+971 58 572 9271,enquiries@bigfivemartialartsclub.com,https://bigfivemartialartsclub.com/,5.0,20,google_maps,2026-03-13T01:23:16.398423+00:00
The Combat Kids,BJJ,,Jumeirah Dubai,,+971 52 126 7739,,http://thecombatkids.com/,,,google_maps,2026-03-12T13:13:19.174526+00:00
Time 2 Body fitness studio,Kickboxing,Al Mankhool Rd - Al Mankhool - Dubai - United Arab Emirates,Jumeirah Dubai,Dubai,+97143510201,,,4.5,44,google_maps,2026-03-12T21:29:06.693689+00:00
"Trainer4Kids TKD– Karate, Fitness & Self-Defense in Dubai","Karate, Taekwondo, Martial Arts",Jumeirah - Jumeira First - Dubai - United Arab Emirates,Jumeirah Dubai,Dubai,+971 58 982 8336,tkdtrainer4kids@gmail.com,https://tkdtrainer4kids.wixsite.com/ahmed,5.0,,google_maps,2026-03-13T01:21:01.123219+00:00
UAE AIKIKAI AIKIDO - Al Qouz,"Karate, Taekwondo, Martial Arts",T Road - Al Qouz Fourth - Al Quoz - Dubai - United Arab Emirates,Jumeirah Dubai,Dubai,+971 50 552 8078,,http://www.uaeaikido.com/,4.7,3,google_maps,2026-03-13T01:23:53.444163+00:00
UB GYM,"Kickboxing, Boxing",near cosmos tennis - Al Karama - Dubai - United Arab Emirates,Jumeirah Dubai,Dubai,+971 56 781 6946,hello@quadlayers.com,http://www.allinoneclub.org/,4.6,87,google_maps,2026-03-12T21:28:03.678330+00:00
UFC GYM - Silicon Central | Dubai Silicon Oasis,"BJJ, MMA, Muay Thai, Kickboxing, Boxing, Wrestling, Judo, Martial Arts",Silicon Central Mall - Al Ain - Dubai Rd - Nadd Hessa - Dubai Silicon Oasis - Dubai - United Arab Emirates,Jumeirah Dubai,Dubai,+971 52 705 5950,,https://www.ufcgym.me/landing/uae-form,4.3,566,google_maps,2026-03-12T13:12:54.739114+00:00
Underground Dance World,Karate,"Block C-302/6, Office Land Building, Opposite Sana Pharmacy, Nr.Lulu Hypermarket - Dubai - United Arab Emirates",Jumeirah Dubai,Dubai,+971 52 422 8313,,,4.8,,google_maps,2026-03-13T01:26:35.528852+00:00
Universal Martial Arts Academy ( Dewvale Dojo),"Kickboxing, Karate, Judo, Taekwondo, Martial Arts",Street 26 - Al Qouz Fourth - Al Quoz - Dubai - United Arab Emirates,Jumeirah Dubai,Dubai,+971 55 214 4199,hello@quadlayers.com; info@allinoneclub.org,https://allinoneclub.org/,4.7,11,google_maps,2026-03-12T21:28:41.507095+00:00
Vijo Fitness & Lifestyle Gym | Karama,Kickboxing,21 24 St - Al Karama - Dubai - United Arab Emirates,Jumeirah Dubai,Dubai,+971 50 458 6689,info@vijofitness.com,https://www.vijofitness.com/,4.9,36,google_maps,2026-03-12T21:28:32.751033+00:00
Wellfit Meydan,"Kickboxing, Boxing, Karate, Taekwondo, Martial Arts",Muscat St - Hadaeq Sheikh Mohammed Bin Rashid - Nad Al Sheba 1 - Dubai - United Arab Emirates,Jumeirah Dubai,Dubai,,,https://www.wellfit.me/en/meydan/,4.8,2544,google_maps,2026-03-12T21:28:36.020243+00:00
WrestleFest DXB,Wrestling,4B St - Al Qouz Ind.first - Al Quoz - Dubai - United Arab Emirates,Jumeirah Dubai,Dubai,+971 55 455 4441,contact@wrestlefestdxb.ae,http://www.wrestlefestdxb.ae/,4.9,40,google_maps,2026-03-13T00:46:09.758912+00:00
YU Taekwondo,"Karate, Taekwondo, Martial Arts",Building Number R114 - Sheikh Zayed Road - 308th Road Sheikh Rashid Building - Trade Center First - Dubai - United Arab Emirates,Jumeirah Dubai,Dubai,+971 56 536 7812,info@yu-taekwondo.ae,https://yu-taekwondo.ae/,4.6,11,google_maps,2026-03-13T01:23:22.436447+00:00
Yogkalarisamriddhi,"Karate, Taekwondo, Martial Arts",Trade Center First - Dubai - United Arab Emirates,Jumeirah Dubai,Dubai,+971 56 344 0979,,http://www.yogkalarisamriddhi.com/,5.0,7,google_maps,2026-03-13T01:24:20.361267+00:00
Youskilled Home,Boxing,Villa 18A Umm Ammar Road - Al Wasl - Dubai - United Arab Emirates,Jumeirah Dubai,Dubai,+971 58 976 0936,,https://www.youskilledhome.com/,4.9,103,google_maps,2026-03-12T22:58:03.898073+00:00
Zabeel Ladies Club,"Kickboxing, Boxing",Al Sherouq - Building شارع زعبيل الثانى - Al Karama - Dubai - United Arab Emirates,Jumeirah Dubai,Dubai,+971 58 570 0513,,http://www.powerhousegymuae.com/,3.8,28,google_maps,2026-03-12T21:29:30.804952+00:00
gym,"Kickboxing, Boxing",1272 Al Wasl Rd - Umm Suqeim Third - Umm Suqeim - Dubai - United Arab Emirates,Jumeirah Dubai,Dubai,+97142889547,,,4.2,51,google_maps,2026-03-12T21:28:39.672080+00:00
Фитнес fitness-coach,Kickboxing,Jumeira First - Dubai - United Arab Emirates,Jumeirah Dubai,Dubai,+971 50 249 5172,,https://www.instagram.com/vashenko_ds?igsh=MXM0OW44cmoxbmdibg==,5.0,2,google_maps,2026-03-12T21:29:03.482681+00:00
Abu Dhabi Maritime Academy (ADMA) - أكاديمية أبوظبي البحرية,Taekwondo,شارع ٦ - Musaffah - M14 - Abu Dhabi - United Arab Emirates,Khalifa City Abu Dhabi,Abu Dhabi,+97126902500,customerservice@adports.ae; maritime.training@adports.ae; adma@adports.ae,https://www.admacademy.ae/,4.4,18,google_maps,2026-03-13T05:50:07.986186+00:00
Abu Dhabi Martial Arts Academy - ADMA Alfalah,"BJJ, MMA",UAEJJ Fitness - Al Ja-izah St - Al Falah - FA3 - Abu Dhabi - United Arab Emirates,Khalifa City Abu Dhabi,Abu Dhabi,+971 50 976 1254,info@adma.academy; info@admaacademy.com,https://www.admaacademy.com/,4.9,16,google_maps,2026-03-12T13:50:40.762728+00:00
Al Khaleej Int'l Sports Club,"MMA, Muay Thai, Kickboxing, Boxing, Karate, Judo, Taekwondo, Martial Arts",Fatima Bint Mubarak Street - near Doha Bank - Al Danah - Zone 1 - Abu Dhabi - United Arab Emirates,Khalifa City Abu Dhabi,Abu Dhabi,+971 50 132 0858,,https://sites.google.com/view/alkhaleejsportsclub/home?authuser=0,4.8,29,google_maps,2026-03-12T14:23:42.227905+00:00
Alkhaleej International Sports club,Kickboxing,6 شارع القَحَّافِيَّة - Al Muntazah - Rowdhat Abu Dhabi - Abu Dhabi - United Arab Emirates,Khalifa City Abu Dhabi,Abu Dhabi,+971 50 132 0858,,https://sites.google.com/view/alkhaleejsportsclub/home?authuser=0,5.0,3,google_maps,2026-03-12T22:17:43.495261+00:00
Aphrodite Fitness And Gym Ladies,"Kickboxing, Boxing",Khalifa City - Sector 13 - Abu Dhabi - United Arab Emirates,Khalifa City Abu Dhabi,Abu Dhabi,+971 50 803 0842,,http://wa.me/message/T35PCLEFP7TGM1,4.5,65,google_maps,2026-03-12T22:17:22.246724+00:00
Bebo sports academy (Sports Club) Bani Yas - أكاديمية بيبو الرياضية ( نادي رياضي ) بني ياس,Taekwondo,2 reach British school - Bani Yas - Baniyas East - Abu Dhabi - United Arab Emirates,Khalifa City Abu Dhabi,Abu Dhabi,+971 54 383 9532,info@bebosports.com; bebomsf@gmail.com,http://www.bebosports.com/,4.9,27,google_maps,2026-03-13T05:49:58.847775+00:00
Best New and Used Gym Equipment UAE,Kickboxing,Musaffah - Musaffah Industrial - Abu Dhabi - United Arab Emirates,Khalifa City Abu Dhabi,Abu Dhabi,+971 52 236 5386,,https://www.instagram.com/gym_used_botai_fitness/,,,google_maps,2026-03-12T22:17:56.265807+00:00
Body classic gym,Boxing,CM3R+VFM - 9 Al Khibrah St - Al Shamkhah - SH36 - Abu Dhabi - United Arab Emirates,Khalifa City Abu Dhabi,Abu Dhabi,+971 50 909 6823,,,3.8,165,google_maps,2026-03-13T00:14:24.414658+00:00
Bodyline Gym,Boxing,Liwa Residency Building Al Yas Al 'Ali Street - A - Khalifa City - Abu Dhabi - United Arab Emirates,Khalifa City Abu Dhabi,Abu Dhabi,+97125656606,,https://bodyabs.ae/,4.3,111,google_maps,2026-03-13T00:11:04.336749+00:00
Bushido Martial Arts & Fitness-Khalidiya,"BJJ, Karate, Judo, Taekwondo, Martial Arts",Street - Al Khalidiyah - W4 - Abu Dhabi - United Arab Emirates,Khalifa City Abu Dhabi,Abu Dhabi,+971 55 815 1980,info@bushidoskif.com,https://www.bushidoskif.com/,5.0,3,google_maps,2026-03-12T13:50:29.254860+00:00
C FOUR GYM,"Kickboxing, Boxing, Taekwondo",A - 78 شارع الياس العَالي - opposite to Etihad School - Khalifa City - SE16 - Abu Dhabi - United Arab Emirates,Khalifa City Abu Dhabi,Abu Dhabi,+971 56 987 8748,,,4.6,238,google_maps,2026-03-12T22:16:56.659045+00:00
"CLYMB Yas Island, Abu Dhabi",Boxing,Yas St - Yas Island - YS1 - Abu Dhabi - United Arab Emirates,Khalifa City Abu Dhabi,Abu Dhabi,+971 60 051 1115,,https://www.clymbabudhabi.com/?utm_source=gmb&utm_medium=organic,4.6,1059,google_maps,2026-03-13T00:12:44.869123+00:00
"Capelli Center Mens (Gym, Salon, Spa)","Kickboxing, Boxing",Ban Al Jasrain - 40 شارع الطاروق - Rabdan - RB4 - Abu Dhabi - United Arab Emirates,Khalifa City Abu Dhabi,Abu Dhabi,+97125589900,,,4.3,130,google_maps,2026-03-12T22:18:10.615714+00:00
Crash Gym,"Kickboxing, Boxing",White building 10 - Khalifa City - Sector 33 - Abu Dhabi - United Arab Emirates,Khalifa City Abu Dhabi,Abu Dhabi,+971 55 412 2822,,https://www.facebook.com/crashgymuae?mibextid=LQQJ4d,4.8,72,google_maps,2026-03-12T22:17:30.197413+00:00
Dolphin Sports Academy - Khalifa City Branch,Karate,Dolphin Sports Academy - Khalifa City - SE38 - Abu Dhabi - United Arab Emirates,Khalifa City Abu Dhabi,Abu Dhabi,+971 56 338 8665,,https://dolphinsportsacademy.com/,4.8,52,google_maps,2026-03-13T02:09:52.603908+00:00
Dolphin Sports academy - Khalifa city,"Judo, Taekwondo",Khalifa City - SE44 - Abu Dhabi - United Arab Emirates,Khalifa City Abu Dhabi,Abu Dhabi,+971 50 502 4588,,,4.4,9,google_maps,2026-03-13T03:43:45.210745+00:00
"Dynamic Fitness | Best Gym for Ladies and Gents | Musaffah, Abu Dhabi",Taekwondo,Mohamed Bin Zayed City - ME10 - Abu Dhabi - United Arab Emirates,Khalifa City Abu Dhabi,Abu Dhabi,+971 54 337 3768,,,4.9,71,google_maps,2026-03-13T05:50:16.998992+00:00
Elite Bootcamp Abu Dhabi,Boxing,cricket and sports hub - P8 Parking - Abu Dhabi - United Arab Emirates,Khalifa City Abu Dhabi,Abu Dhabi,+971 54 420 5959,,,,,google_maps,2026-03-13T00:12:48.034648+00:00
Elite Fitness - Small Group Personal Training,Boxing,Audi Car showroom - Building Office 303 Airport Road - Al Muntazah - Zone 1 - Abu Dhabi - United Arab Emirates,Khalifa City Abu Dhabi,Abu Dhabi,+97124447272,ladies@elitefitness.ae; info@elitefitness.ae,https://www.elitefitness.ae/,4.5,90,google_maps,2026-03-13T00:12:38.871606+00:00
Elite Training,Boxing,,Khalifa City Abu Dhabi,,+971 50 233 1921,jaksic.milana5@gmail.com,https://elitetraining.ae/,5.0,31,google_maps,2026-03-13T00:13:14.281174+00:00
Emerald Karate Center E Baniyas3,Taekwondo,Bani Yas - East 3 - Abu Dhabi - United Arab Emirates,Khalifa City Abu Dhabi,Abu Dhabi,+971 56 984 8802,,http://www.emeraldkarateuae.com/,4.8,8,google_maps,2026-03-13T05:51:22.390635+00:00
"Emirates Karate, Khalifa City","MMA, Kickboxing, Boxing, Karate, Judo, Taekwondo, Martial Arts","Khalifa City Market C13, Building #70، Khalifa City A - Abu Dhabi - United Arab Emirates",Khalifa City Abu Dhabi,Abu Dhabi,+97126211774,emirateskarateuae@gmail.com,http://www.emirateskarate.com/,4.6,91,google_maps,2026-03-12T14:23:27.948591+00:00
"Emirates Karate, Muroor Road","MMA, Kickboxing, Boxing, Karate, Taekwondo, Martial Arts",Sultan Bin Zayed The First St - Al Sa`Adah - Zone 1 - Abu Dhabi - United Arab Emirates,Khalifa City Abu Dhabi,Abu Dhabi,+971 50 313 9166,emirateskarateuae@gmail.com,http://www.emirateskarate.com/,4.9,66,google_maps,2026-03-12T14:23:48.583091+00:00
Energy Plus Gym Abu Dhabi,"MMA, Boxing, Taekwondo","First Floor, Al Forsan Village, Above Spinneys Khalifa City A - Abu Dhabi - United Arab Emirates",Khalifa City Abu Dhabi,Abu Dhabi,+97126668998,,https://energyplus.ae/,4.4,478,google_maps,2026-03-12T14:23:15.228707+00:00
Etizan Fitness,"Kickboxing, Boxing, Taekwondo",Khor Al Maqta Al Khaleej Al Arabi Road Opposite Sheikh Zayed Grand Mosque - Abu Dhabi - United Arab Emirates,Khalifa City Abu Dhabi,Abu Dhabi,+97124415900,etizan@erth.ae,https://etizan.ae/en,3.4,91,google_maps,2026-03-12T22:17:48.297912+00:00
Fit Kids Gymnastics Academy BJJ Al Raha Mall,Taekwondo,Rashid Bin Jabr Al Halami St - Al Rahah - RBW13 - Abu Dhabi - United Arab Emirates,Khalifa City Abu Dhabi,Abu Dhabi,+971 52 947 8870,info@fitkidsacademyuae.com; fitkids.girls@gmail.com,https://www.fitkidsacademyuae.com/,,,google_maps,2026-03-13T05:49:17.203245+00:00
Fit Kids Gymnastics Academy MBZ,Taekwondo,Ajyal International School - Shurayi'ah street - Mohamed Bin Zayed City - Z15 - Abu Dhabi - United Arab Emirates,Khalifa City Abu Dhabi,Abu Dhabi,+971 52 947 8870,info@fitkidsacademyuae.com; fitkids.girls@gmail.com,https://fitkidsacademyuae.com/,5.0,4,google_maps,2026-03-13T05:49:35.319881+00:00
Fit Novelty Personal Fitness Trainer,Boxing,Khalifa City - SE3 - Abu Dhabi - United Arab Emirates,Khalifa City Abu Dhabi,Abu Dhabi,+971 56 182 5201,info@fitnovelty.com,https://www.fitnovelty.com/,,,google_maps,2026-03-13T00:12:32.749352+00:00
GOLDEN FIST KARATE SHABIYA 11,"BJJ, Karate, Judo, Taekwondo",Municipality - P 309 An Naseelah St - Mohamed Bin Zayed City - ME11 - Abu Dhabi - United Arab Emirates,Khalifa City Abu Dhabi,Abu Dhabi,+971 52 344 5452,,,4.8,6,google_maps,2026-03-12T13:50:35.837707+00:00
GYM HUB Fitness center,Boxing,Mall - 3rd Floor - Rabdan - RB8 - Abu Dhabi - United Arab Emirates,Khalifa City Abu Dhabi,Abu Dhabi,+97126341455,info@gymhub.ae,https://www.gymhub.ae/,4.7,73,google_maps,2026-03-13T00:12:35.689203+00:00
Galaxy Fit EMS - جالاكسي فيت إي إم إس,Boxing,Khalifa A - المحمصة اللبنانية خليفة أ - 86 - 16 Al Yas Al ‘Ali St - Khalifa City - Sector 13 - Abu Dhabi - United Arab Emirates,Khalifa City Abu Dhabi,Abu Dhabi,+971 56 171 8357,,,4.9,68,google_maps,2026-03-13T00:11:34.835673+00:00
Galaxy Gym & Fitness,Boxing,46 شارع الهاجوس - Mohamed Bin Zayed City - ME9 - Abu Dhabi - United Arab Emirates,Khalifa City Abu Dhabi,Abu Dhabi,+971 55 622 3770,info@galaxygym.ae,http://www.galaxygym.ae/,4.3,223,google_maps,2026-03-13T00:14:31.136695+00:00
Golden fist karate center branch 1 shabia 12 Near model School Shinkyokushinkai Karate,"BJJ, Kickboxing, Karate, Judo, Taekwondo, Martial Arts",Musafah - Mohamed Bin Zayed City - ME12 - Abu Dhabi - United Arab Emirates,Khalifa City Abu Dhabi,Abu Dhabi,+971 55 827 3561,,,5.0,31,google_maps,2026-03-12T13:50:22.889603+00:00
GritnCode - Boutique Gym,"Kickboxing, Boxing, Taekwondo",Khalifa City - SE44 - Abu Dhabi - United Arab Emirates,Khalifa City Abu Dhabi,Abu Dhabi,+971 58 902 2188,clientsupport@gritncode.com,http://www.gritncode.com/,4.9,51,google_maps,2026-03-12T22:17:27.021851+00:00
High score swimming academy نادي رياضي,Taekwondo,Reach british school - شارع الريف - الفلاح - EB1 - Abu Dhabi - United Arab Emirates,Khalifa City Abu Dhabi,Abu Dhabi,+971 50 221 1508,,https://www.facebook.com/highscoresports/,5.0,9,google_maps,2026-03-13T05:51:38.562396+00:00
Home Fitness For Ladies LLC,"Boxing, Taekwondo",28th St - Mohamed Bin Zayed City - Zone 19 - Abu Dhabi - United Arab Emirates,Khalifa City Abu Dhabi,Abu Dhabi,+97125555565,info@homefitness.ae,http://www.homefitness.ae/,4.8,41,google_maps,2026-03-13T00:14:45.618531+00:00
IRONCORE GYM,Kickboxing,5 أخايل - Mohamed Bin Zayed City - ME9 - Abu Dhabi - United Arab Emirates,Khalifa City Abu Dhabi,Abu Dhabi,+971 56 313 3443,,,5.0,36,google_maps,2026-03-12T22:18:02.686806+00:00
KFIT FITNESS,Boxing,P1479 - Raha Beach - Al Rahah - Al Dana - Abu Dhabi - United Arab Emirates,Khalifa City Abu Dhabi,Abu Dhabi,+971 52 774 0415,info@kfit.ae,https://kfit.ae/,4.6,38,google_maps,2026-03-13T00:12:21.236514+00:00
KICKSTART KARATE CENTRE KHALIFA CITY BRANCH,"BJJ, MMA, Kickboxing, Boxing, Karate, Taekwondo, Martial Arts",Forsan central mall - 1st Floor - Khalifa City - Sector 33 - Abu Dhabi - United Arab Emirates,Khalifa City Abu Dhabi,Abu Dhabi,+97126751789,lifes.karate@gmail.com; pvramsad@gmail.com,https://www.kickstartkaratecentre.com/,5.0,40,google_maps,2026-03-12T13:49:40.812252+00:00
Korean Cultural Center in the UAE,Taekwondo,"C40, Podium 2 Yas Creative Hub Yas West - Abu Dhabi - United Arab Emirates",Khalifa City Abu Dhabi,Abu Dhabi,+97124917227,taekwondo.kccuae@gmail.com; lecture.kccuae@gmail.com,https://uae.korean-culture.org/en,4.7,33,google_maps,2026-03-13T05:51:35.596327+00:00
LUANA FITNESS (LADIES ONLY),"Kickboxing, Boxing",31 As Sunnaʹ St - Khalifa City - Sector 33 - Abu Dhabi - United Arab Emirates,Khalifa City Abu Dhabi,Abu Dhabi,+971 55 217 7987,,https://www.luanafitness.com/,4.4,312,google_maps,2026-03-12T22:17:09.474882+00:00
Legacy Martial Arts - Abu Dhabi,"Karate, Taekwondo, Martial Arts",00000 - Al Rahah - RBW7 - Abu Dhabi - United Arab Emirates,Khalifa City Abu Dhabi,Abu Dhabi,+971 50 960 2352,,https://www.legacymartialarts.ae/,5.0,11,google_maps,2026-03-13T02:09:50.460666+00:00
Legends karate club,"BJJ, Kickboxing, Karate, Judo, Taekwondo, Martial Arts",opposite Dunes international school - Musaffah - ME9 - Abu Dhabi - United Arab Emirates,Khalifa City Abu Dhabi,Abu Dhabi,+971 52 922 5780,,https://www.instagram.com/legends_karate_club?igsh=MThrYXhjbmZxZGg3cg==&utm_source=qr,5.0,58,google_maps,2026-03-12T13:50:30.859888+00:00
Leisure Grounds,Boxing,CFFF+X2Q - Al Muntazah - Zone 1 - Abu Dhabi - United Arab Emirates,Khalifa City Abu Dhabi,Abu Dhabi,+971 50 757 3578,,,4.6,21,google_maps,2026-03-13T00:13:38.236207+00:00
Life style karate centre muroor,Taekwondo,Shawarma street - street 20 Muroor Rd - Al Sa`Adah - Zone 1 - Abu Dhabi - United Arab Emirates,Khalifa City Abu Dhabi,Abu Dhabi,+971 56 424 2955,,https://www.lifestylekarate.com/,5.0,3,google_maps,2026-03-13T05:51:10.590308+00:00
Lina taekwondo,Taekwondo,171 - 41 Al Baz St - Khalifa City - SE41 - Abu Dhabi - United Arab Emirates,Khalifa City Abu Dhabi,Abu Dhabi,+971 52 695 1950,,,5.0,1,google_maps,2026-03-13T05:46:51.429701+00:00
"Marriott Hotel Al Forsan, Abu Dhabi",Boxing,Al Forsan International Sports Resort - A Al Fursan St - Khalifa City - SW17 - Abu Dhabi - United Arab Emirates,Khalifa City Abu Dhabi,Abu Dhabi,+97122014000,,https://www.marriott.com/en-us/hotels/auhal-marriott-hotel-al-forsan-abu-dhabi/overview/?scid=f2ae0541-1279-4f24-b197-a979c79310b0,4.5,4711,google_maps,2026-03-13T00:13:41.366659+00:00
Mprove Fitness,Kickboxing,"Plot 8, Warehouse 6A, Al Maqta Area - Abu Dhabi - United Arab Emirates",Khalifa City Abu Dhabi,Abu Dhabi,+97125551146,,,4.2,141,google_maps,2026-03-12T22:18:21.739552+00:00
Muaythai and kickboxing trainer,Kickboxing,,Khalifa City Abu Dhabi,,+971 54 703 3882,,https://www.instagram.com/ali.f.tarraf?igsh=MTk0bHdoZmVwN21naw==&utm_source=qr,5.0,3,google_maps,2026-03-12T22:18:20.155057+00:00
Muaythai and kickboxing trainer,Taekwondo,Virginia International School - Shakhbout City - MSH31 - Abu Dhabi - United Arab Emirates,Khalifa City Abu Dhabi,Abu Dhabi,+971 52 947 8870,info@fitkidsacademyuae.com; fitkids.girls@gmail.com,http://www.fitkidsacademyuae.com/,5.0,30,google_maps,2026-03-13T05:51:04.917935+00:00
Mubadala Arena,"BJJ, MMA, Boxing, Judo, Taekwondo, Martial Arts",Zayed Sports City - Building # 1811 Al Khaleej Al Arabi St - Al Rawdah - W57 - Abu Dhabi - United Arab Emirates,Khalifa City Abu Dhabi,Abu Dhabi,+97124149666,info@ivi.ae,http://www.ivi.ae/,4.6,1413,google_maps,2026-03-12T13:49:32.890878+00:00
Muscle Up Fitness,Boxing,Khalifa City - SW17 01 - Abu Dhabi - United Arab Emirates,Khalifa City Abu Dhabi,Abu Dhabi,+97126280857,info@muscleup.ae; ask@muscleupfitness.ae,https://muscleup.ae/,4.7,158,google_maps,2026-03-13T00:11:23.941795+00:00
MyPT Gym | Mohamed Bin Zayed City,"Kickboxing, Taekwondo",28th Street - near Mussaffah - Mohamed Bin Zayed City - Z9 01 - Abu Dhabi - United Arab Emirates,Khalifa City Abu Dhabi,Abu Dhabi,+971 52 530 5833,contact@mypt-me.com; %20contact@mypt-me.com,https://mypt-me.com/,3.7,6,google_maps,2026-03-12T22:17:59.507867+00:00
New Life Style Karate Club,Taekwondo,"C114, M01 - near to Dunes International School - ME9 - Abu Dhabi - United Arab Emirates",Khalifa City Abu Dhabi,Abu Dhabi,+971 54 234 6511,,,,,google_maps,2026-03-13T05:49:50.433912+00:00
Next Step Sports,Taekwondo,Mohamed Bin Zayed City - Z13 - Abu Dhabi - United Arab Emirates,Khalifa City Abu Dhabi,Abu Dhabi,+971 55 554 4326,,http://www.nextstepsm.com/,5.0,11,google_maps,2026-03-13T05:48:43.915895+00:00
Nike Store - Dalma Mall,Boxing,Dalma Mall - 2nd floor - 19th str - Musaffah - Bawabat Abu Dhabi - Abu Dhabi - United Arab Emirates,Khalifa City Abu Dhabi,Abu Dhabi,+97125508079,privacy@gmg.com,https://www.nike.ae/en/home/?cp=61872410739_seo_&y_source=1_NTU0OTgxOS03MTUtbG9jYXRpb24ud2Vic2l0ZQ%3D%3D,4.2,69,google_maps,2026-03-13T00:14:12.028679+00:00
"Oriental Karate & Kobudo Club - Khalifa Street, Next to WTC Mall","BJJ, Karate, Judo, Taekwondo, Martial Arts",Garden Tower - Sh - Abu Dhabi - United Arab Emirates,Khalifa City Abu Dhabi,Abu Dhabi,+97126224181,karate@emirates.net.ae,http://www.orientalkarate.com/,4.9,97,google_maps,2026-03-12T13:50:06.674398+00:00
"Oriental Karate & Kobudo Club, Mussafah","Kickboxing, Boxing, Karate, Judo, Taekwondo, Martial Arts",Mohamed Bin Zayed City - ME9 - Abu Dhabi - United Arab Emirates,Khalifa City Abu Dhabi,Abu Dhabi,+97125566034,karate@emirates.net.ae,http://www.orientalkarate.com/,4.8,96,google_maps,2026-03-12T22:18:16.977171+00:00
Pixoul Gaming,Boxing,Al Qana Walk - Rabdan - المَقطَع - Abu Dhabi - United Arab Emirates,Khalifa City Abu Dhabi,Abu Dhabi,+97124186699,,https://pixoulgaming.com/,4.5,589,google_maps,2026-03-13T00:13:24.860278+00:00
Power tiger gym,Boxing,Mohamed Bin Zayed City - ME9 - Abu Dhabi - United Arab Emirates,Khalifa City Abu Dhabi,Abu Dhabi,+971 50 668 6440,,,3.9,226,google_maps,2026-03-13T00:13:47.408295+00:00
Primal Gym Al Reem Island Branch,"BJJ, MMA, Muay Thai, Kickboxing, Boxing, Wrestling, Karate, Judo, Taekwondo, Martial Arts","AL Amaya tower, Reem Island - Abu Dhabi - United Arab Emirates",Khalifa City Abu Dhabi,Abu Dhabi,+971 50 296 2157,,,4.3,219,google_maps,2026-03-12T13:49:53.729505+00:00
SPIRA CLUB,"Muay Thai, Boxing, Taekwondo, Martial Arts",12 Street - Khalifa City - SW17 - Abu Dhabi - United Arab Emirates,Khalifa City Abu Dhabi,Abu Dhabi,+97180077472,,https://www.spiraclub.com/?utm_source=gmb&utm_medium=gmb-cpc&utm_campaign=spira-home,4.4,468,google_maps,2026-03-12T21:00:40.701822+00:00
Space42 Arena,Kickboxing,CHWV+78F - Al Raha St - Al Rahah - RBW4 - Abu Dhabi - United Arab Emirates,Khalifa City Abu Dhabi,Abu Dhabi,+97125528055,info@space42arena.ae; booking@space42arena.com; info@space42arena.com,https://space42arena.com/,4.6,241,google_maps,2026-03-12T22:17:51.493598+00:00
Sport Support Club - Padel Academy,Taekwondo,Mohamed Bin Zayed City - Z3 - Abu Dhabi - United Arab Emirates,Khalifa City Abu Dhabi,Abu Dhabi,+971 55 392 5550,,http://www.uae-sports.com/,5.0,1,google_maps,2026-03-13T05:48:49.967802+00:00
Strike Fit Gym,"Muay Thai, Kickboxing, Boxing, Taekwondo",Zayed City - MZ39 - Abu Dhabi - United Arab Emirates,Khalifa City Abu Dhabi,Abu Dhabi,+97126223404,,https://www.instagram.com/strikefit_uae/profilecard/?igsh=ZjEyeDZpZm12dng3,4.7,37,google_maps,2026-03-12T21:00:32.828084+00:00
Synergy Wellbeing,Kickboxing,Siemens Energy Building - Retail Unit No. 103 Level 1 - Masdar City - SE45 05 - Abu Dhabi - United Arab Emirates,Khalifa City Abu Dhabi,Abu Dhabi,+971 58 596 1400,%20info@synergy-wellbeing.com; info@synergy-wellbeing.com,https://synergy-wellbeing.com/,4.6,5,google_maps,2026-03-12T22:18:04.264867+00:00
THE BRIDGE | Wellness Hub,Boxing,CF2W+X9 - Rabdan - RB6 - Abu Dhabi - United Arab Emirates,Khalifa City Abu Dhabi,Abu Dhabi,+97126164555,,https://thebridgehub.com/,4.8,2515,google_maps,2026-03-13T00:12:24.299563+00:00
Technofit,"Kickboxing, Boxing",street 34 - Abu Dhabi - United Arab Emirates,Khalifa City Abu Dhabi,Abu Dhabi,+971 50 667 6071,,,3.0,1,google_maps,2026-03-12T22:17:23.819170+00:00
UAEJJ Fitness MBZ | Best Gym in the Area,Boxing,Al Manhal St - Mohamed Bin Zayed City - ME5 - Abu Dhabi - United Arab Emirates,Khalifa City Abu Dhabi,Abu Dhabi,+97128162333,info@uaejjfitness.ae,https://uaejjfitness.ae/,4.2,158,google_maps,2026-03-13T00:13:03.507870+00:00
UFC GYM - MBZ | Abu Dhabi,"MMA, Muay Thai, Kickboxing, Boxing, Taekwondo",Retired Military Personnel Association Building - Al Raqi St - Mohamed Bin Zayed City - Z9 - Abu Dhabi - United Arab Emirates,Khalifa City Abu Dhabi,Abu Dhabi,+97125505222,,https://www.ufcgym.me/landing/uae-form,4.2,398,google_maps,2026-03-12T14:23:23.179146+00:00
Under Armour,Boxing,Yas Mall Ground floor - Yas Island - YS1 - Abu Dhabi - United Arab Emirates,Khalifa City Abu Dhabi,Abu Dhabi,+97126221331,careers@gmg.com,http://www.underarmour.ae/,4.3,79,google_maps,2026-03-13T00:13:55.671945+00:00
Vitality fitness,Boxing,Al Rahah - Al Dana - Abu Dhabi - United Arab Emirates,Khalifa City Abu Dhabi,Abu Dhabi,+971 55 467 3645,,,5.0,1,google_maps,2026-03-13T00:12:15.890618+00:00
Winner Karate Club - Shabiya 10,"BJJ, Kickboxing, Boxing, Karate, Judo, Taekwondo, Martial Arts",Musaffah - ME10 - Abu Dhabi - United Arab Emirates,Khalifa City Abu Dhabi,Abu Dhabi,+97125518588,info@winnerkarate.com,https://winnerkarate.com/,4.9,109,google_maps,2026-03-12T13:50:21.288334+00:00
Workout world fitness center for Ladies and Gents...(Weight Loss Specialist),Kickboxing,Mohamed Bin Zayed City - Shabiya 09 - Abu Dhabi - United Arab Emirates,Khalifa City Abu Dhabi,Abu Dhabi,+971 55 290 5263,,,4.8,97,google_maps,2026-03-12T22:18:09.026551+00:00
YOKICK Karate Academy,"Kickboxing, Karate, Taekwondo, Martial Arts",Mussaffah - Mohamed Bin Zayed City - ME9 - Abu Dhabi - United Arab Emirates,Khalifa City Abu Dhabi,Abu Dhabi,+971 50 326 1390,yokickacademy.com@context.request.path,https://yokickacademy.com/,5.0,39,google_maps,2026-03-12T22:18:01.095689+00:00
Young star karate center,Taekwondo,28 Abu Ayoub Al Ansari St - Mohamed Bin Zayed City - CityShabiya 12 - Abu Dhabi - United Arab Emirates,Khalifa City Abu Dhabi,Abu Dhabi,+971 56 404 6593,,http://wwwyoungstarkarate.com/,5.0,1,google_maps,2026-03-13T05:50:59.410612+00:00
adidas Store,Boxing,Forsan Central Mall Ground Floor - Khalifa City - Sector 33 - Abu Dhabi - United Arab Emirates,Khalifa City Abu Dhabi,Abu Dhabi,+97126282790,,https://www.adidas.ae/en?utm_campaign=DB261&utm_medium=organic&utm_source=GMB,4.6,10,google_maps,2026-03-13T00:13:53.465977+00:00
365 FITNESS GYM | Best GYM in Muhaisnah First | Al Khawaneej,"Kickboxing, Boxing, Taekwondo, Martial Arts",6CP7+R99 - Muhaisnah First - Muhaisnah - Dubai - United Arab Emirates,Mirdif Dubai,Dubai,+971 54 712 0927,,https://www.365fitness.ae/,4.5,77,google_maps,2026-03-12T22:00:52.058705+00:00
Abu Dhabi Martial Arts Academy - ADMA Mirdif,"BJJ, MMA, Kickboxing, Karate, Judo, Taekwondo, Martial Arts",Mubadala Sports Center - Al Mizhar First - Al Mizhar - Dubai - United Arab Emirates,Mirdif Dubai,Dubai,+971 56 503 7261,info@adma.academy; info@admaacademy.com,https://admaacademy.com/,4.7,6,google_maps,2026-03-12T13:38:53.887078+00:00
Ace Sports Academy,"Boxing, Judo, Taekwondo, Martial Arts",24B St - Mirdif - Dubai - United Arab Emirates,Mirdif Dubai,Dubai,+971 55 452 2066,,http://www.acesportsacademy.com/,4.3,96,google_maps,2026-03-12T23:43:16.984495+00:00
Activ8 Lifestyle & Fitness DUBAI,Boxing,5A - Al Thanyah Third - The Greens - Dubai - United Arab Emirates,Mirdif Dubai,Dubai,+971 50 167 2875,info@activ8fitness.ae,http://www.activ8fitness.ae/,5.0,36,google_maps,2026-03-12T23:45:59.257607+00:00
Adrenaline gym,Boxing,Nad Al Hamar Rd - Al Kheeran - Dubai Festival City - Dubai - United Arab Emirates,Mirdif Dubai,Dubai,+97145475225,,https://adrenalinegym.ae/,4.4,42,google_maps,2026-03-12T23:45:20.416698+00:00
Al Taneen Body Fitness & Karate Institute,Taekwondo,Al Reem Office Building - 4th floor 403 Fire station road - Muwaileh Commercial - Industrial Area - Sharjah - United Arab Emirates,Mirdif Dubai,Sharjah,+971 54 453 8805,,,4.8,49,google_maps,2026-03-13T05:18:44.340155+00:00
Al Taneen Body Fitness & Karate institute Muhaisnah 4,Taekwondo,7CH7+M8G - Muhaisanah Fourth - Muhaisnah 4 - Dubai - United Arab Emirates,Mirdif Dubai,Dubai,+971 50 149 3432,,,5.0,1,google_maps,2026-03-13T05:17:55.574926+00:00
Bel Remaitha Club,"Taekwondo, Martial Arts",بجوار مصرف الإمارات الإسلامي - Rebat St - Nadd Al Hamar - Dubai - United Arab Emirates,Mirdif Dubai,Dubai,+97142899844,,https://belremaithaclub.ae/,4.5,416,google_maps,2026-03-13T05:14:16.293387+00:00
Bright Learners Private School,Taekwondo,56A Street - Al Rashidiya - Dubai - United Arab Emirates,Mirdif Dubai,Dubai,+97143353203,info@brightlearners.com; info@brightlearners.ae,https://www.brightlearners.ae/,4.1,111,google_maps,2026-03-13T05:15:34.588062+00:00
Combat Nation Martial Arts Club,Taekwondo,,Mirdif Dubai,,+971 50 166 0285,example@mysite.com,http://www.combatnation.me/,5.0,30,google_maps,2026-03-13T05:13:04.852895+00:00
F.I.C.L Vip Fitness Company,Boxing,Shorooq Dr - Mirdif - أبو ظبي - United Arab Emirates,Mirdif Dubai,,+971 55 297 6302,jacquesgilbert35@gmail.com,http://www.fitness-investment-changes-life.webnode.com/,4.2,5,google_maps,2026-03-12T23:43:03.341721+00:00
FAST SHAPE BY BODY TIME EMS & Cryotherapy,Boxing,20 Sheikh Mohammed Bin Zayed Rd - Mirdif - Dubai - United Arab Emirates,Mirdif Dubai,Dubai,+971 50 192 4453,,,4.7,366,google_maps,2026-03-12T23:43:14.089549+00:00
FIVE STARS - Nad Al Hamar,Boxing,"The corner city building, Al kheeran street - Al Badia Blvd - Nadd Al Hamar - Dubai - United Arab Emirates",Mirdif Dubai,Dubai,+971 55 873 3660,,https://fivestarsdxb.com/en,4.4,148,google_maps,2026-03-12T23:44:55.002880+00:00
Fighters’ Den,"BJJ, MMA, Muay Thai, Kickboxing, Boxing, Wrestling, Karate, Judo, Taekwondo, Martial Arts",Inside uptown international school - Gulf Heroes sports club- Algeria Gate - Algeria St - Mirdif - Dubai - United Arab Emirates,Mirdif Dubai,Dubai,+971 56 240 2239,,,4.9,57,google_maps,2026-03-12T13:39:16.840473+00:00
FitnGlam Women’s SuperClub Dubai Hills Mall,"Boxing, Karate",First Floor - Hadaeq Sheikh Mohammed Bin Rashid - Dubai Hills Mall - Dubai - United Arab Emirates,Mirdif Dubai,Dubai,+97142880712,hello@fitnglam.ae,https://fitnglam.ae/?utm_source=gmb,4.1,477,google_maps,2026-03-12T23:47:18.416749+00:00
FitnGlam Women’s SuperClub Mirdif,Boxing,Sport society - First Floor - Mirdif - Dubai - United Arab Emirates,Mirdif Dubai,Dubai,+97142868891,hello@fitnglam.ae,https://fitnglam.ae/?utm_source=gmb,4.3,642,google_maps,2026-03-12T23:42:57.058522+00:00
Fitness 360| Ladies Only Club,Kickboxing,Al Khawaneej St - Al Mizhar First - Al Mizhar - Dubai - United Arab Emirates,Mirdif Dubai,Dubai,+97142362111,,http://fitness360.me/,3.4,248,google_maps,2026-03-12T22:01:04.665479+00:00
"Fitness Terminal , ladies branch NaddAlhamar",Boxing,Nad Al Hamar Rd - Al Kheeran - Dubai Festival City - Dubai - United Arab Emirates,Mirdif Dubai,Dubai,+97148874423,,http://www.fitnessterminal.ae/,4.0,176,google_maps,2026-03-12T23:46:19.865155+00:00
Foot Locker,Boxing,City Centre - Sheikh Mohammed Bin Zayed Rd - Mirdif - Dubai - United Arab Emirates,Mirdif Dubai,Dubai,+97144190090,,https://locations.footlocker.ae/dubai/city-centre-mirdif?utm_source=GMB&utm_medium=Yext&y_source=1_MTU0ODE1NTktNzE1LWxvY2F0aW9uLndlYnNpdGU%3D,3.8,24,google_maps,2026-03-12T23:47:03.178224+00:00
Full Circle EMS Fitness Center Mirdif,"Kickboxing, Boxing","Millennum Place Hotel, Hills Avenue - 78th St - Mirdif - Dubai - United Arab Emirates",Mirdif Dubai,Dubai,+971 54 320 2031,,https://www.fullcircle.ae/,4.8,90,google_maps,2026-03-12T22:00:59.944920+00:00
GloveFit Boxing Club,Boxing,"Ajmal, Sarah Tower - Wadi Al Safa 5 - Dubai Land Residence Complex - Dubai - United Arab Emirates",Mirdif Dubai,Dubai,+971 50 634 7374,,https://www.glovefitdxb.com/,5.0,21,google_maps,2026-03-12T23:44:10.262255+00:00
Gracie Barra Wear ME,"Taekwondo, Martial Arts",Greece cluster K10 shop 13 - Dubai - United Arab Emirates,Mirdif Dubai,Dubai,+971 50 926 0801,,,4.8,4,google_maps,2026-03-13T05:17:29.426368+00:00
Grand Fitox Gym,Kickboxing,LuLu Hypermarket - M Floor - 21 Street - Al Warqa - Al Warqa 2 - Dubai - United Arab Emirates,Mirdif Dubai,Dubai,+971 56 223 5649,,http://fitoxgym.com/,5.0,32,google_maps,2026-03-12T22:01:01.514209+00:00
HSKD Martial Arts Academy,Taekwondo,Hay Al Nahda - Sharjah - United Arab Emirates,Mirdif Dubai,Sharjah,+971 52 596 9660,,,4.9,24,google_maps,2026-03-13T05:18:19.737406+00:00
Hearts Marry,Taekwondo,16 38B St - Mirdif - Dubai - United Arab Emirates,Mirdif Dubai,Dubai,+919074904050,,,5.0,9,google_maps,2026-03-13T05:16:01.123786+00:00
I forma gym alwarqa 📍mirdif dubai,Kickboxing,Al Warqa - Al Warqa 3 - Dubai - United Arab Emirates,Mirdif Dubai,Dubai,+971 56 365 7577,,https://www.instagram.com/iformagym.uae?igsh=MXdzcDh3dzJ0OG1hdA%3D%3D&utm_source=qr,3.9,102,google_maps,2026-03-12T22:00:50.445871+00:00
JKA Shotokan Karate Academy - MIRDIF,"Karate, Judo, Taekwondo, Martial Arts",Uptown International School - Mirdif - Dubai - United Arab Emirates,Mirdif Dubai,Dubai,+971 52 539 9102,,,,,google_maps,2026-03-13T01:54:47.359147+00:00
Kids Kung Fu,"Taekwondo, Martial Arts",American Academy Mizhar - Dubai - United Arab Emirates,Mirdif Dubai,Dubai,+971 50 695 5109,contact@sansoxygen.com; info@goldeneaglema.com,http://www.dubaikidskungfu.com/,4.2,5,google_maps,2026-03-13T05:13:46.762649+00:00
LEVEL X GYM,Taekwondo,Al Warqa - Al Warqa 1 - Dubai - United Arab Emirates,Mirdif Dubai,Dubai,+971 58 558 6575,,,4.4,16,google_maps,2026-03-13T05:14:46.324969+00:00
Leaders Karate Center,Taekwondo,7CQ7+C58 - Al Qusais Ind. Fifth - Dubai - United Arab Emirates,Mirdif Dubai,Dubai,+971 54 345 0571,,,5.0,2,google_maps,2026-03-13T05:18:01.681097+00:00
Mentor Sports Academy – Mirdif Uptown Mall,"Kickboxing, Karate, Martial Arts",Basement Lobby - below Fitness First (Mixed) Uptown - Mirdif - Dubai - United Arab Emirates,Mirdif Dubai,Dubai,+971 50 257 2724,,https://mentor-sports.com/,5.0,17,google_maps,2026-03-12T22:00:45.744769+00:00
Mirdif Hills Avenue,BJJ,27 78th St - Mirdif - Dubai - United Arab Emirates,Mirdif Dubai,Dubai,+97142559308,,https://mirdifhillsavenue.com/,4.4,541,google_maps,2026-03-12T13:40:54.239002+00:00
Mirdif Karate,"Karate, Judo, Taekwondo, Martial Arts",48 62B St - Mirdif - Dubai - United Arab Emirates,Mirdif Dubai,Dubai,+97142323773,,,5.0,2,google_maps,2026-03-13T01:54:35.285782+00:00
Mirdiff Karate,"Karate, Taekwondo, Martial Arts",Mirdif - Ghoroob - Dubai - United Arab Emirates,Mirdif Dubai,Dubai,+971 50 425 0077,,https://www.goldenfistkarate.net/,,,google_maps,2026-03-13T01:55:00.921196+00:00
NAAN's palace,"Wrestling, Taekwondo, Martial Arts",24C Street - Al Rashidiya - Dubai - United Arab Emirates,Mirdif Dubai,Dubai,+971 56 590 1779,,,5.0,1,google_maps,2026-03-13T00:51:40.844983+00:00
Nad Al Hamar Avenues,Taekwondo,9th St - Nadd Al Hamar - Dubai - United Arab Emirates,Mirdif Dubai,Dubai,+97142586358,,,4.3,1146,google_maps,2026-03-13T05:17:53.160088+00:00
Oxford Plus Fitness Center Rashidiya,"Kickboxing, Boxing, Taekwondo",Al Rashidiya - Dubai - United Arab Emirates,Mirdif Dubai,Dubai,+971 50 914 3455,join@oxfordgymuae.com; info@xtremefitness.com,http://www.oxfordgymuae.com/,4.7,213,google_maps,2026-03-12T22:00:56.803782+00:00
Prosportsuae Gymnastic Academy Mirdif - Dubai Gymnastic Club,Kickboxing,GEMS Royal Dubai School - 76 11A St - Al Mizhar First - Al Mizhar - Dubai - United Arab Emirates,Mirdif Dubai,Dubai,+971 58 588 0160,info@prosportsuae.com,http://www.prosportsuae.com/,4.7,12,google_maps,2026-03-12T22:00:48.875649+00:00
"SAMA Sports Academy | Swimming, Football & Martial Arts - Mirdif","Karate, Taekwondo, Martial Arts",Dubai Modern Education School - Algeria St - Al Mizhar First - Al Mizhar - Dubai - United Arab Emirates,Mirdif Dubai,Dubai,+971 52 213 0651,info@samasportsdxb.com; info@moccasin-moose-928428.hostingersite.com,https://samasportsdxb.com/,5.0,1,google_maps,2026-03-13T01:54:49.640573+00:00
Shape Up Fighter Lab Fitness L.L.C,"Kickboxing, Boxing",Uptown Mirdif Mall - Shop - Corner 47 - Unit R1 Algeria St - Mirdif - Dubai - United Arab Emirates,Mirdif Dubai,Dubai,+971 55 280 8869,operations@shapeupfitnessllc.com,https://shapeupfitnessllc.com/,5.0,9,google_maps,2026-03-12T22:01:03.093096+00:00
Shiny Sports Club,Taekwondo,near Mirdif Ahmed Bin Rashid school - Muhaisnah First - Muhaisnah - Dubai - United Arab Emirates,Mirdif Dubai,Dubai,+971 56 478 2203,,http://www.shinysc.com/,4.6,16,google_maps,2026-03-13T05:14:25.328467+00:00
Skills Fitness Center,"Boxing, Taekwondo",نادي العريش دبي البادية - Al Kheeran - Dubai Festival City - Dubai - United Arab Emirates,Mirdif Dubai,Dubai,+971 54 492 4923,,,5.0,15,google_maps,2026-03-12T23:44:31.862817+00:00
Sport Society,"Boxing, Judo",Mirdif - Dubai - United Arab Emirates,Mirdif Dubai,Dubai,+97146072505,,http://www.sportsociety.com/,4.4,1403,google_maps,2026-03-12T23:45:56.257703+00:00
THT | The Hollow Team,Taekwondo,,Mirdif Dubai,,+971 55 505 0011,,,5.0,1,google_maps,2026-03-13T05:16:07.198714+00:00
The City School International Dubai,Taekwondo,Plot # 416 - 1297 410th St - Nadd Al Hamar - Dubai - United Arab Emirates,Mirdif Dubai,Dubai,+97142899722,info@rettica.com; info@tcsidxb.ae,http://thecityschool.sch.ae/,,,google_maps,2026-03-13T05:16:42.776325+00:00
UAEJJ Fitness Al Mizhar | Best Gym in Mirdif,"BJJ, MMA, Kickboxing, Wrestling, Judo, Taekwondo, Martial Arts",Mubadal Sports Center - Algeria St - Al Mizhar First - Al Mizhar - Dubai - United Arab Emirates,Mirdif Dubai,Dubai,+97143852788,info@uaejjfitness.ae,https://uaejjfitness.ae/,4.1,269,google_maps,2026-03-12T13:38:55.519020+00:00
Ultimate Karate Center,"BJJ, MMA, Kickboxing, Boxing, Karate, Judo, Taekwondo, Martial Arts",48 62B St - Mirdif - Dubai - United Arab Emirates,Mirdif Dubai,Dubai,+971 56 545 4056,ultimatekarateuae@gmail.com,https://www.ultimatekarateuae.com/,4.8,57,google_maps,2026-03-12T13:39:20.085507+00:00
Uptown Mirdif Mall,Taekwondo,Corner 47 Algeria St - Mirdif - Dubai - United Arab Emirates,Mirdif Dubai,Dubai,+97142889333,uptownmirdiff@up.ae,http://www.uptm.ae/,4.2,10860,google_maps,2026-03-13T05:16:33.250178+00:00
Uptown karate centere,"Boxing, Karate, Judo, Taekwondo, Martial Arts","Shop#28, Golden tower, Uptown - Dubai - United Arab Emirates",Mirdif Dubai,Dubai,+97142323773,,,5.0,2,google_maps,2026-03-12T23:46:08.497990+00:00
Westford Sports Training Center in Al Qusais,Boxing,Capital School - 44 Baghdad Street - Al Qusais - Al Qusais 1 - Dubai - United Arab Emirates,Mirdif Dubai,Dubai,+971 50 554 0495,info@westfordsports.com,https://westfordsports.com/,4.6,133,google_maps,2026-03-12T23:46:05.456809+00:00
ninjoo,Taekwondo,11 - Building 3 - Office 503 17th St - Umm Ramool - Dubai Commercity - Dubai - United Arab Emirates,Mirdif Dubai,Dubai,+971 50 805 8428,customercare@ninjoo.com; info@ninjoo.com,http://www.ninjoo.com/,4.8,19,google_maps,2026-03-13T05:17:17.369995+00:00
theunbotheredfit,Boxing,Lootah compound - Villa 1 18B St - Mirdif - Dubai - United Arab Emirates,Mirdif Dubai,Dubai,+971 55 512 3383,,,,,google_maps,2026-03-12T23:46:51.390694+00:00
30 Minute Hit,"MMA, Kickboxing, Boxing, Karate, Taekwondo, Martial Arts",Joud Boulevard East - Retail 10 - 11 - Al Hebiah First - Dubai Motor City - Dubai - United Arab Emirates,Motor City Dubai,Dubai,+971 55 143 3030,dubai@30minutehit.com,https://www.30minutehit.com/dubai,4.9,69,google_maps,2026-03-12T14:10:45.932249+00:00
AD ASTRA EMS,"MMA, Muay Thai, Kickboxing, Boxing, Karate, Taekwondo, Martial Arts",26P2+CJX - Detroit Rd - Al Hebiah Fourth - Dubai Motor City - Dubai - United Arab Emirates,Motor City Dubai,Dubai,+971 50 244 0628,,https://adastra6.mydurable.com/?fbclid=PAAaYBQyHLHGfz4BL8Q5-3FsJ7Kf-J7rAaXmsKEYkN8m3i3GiXuIE2SaBe9YQ,5.0,8,google_maps,2026-03-12T14:10:29.554254+00:00
BLITZ Motor City | Best HIIT Workout in Dubai,Kickboxing,"Within GymNation, CONTROL TOWER - First Floor - Al Hebiah First - Dubai Motor City - Dubai - United Arab Emirates",Motor City Dubai,Dubai,+971 50 387 9662,sophie@gymnation.com; aldrin@gymnation.com; dhaivat@gymnation.com,https://gymnation.com/hiitworkout/,5.0,165,google_maps,2026-03-12T21:47:01.635776+00:00
Champions Karate Academy | Best Karate Classes for Kids & Adult,"MMA, Muay Thai, Kickboxing, Karate, Judo, Taekwondo, Martial Arts",Daytona House - Detroit Rd - Al Hebiah First - Dubai Motor City - Dubai - United Arab Emirates,Motor City Dubai,Dubai,+971 58 591 5086,karate@champions-uae.com,http://champions-uae.com/,5.0,49,google_maps,2026-03-12T14:10:49.199996+00:00
EVOLVE Martial Arts & Gymnastics UAE,"BJJ, MMA, Kickboxing, Boxing, Karate, Judo, Taekwondo, Martial Arts",GEMS Metropole School - Level 2 Honsho Road - Al Hebiah First - Dubai Motor City - Dubai - United Arab Emirates,Motor City Dubai,Dubai,+971 58 576 7012,anapbm@gmail.com; team@latofonts.com,http://www.evolveuae.org/,4.3,78,google_maps,2026-03-12T13:29:18.055919+00:00
Malevich. The Art of Sports,"MMA, Kickboxing, Boxing",Al Hebiah Second - Dubai Studio City - Dubai - United Arab Emirates,Motor City Dubai,Dubai,+971 52 773 6616,,,5.0,1,google_maps,2026-03-12T14:10:50.793595+00:00
Spartans Boxing Club Dubai Production City,"Muay Thai, Kickboxing, Boxing, Taekwondo, Martial Arts","Production City Midtown By Deyaar Noor 3, Shop 11 - Dubai - United Arab Emirates",Motor City Dubai,Dubai,+971 55 880 4277,midtown@spartansboxing.com,https://spartansboxing.com/dubai-production-city/,4.9,28,google_maps,2026-03-12T20:25:31.809008+00:00
TIGER KICKBOXING Vintage Grand Hotel,"MMA, Muay Thai, Kickboxing, Boxing, Karate, Martial Arts",26M3+CCX - Me'aisem First - Dubai Production City - Dubai - United Arab Emirates,Motor City Dubai,Dubai,+971 56 511 7950,tigerkickboxinguae@gmail.com; tigeracademyuae@gmail.com,https://tigerkickboxing.com/,5.0,2,google_maps,2026-03-12T14:12:27.584287+00:00
UAE Sports Academy,"MMA, Judo",Aldea Courtyard CA3 Villa #1 - 9 - United Arab Emirates,Motor City Dubai,,+971 50 289 3162,uaesportsdubai@hotmail.com,http://uaesports.info/,3.8,10,google_maps,2026-03-12T14:11:52.093789+00:00
Urban Boxer DXB,"MMA, Muay Thai, Kickboxing, Boxing, Karate, Taekwondo, Martial Arts",The Grandstand Dubai Autodrome - Unit 10 - Al Hebiah First - Dubai Motor City - Dubai - United Arab Emirates,Motor City Dubai,Dubai,+971 58 273 0468,info@urbanboxer.ae; example@mysite.com,https://www.urbanboxer.ae/,5.0,46,google_maps,2026-03-12T14:10:44.284551+00:00
Wolf Kids Multi Sports (Motor City Branch),Boxing,26VV+G62 Windsor Park - Al Hebiah First - Up Town Motor City - Dubai - United Arab Emirates,Motor City Dubai,Dubai,+971 50 126 1692,,,5.0,37,google_maps,2026-03-12T23:21:01.748150+00:00
"Abhifit: Personal Trainer, Weight Loss & Fitness Coach in Dubai, UAE",Boxing,Al Barsha First - Al Barsha - Dubai - United Arab Emirates,Palm Jumeirah Dubai,Dubai,+971 55 447 5051,info@abhifit.com,https://www.abhifit.com/,,,google_maps,2026-03-13T00:08:49.415166+00:00
Acharyas Pathanjali Yoga,Taekwondo,"Bhype Studio, Warehouse 4 - 23rd St - Al Qouz Ind.third - Al Quoz - Dubai - United Arab Emirates",Palm Jumeirah Dubai,Dubai,+971 56 485 2568,,,4.7,26,google_maps,2026-03-13T05:45:44.216510+00:00
BLYSS Performance Gear,"Muay Thai, Boxing, Judo",Murjan 6 - شارع شاطئ جميرة - Marsa Dubai - Jumeirah Beach Residence - Dubai - United Arab Emirates,Palm Jumeirah Dubai,Dubai,+97145727949,,https://www.ufcgym.me/landing/uae-form,4.0,500,google_maps,2026-03-12T21:00:06.826017+00:00
Boxing club P4P Dubai,Boxing,Palm Jumeirah Mall by Dubai Retail بالم جميرا مول - The Palm Jumeirah - Dubai - United Arab Emirates,Palm Jumeirah Dubai,Dubai,+971 56 247 8081,,,5.0,2,google_maps,2026-03-13T00:05:05.747518+00:00
Breasy - Fairmont the Palm,Boxing,The Palm Jumeirah - Dubai - United Arab Emirates,Palm Jumeirah Dubai,Dubai,+971 58 256 1918,info@breasydxb.com; info@stagheaddesigns.com,http://breasydxb.com/,5.0,302,google_maps,2026-03-13T00:09:23.689539+00:00
DJMC Boxing,Boxing,Al Safouh 01 - Dubai - United Arab Emirates,Palm Jumeirah Dubai,Dubai,+971 55 904 6524,,http://www.djmcboxing.com/,5.0,1,google_maps,2026-03-13T00:09:20.530936+00:00
Falcon Kickboxing,Kickboxing,Umm Suqeim St - Al Barsha Second - Dubai - United Arab Emirates,Palm Jumeirah Dubai,Dubai,+971 55 265 7130,,,,,google_maps,2026-03-12T22:15:55.781570+00:00
Fitness Zone,"Muay Thai, Kickboxing, Boxing, Judo","Jumeirah Lake Towers Cluster R, Mag 214 bldg. - Dubai - United Arab Emirates",Palm Jumeirah Dubai,Dubai,+971 58 895 2941,,,4.5,128,google_maps,2026-03-12T21:00:10.157927+00:00
Gray Wellness Club,Boxing,"Kempinski Hotel, Mall of The Emirates - Sheikh Zayed Rd - Al Barsha First - Al Barsha - Dubai - United Arab Emirates",Palm Jumeirah Dubai,Dubai,+97143798996,hello@seven.club; hello@graywellness.com,https://www.graywellness.com/,5.0,373,google_maps,2026-03-13T00:09:17.259594+00:00
LiveFit UAE EMS & Personal Training,Boxing,Sheikh Zayed Rd - Al Barsha First - Al Barsha - Dubai - United Arab Emirates,Palm Jumeirah Dubai,Dubai,,,https://www.livefituae.com/,4.9,8,google_maps,2026-03-13T00:09:08.028884+00:00
MD HEALTH CLUB,Kickboxing,Near meashreq - Al Barsha First - Al Barsha - Dubai - United Arab Emirates,Palm Jumeirah Dubai,Dubai,+97194084928,reservation@mdgewan.com; reservation.md@gewanhotels.com,http://www.mdgewan.com/,5.0,5,google_maps,2026-03-12T22:16:15.733803+00:00
"MYFITAPE: Book Health, Fitness & Wellbeing Services",Kickboxing,"22, The Iridium Building · - Umm Suqeim St - Al Barsha - Dubai - United Arab Emirates",Palm Jumeirah Dubai,Dubai,+971 50 170 5434,,https://myfitape.com/,4.8,16,google_maps,2026-03-12T22:16:10.740143+00:00
Personal Training Dubai,"Boxing, Taekwondo, Martial Arts","Tecom, Al Maharah Building, Floor 32, Office 6128, Near Media Rotan Hotel, 1st Left from the roundabout then its the 4th building - Dubai, UAE. - United Arab Emirates",Palm Jumeirah Dubai,Dubai,+971 50 157 3552,tim@dubai-personal-training.com; theteam@dubai-personal-training.com,http://www.dubai-personal-training.com/,4.0,3,google_maps,2026-03-13T00:09:26.736794+00:00
Private trainer coach milad,"Kickboxing, Judo",The Palm Jumeirah - Dubai - United Arab Emirates,Palm Jumeirah Dubai,Dubai,+971 58 630 1997,,https://instagram.com/Milad.hoseinix,5.0,5,google_maps,2026-03-12T22:16:04.259496+00:00
Seoul Taekwondo,Taekwondo,,Palm Jumeirah Dubai,,+971 50 530 9418,seoultaekwondo.ae@gmail.com,https://www.seoultaekwondo.ae/,5.0,15,google_maps,2026-03-13T05:40:02.832108+00:00
The Gym Club Dubai,"Boxing, Judo","Riva Beach Club, Shoreline 7 & 8, Palm - Jumeirah - Dubai - United Arab Emirates",Palm Jumeirah Dubai,Dubai,+971 52 184 9367,,,2.3,3,google_maps,2026-03-13T00:05:35.601828+00:00
Y Fitness Palm,Boxing,The Palm Jumeirah - Dubai - United Arab Emirates,Palm Jumeirah Dubai,Dubai,+971 58 694 6031,y@yfitnessdxb.com,http://www.yfitnessdxb.com/,5.0,5,google_maps,2026-03-13T00:05:24.991830+00:00
slimfitstudio,Kickboxing,al barsha heights - Al Nahar 2 St - Al Thanyah First - Barsha Heights - Dubai - United Arab Emirates,Palm Jumeirah Dubai,Dubai,+971 56 988 5260,,http://facebook.com/youtube.com,,,google_maps,2026-03-12T22:16:01.034954+00:00
A25 Gym,"MMA, Muay Thai, Kickboxing, Boxing",PV98+R9M - Sheikh Mohammed bin Salem St - Sheikh Khalifa City - Ras Al Khaimah - United Arab Emirates,Ras Al Khaimah,Ras Al Khaimah,+971 56 112 2376,,https://www.instagram.com/a25gym/,4.5,170,google_maps,2026-03-12T14:00:00.443118+00:00
Al Moharb Martial Arts Club,"BJJ, MMA, Muay Thai, Kickboxing, Boxing, Karate, Judo, Taekwondo, Martial Arts",e11 Sheikh Mohamed Bin Salem Rd - Al Riffa - Ras Al Khaimah - United Arab Emirates,Ras Al Khaimah,Ras Al Khaimah,+971 58 670 7898,,https://almoharbclub.wordpress.com/contact/,4.7,35,google_maps,2026-03-12T13:05:43.315614+00:00
Al Moharb Martial arts club Pak centre,"MMA, Muay Thai, Kickboxing, Boxing, Karate, Taekwondo, Martial Arts",near pakistan centre - Al Muntasir Rd - Al Mamourah - Ras Al Khaimah - United Arab Emirates,Ras Al Khaimah,Ras Al Khaimah,+971 58 670 7898,,,4.8,37,google_maps,2026-03-12T13:59:52.573929+00:00
Al Shabab Karate Club,"Kickboxing, Karate, Taekwondo, Martial Arts",Waseeth Building - Al Muntasir Rd - Al Nakheel - Ras Al Khaimah - United Arab Emirates,Ras Al Khaimah,Ras Al Khaimah,+971 55 264 5599,,,4.7,20,google_maps,2026-03-12T21:21:56.934810+00:00
Asylum Fitness,"Kickboxing, Boxing",Opp Public Works Warehouse 8 - Al Qussaidat - Ras Al Khaimah - United Arab Emirates,Ras Al Khaimah,Ras Al Khaimah,+971 56 607 7743,,,4.8,71,google_maps,2026-03-12T21:22:00.090547+00:00
BASE,"BJJ, MMA, Muay Thai, Kickboxing, Boxing, Wrestling, Karate, Judo, Taekwondo, Martial Arts",Al Nahdah St - Dahan - Ras Al Khaimah - United Arab Emirates,Ras Al Khaimah,Ras Al Khaimah,+971 55 836 4872,,http://www.baserak.com/,4.4,52,google_maps,2026-03-12T13:05:41.737465+00:00
BOOST Sports Club,"Boxing, Taekwondo",شارع الوكالات، - Al Dhait - الظيت الجنوبي - Ras Al Khaimah - United Arab Emirates,Ras Al Khaimah,Ras Al Khaimah,+97172361199,,https://boostsportsclub.com/new/,4.1,89,google_maps,2026-03-12T22:47:29.141619+00:00
BR Performance - Hamdan Sports Complex,"Muay Thai, Boxing",hamdan sports complex Unit E3 - Dubai - United Arab Emirates,Ras Al Khaimah,Dubai,+97145647439,,,4.9,48,google_maps,2026-03-12T14:38:47.230612+00:00
Barrej Health Club,"Kickboxing, Boxing, Karate, Taekwondo","7,Al baghdadi,Khuzam - Ras Al Khaimah - United Arab Emirates",Ras Al Khaimah,Ras Al Khaimah,+97172363000,,,4.7,234,google_maps,2026-03-12T21:21:21.926153+00:00
Boxing Coach Muay Thai Kickboxing,"Muay Thai, Kickboxing",Umm Al Sheif St - Al Safa 2 - Al Safa - Dubai - United Arab Emirates,Ras Al Khaimah,Dubai,+971 50 225 1783,,http://www.absoluteyas.com/,,,google_maps,2026-03-12T14:39:06.722335+00:00
Build Fitness Club,"Kickboxing, Boxing",QWPV+2V5 - Dafan Ras Al Khaimah - Ras Al Khaimah - United Arab Emirates,Ras Al Khaimah,Ras Al Khaimah,+971 50 818 4318,,https://g.co/kgs/7KHGJg,4.6,72,google_maps,2026-03-12T21:21:23.515670+00:00
CHAMPIONS GYM,"Muay Thai, Kickboxing, Boxing",Married near expo center - Al Nakheel - Ras Al Khaimah - United Arab Emirates,Ras Al Khaimah,Ras Al Khaimah,+971 56 135 5375,,https://www.instagram.com/championsgym_rak?igsh=bDhlbHpxY294MzBw,4.7,41,google_maps,2026-03-12T14:37:53.922929+00:00
Comet Sports Club,"MMA, Muay Thai, Kickboxing, Boxing, Karate, Taekwondo, Martial Arts",Muntasir Road - Julfar - Ras Al Khaimah - United Arab Emirates,Ras Al Khaimah,Ras Al Khaimah,+971 50 792 2849,,https://instagram.com/comet_sports_club?igshid=MmIzYWVlNDQ5Yg==,4.9,47,google_maps,2026-03-12T13:59:50.973746+00:00
EVO FITNESS,Kickboxing,"RAK Tower - Building, Ground Floor Al Jazaa Street - opposite Hilton Garden Inn - Al Nakheel - Ras Al Khaimah - United Arab Emirates",Ras Al Khaimah,Ras Al Khaimah,+971 50 598 8398,,,5.0,5,google_maps,2026-03-12T21:21:44.181557+00:00
Eagle Gym Rak,Boxing,Khuzam St - opposite Rak hotel - Khuzam - Ras Al Khaimah - United Arab Emirates,Ras Al Khaimah,Ras Al Khaimah,+971 56 995 8469,info@eaglefitnessgroup.com,https://www.eaglefitnessgroup.com/,4.9,133,google_maps,2026-03-12T22:46:45.911144+00:00
FIRST MAN GYM FITNESS,Kickboxing,Al Salwa St - Al Nakheel - Ras Al Khaimah - United Arab Emirates,Ras Al Khaimah,Ras Al Khaimah,+971 50 110 0553,,,4.2,34,google_maps,2026-03-12T21:21:47.360120+00:00
Fit Point Fitness Gym,"Kickboxing, Boxing",6 30B St - Al Nakheel - Ras Al Khaimah - United Arab Emirates,Ras Al Khaimah,Ras Al Khaimah,+971 55 810 9313,,,4.2,72,google_maps,2026-03-12T21:22:03.245673+00:00
Fitness Line Gym,Kickboxing,شارع الشيخ راشد بن سعيد آل مكتوم - Sheikh Saqr City - Ras Al Khaimah - United Arab Emirates,Ras Al Khaimah,Ras Al Khaimah,+97172352656,,,4.3,21,google_maps,2026-03-12T21:21:31.432738+00:00
Fitness Time Ladies Pro | وقت اللياقة ليديز برو,Kickboxing,25 Bin Daher St - Al Nakheel - Ras Al Khaimah - United Arab Emirates,Ras Al Khaimah,Ras Al Khaimah,,,https://www.fitnesstime.com.sa/ar-sa,4.8,49,google_maps,2026-03-12T21:21:36.206486+00:00
Fitness Time Pro | وقت اللياقة برو,"Kickboxing, Boxing",Al Nakheel - Ras Al Khaimah - United Arab Emirates,Ras Al Khaimah,Ras Al Khaimah,,,https://www.fitnesstime.com.sa/ar-sa,4.7,852,google_maps,2026-03-12T21:21:29.855125+00:00
Fitness24gym ( F24),Kickboxing,Bin Daher St - Al Nakheel - Ras Al Khaimah - United Arab Emirates,Ras Al Khaimah,Ras Al Khaimah,+971 52 534 2624,,,3.7,3,google_maps,2026-03-12T21:21:58.510724+00:00
Future Fit EMS Ras Al Khaimah,"Kickboxing, Boxing","Studio 303, Al Naeem twin tower - 143 Corniche Al Qawasim St - Dafan Ras Al Khaimah - Ras Al Khaimah - United Arab Emirates",Ras Al Khaimah,Ras Al Khaimah,+971 52 721 3402,info@futurefit.ae; overnightdreamss@gmail.com,http://www.futurefit.ae/,4.8,117,google_maps,2026-03-12T21:21:18.762646+00:00
Golden Falcon Karate,"Kickboxing, Karate, Judo, Taekwondo, Martial Arts",QXVF+4HR - Al Araibi - Ras Al Khaimah - United Arab Emirates,Ras Al Khaimah,Ras Al Khaimah,+97172222354,,http://www.goldenfalconkarate.com/,4.3,6,google_maps,2026-03-12T21:22:11.186435+00:00
Goldy’s fitness,"Kickboxing, Boxing",Khuzam St - Al Juwais - Ras Al Khaimah - United Arab Emirates,Ras Al Khaimah,Ras Al Khaimah,+971 50 979 8799,,https://instagram.com/goldys_fitness?igshid=MmIzYWVlNDQ5Yg==,4.8,21,google_maps,2026-03-12T21:22:06.433826+00:00
"Health Square Fitness Club, RAK - Best Gym in RAK",Kickboxing,opp. Al Jazeera Al Jazeera - Mina Al Arab - Ras Al Khaimah - United Arab Emirates,Ras Al Khaimah,Ras Al Khaimah,+971 56 110 4013,,https://hsfcuae.com/,4.7,150,google_maps,2026-03-12T21:21:33.018414+00:00
I shape club uae,"Kickboxing, Boxing",Sheikh Mohammed Bin Salem - Rd - behind Gargash - Mercedes Benz Showroom - Ras Al Khaimah - United Arab Emirates,Ras Al Khaimah,Ras Al Khaimah,+971 52 765 0473,,https://ishapeclub.com/,4.9,101,google_maps,2026-03-12T21:21:50.547679+00:00
KTL GYM,"Kickboxing, Boxing",Julfar Tower ( Residence ) - Dafan Al Nakheel - Ras Al Khaimah - United Arab Emirates,Ras Al Khaimah,Ras Al Khaimah,+97172216333,,,4.2,94,google_maps,2026-03-12T21:22:08.015805+00:00
Karate and kick boxing Natural,"Muay Thai, Kickboxing, Boxing, Wrestling, Karate, Taekwondo, Martial Arts",QXXF+2X2 - Al Hudeeba - Ras Al Khaimah - United Arab Emirates,Ras Al Khaimah,Ras Al Khaimah,+971 50 815 3923,,,5.0,1,google_maps,2026-03-12T14:37:49.174768+00:00
KiDojo Karate School,"Kickboxing, Karate, Judo, Taekwondo, Martial Arts",Royal Breeze 4 - Al Jazeera Al Hamra-Qaryat Al Hamra - Ras Al Khaimah - United Arab Emirates,Ras Al Khaimah,Ras Al Khaimah,+971 50 503 2381,richard@kidojo.me,http://www.kidojo.me/,5.0,13,google_maps,2026-03-12T21:21:42.596080+00:00
King Wolf Club,"MMA, Muay Thai, Kickboxing, Boxing, Wrestling, Karate, Taekwondo, Martial Arts",Al Sanaa Rd - Al Dhait - Ras Al Khaimah - United Arab Emirates,Ras Al Khaimah,Ras Al Khaimah,+971 50 303 0507,,https://www.instagram.com/kingwolf.ae?igsh=MWFoNnhsMWIyaHpzeQ==,5.0,66,google_maps,2026-03-12T14:00:03.581834+00:00
LEGENDS FITNESS GYM,Boxing,back side of Al safina travels - Sidhru street - Dahan - Ras Al Khaimah - United Arab Emirates,Ras Al Khaimah,Ras Al Khaimah,+971 58 200 4356,,,4.6,82,google_maps,2026-03-12T22:46:55.001223+00:00
Miami fitness centre,"Muay Thai, Kickboxing, Boxing",Al Etihad Road - near Etihad Roundabout - Al Muqta - Al Muqta 1 - Emirate of Umm Al Quwain - United Arab Emirates,Ras Al Khaimah,Umm Al Quwain,+971 58 170 4499,,,4.3,225,google_maps,2026-03-12T14:39:03.487057+00:00
Muay Thai with zahran,"Muay Thai, Kickboxing, Boxing, Martial Arts",Hamdan Bin Mohammed St - Al Danah - Zone 1 - Abu Dhabi - United Arab Emirates,Ras Al Khaimah,Abu Dhabi,+971 55 634 7948,,https://www.instagram.com/muay_thai_with_zahran,5.0,1,google_maps,2026-03-12T14:38:44.039442+00:00
Olympic Martial Arts Center,Martial Arts,Ras Alkhaimah - in front of Alnaaem mall - Alnaaem Tower 3 - Mizan Floor - Ras Al Khaimah - United Arab Emirates,Ras Al Khaimah,Ras Al Khaimah,+971 52 190 1120,,,,,google_maps,2026-03-13T06:37:24.296271+00:00
Personal coach Salah eddine.kickboxing |boxing|fitness,"Muay Thai, Kickboxing, Boxing",368X+79F - Al Barsha South Third - Al Barsha South - Dubai - United Arab Emirates,Ras Al Khaimah,Dubai,+971 58 298 0885,,,5.0,17,google_maps,2026-03-12T14:39:01.840082+00:00
Personal trainer mehdi,"Muay Thai, Kickboxing, Boxing, Martial Arts","home, Al manal residence 2 - Nadd Hessa - Dubai Silicon Oasis - Dubai - United Arab Emirates",Ras Al Khaimah,Dubai,+97199999999,example@mysite.com; mehdi06mojahid@gmail.com,https://www.personaltrainermehdi.com/,5.0,17,google_maps,2026-03-12T14:39:05.118880+00:00
Personal trainer orabi fit,Kickboxing,Al Riffa - Ras Al Khaimah - United Arab Emirates,Ras Al Khaimah,Ras Al Khaimah,+971 54 330 5451,,https://www.instagram.com/alorabifit?igsh=MXV2c2l1aHFwb2Nvag==&utm_source=qr,5.0,8,google_maps,2026-03-12T21:22:14.346684+00:00
Power zone fitness club,"Kickboxing, Boxing",Sheikh Khalifa City - Ras Al Khaimah - United Arab Emirates,Ras Al Khaimah,Ras Al Khaimah,+971 56 593 7905,,https://www.instagram.com/power_zone_fitness_rak/,4.9,46,google_maps,2026-03-12T21:21:20.339930+00:00
RAC CLUB MARTIAL ARTS,"BJJ, MMA, Muay Thai, Kickboxing, Taekwondo, Martial Arts",65 Sheikh Muhammad Bin Saqr Rd - Seih Al Araibi - Ras Al Khaimah - United Arab Emirates,Ras Al Khaimah,Ras Al Khaimah,+971 50 826 6675,,,5.0,1,google_maps,2026-03-12T13:05:49.611899+00:00
RAK GYM,"Kickboxing, Boxing",PWW2+FXH - Unnamed Road - Al Dhait - Al Dhait South - Ras Al Khaimah - United Arab Emirates,Ras Al Khaimah,Ras Al Khaimah,+971 55 486 0909,,,4.7,25,google_maps,2026-03-12T21:21:34.608815+00:00
Rak martialart,"BJJ, Muay Thai, Kickboxing",Corniche Al Qawasim St - Dafan Ras Al Khaimah - Ras Al Khaimah - United Arab Emirates,Ras Al Khaimah,Ras Al Khaimah,+971 50 486 0909,,,5.0,3,google_maps,2026-03-12T13:05:46.478729+00:00
Rashaqa Life Gym,Boxing,Al Dhait - Ras Al Khaimah - United Arab Emirates,Ras Al Khaimah,Ras Al Khaimah,+97172283338,,https://instagram.com/rashaqa_life,4.4,220,google_maps,2026-03-12T22:46:27.715559+00:00
Skyfit20 EMS Studio Ras Al Khaimah (RAK),"Kickboxing, Boxing",Julphar Towers - Al Hisn Rd - Dafan Al Nakheel - Ras Al Khaimah - United Arab Emirates,Ras Al Khaimah,Ras Al Khaimah,+971 55 960 3199,,,4.4,7,google_maps,2026-03-12T21:22:19.122167+00:00
Smash Ras al Khaimah,"Kickboxing, Boxing",Sheikh Mohamed Bin Salem Rd - opposite Mina Al Arab - Al Riffa - Ras Al Khaimah - United Arab Emirates,Ras Al Khaimah,Ras Al Khaimah,+971 50 877 3212,,https://www.instagram.com/smashrak/?hl=en,5.0,19,google_maps,2026-03-12T21:21:26.686190+00:00
Style fitness gym,Boxing,Unnamed Road - Ras Al Khaimah - United Arab Emirates,Ras Al Khaimah,Ras Al Khaimah,+97172445856,,https://www.instagram.com/p/CPF0-ionKwC/?utm_medium=copy_link,4.3,32,google_maps,2026-03-12T22:46:40.836377+00:00
The tigers martial arts club,"BJJ, MMA, Muay Thai, Kickboxing, Boxing, Karate, Taekwondo, Martial Arts",Sheikh Khalifa City - الظيت الجنوبي - Ras Al Khaimah - United Arab Emirates,Ras Al Khaimah,Ras Al Khaimah,+971 58 874 0072,,,4.7,47,google_maps,2026-03-12T13:05:51.180595+00:00
Turbo Gym,"Kickboxing, Boxing",Al Nakheel - Ras Al Khaimah - United Arab Emirates,Ras Al Khaimah,Ras Al Khaimah,+971 54 573 4919,,,4.5,123,google_maps,2026-03-12T21:21:25.103439+00:00
Turbo fitness gym,Boxing,MXP8+7PF - Al Digdaga - Ras Al Khaimah - United Arab Emirates,Ras Al Khaimah,Ras Al Khaimah,+971 56 601 6678,,,4.7,15,google_maps,2026-03-12T22:47:35.209523+00:00
Type S Women Body Fitness LLC OPC,"Kickboxing, Boxing",55 Sheikh Muhammed Bin St - Seih Al Araibi - Ras Al Khaimah - United Arab Emirates,Ras Al Khaimah,Ras Al Khaimah,+971 50 605 1799,,http://www.typesfitness.com/,4.4,107,google_maps,2026-03-12T21:21:28.277827+00:00
Uform Fitness - Mina Al Arab,Boxing,Lagoon Walk Building 7 - Al Riffa - Ras Al Khaimah - United Arab Emirates,Ras Al Khaimah,Ras Al Khaimah,+97172433533,,https://www.uform.com/,3.8,213,google_maps,2026-03-12T22:47:59.337473+00:00
Western Gym & Karate,"Muay Thai, Kickboxing, Boxing, Karate, Taekwondo, Martial Arts",Street - Al Araibi - Ras Al Khaimah - United Arab Emirates,Ras Al Khaimah,Ras Al Khaimah,+97172222354,,http://www.goldenfalconkarate.com/,4.7,53,google_maps,2026-03-12T14:37:47.593393+00:00
Xtreme ladies fitness gym,Kickboxing,Al Maireed - Ras Al Khaimah - United Arab Emirates,Ras Al Khaimah,Ras Al Khaimah,+971 50 604 7740,,https://instagram.com/xtremeladiesfitn?igshid=YmMyMTA2M2Y=,3.4,17,google_maps,2026-03-12T21:22:20.707427+00:00
layla club fitness,Kickboxing,Corniche Al Qawasim St - Dafan Ras Al Khaimah - Ras Al Khaimah - United Arab Emirates,Ras Al Khaimah,Ras Al Khaimah,+971 56 315 2287,,https://www.instagram.com/laylafitenssclub/,4.2,9,google_maps,2026-03-12T21:22:04.834445+00:00
sports GYM,"Kickboxing, Boxing",RX37+8J7 - Road - Al Mamourah - Ras Al Khaimah - United Arab Emirates,Ras Al Khaimah,Ras Al Khaimah,+971 50 774 5333,,,4.6,17,google_maps,2026-03-12T21:22:22.292835+00:00
ايجل للفنون القتالية Eagle Martial Arts Academy RAK,"BJJ, MMA, Muay Thai, Kickboxing, Boxing, Karate, Taekwondo, Martial Arts",70a شارع الأجيال - Al Qussaidat - Ras Al Khaimah - United Arab Emirates,Ras Al Khaimah,Ras Al Khaimah,+971 56 523 9002,,,4.9,12,google_maps,2026-03-12T13:05:44.885366+00:00
باور بلاي جيم POWER PLAY GYM,Kickboxing,Al Maireed - Ras Al Khaimah - United Arab Emirates,Ras Al Khaimah,Ras Al Khaimah,+971 56 619 0358,,,4.8,5,google_maps,2026-03-12T21:22:17.542311+00:00
مجلس السيح,"BJJ, MMA, Muay Thai, Kickboxing, Boxing, Taekwondo, Martial Arts",Q2P8+X3X - Unnamed Road - Seih Al Ghub - Ras Al Khaimah - United Arab Emirates,Ras Al Khaimah,Ras Al Khaimah,+97172225599,,https://www.instagram.com/rashaqalifezonegym/,5.0,1,google_maps,2026-03-12T13:05:48.044436+00:00
ACTIVE Al Maryah Island Sports & Recreation,Karate,ACTIVE Al Maryah Sports & Recreation - Al Maryah Island - MI12 - Abu Dhabi - United Arab Emirates,Saadiyat Island Abu Dhabi,Abu Dhabi,+97123128200,sports@activealmaryah.ae; customerservice@activealmaryah.ae,http://www.activealmaryah.ae/,4.5,493,google_maps,2026-03-13T02:16:16.557875+00:00
Angels Garden Pre school & Day care.,"Karate, Taekwondo",F9M9+JX5 - Al Danah - Zone 1 - Abu Dhabi - United Arab Emirates,Saadiyat Island Abu Dhabi,Abu Dhabi,+97126314455,sirajudeesiru49@gmail.com; sankar.ins@hotmail.com; sajeeshsnair@gmail.com,http://www.kscabudhabi.com/,4.3,447,google_maps,2026-03-13T02:17:21.216378+00:00
Aurora Judo Academy,"Karate, Judo, Taekwondo, Martial Arts",Ar Reem St - Al Reem Island - Tamouh - Abu Dhabi - United Arab Emirates,Saadiyat Island Abu Dhabi,Abu Dhabi,+971 55 888 4585,aurorajudo2024@gmail.com; aurorajudo.uae@gmail.com,https://aurora-judo.com/,,,google_maps,2026-03-13T02:16:13.625545+00:00
Baniyas Jiu-Jitsu - Men’s Training Hall,BJJ,8J3F+CMF Baniyas Club - Al Mafraq St - Bani Yas - Baniyas East - Abu Dhabi - United Arab Emirates,Saadiyat Island Abu Dhabi,Abu Dhabi,+971 50 909 9669,,,4.5,6,google_maps,2026-03-12T13:53:21.478559+00:00
Black Belt Sports Center,"MMA, Kickboxing, Boxing, Karate, Taekwondo, Martial Arts",39 Al Falah St - Al Danah - Zone 1 - Abu Dhabi - United Arab Emirates,Saadiyat Island Abu Dhabi,Abu Dhabi,+971 50 613 7009,,,3.7,11,google_maps,2026-03-12T14:26:07.789576+00:00
Bodylines Health Club,Taekwondo,F9VM+RP8 - Street # 10 - Al Zahiyah - E16 01 - Abu Dhabi - United Arab Emirates,Saadiyat Island Abu Dhabi,Abu Dhabi,+97126979000,,,2.3,7,google_maps,2026-03-13T06:04:13.749856+00:00
F45 Training Saadiyat Marina,"Kickboxing, Boxing","MDB-E NYU Area - SDW4, Plot 2 - Al Saadiyat Island - SDW4 - Abu Dhabi - United Arab Emirates",Saadiyat Island Abu Dhabi,Abu Dhabi,+971 50 984 5825,saadiyatmarina@f45training.ae; saadiyatmarina.admin@f45training.ae,https://f45training.ae/saadiyatmarina,5.0,95,google_maps,2026-03-12T22:26:56.318739+00:00
Family Development Foundation - Abu Dhabi Center,Taekwondo,Al Khalidiyah - W17 01 - Abu Dhabi - United Arab Emirates,Saadiyat Island Abu Dhabi,Abu Dhabi,+97124476900,info@fdf.gov.ae; shawer@fdf.gov.ae,https://www.fdf.gov.ae/,4.5,84,google_maps,2026-03-13T06:04:50.361934+00:00
Fit Ground,"Kickboxing, Boxing","Saadiyat Global, Gate Tower 2 - Al Saadiyat Island - SDW4 - Abu Dhabi - United Arab Emirates",Saadiyat Island Abu Dhabi,Abu Dhabi,+971 58 267 6898,,https://fitground.ae/,4.9,153,google_maps,2026-03-12T22:25:54.343091+00:00
Five Stars Management & Quality Consultant (FSMQC),Karate,"Landmark: Same Bldg. Huff and Puff Restaurant - 17, Barqa An Nisil street · 16, Ar Rawnaq street Al Mamoura area - bldg. 16 2nd floor office 202 - near Star Karate - Al Nahyan - Abu Dhabi - United Arab Emirates",Saadiyat Island Abu Dhabi,Abu Dhabi,+971 50 339 7449,info@fsmqc.com,https://fsmqc.com/,5.0,50,google_maps,2026-03-13T02:17:11.072714+00:00
Fred Astaire Dance Studios,BJJ,Global Gate T2 - Al Saadiyat Island - SDW4 - Abu Dhabi - United Arab Emirates,Saadiyat Island Abu Dhabi,Abu Dhabi,+971 58 547 0379,,https://www.fredastaire.com/saadiyat-island/,5.0,34,google_maps,2026-03-12T13:53:13.573816+00:00
GYM on Saadiyat,"Kickboxing, Boxing",Jumeirah at - Abu Dhabi - United Arab Emirates,Saadiyat Island Abu Dhabi,Abu Dhabi,+97128114444,reservations@jumeirah.com; reservations.jmh@jumeirah.com; njumeirahone@jumeirah.com,http://www.jumeirah.com/,4.9,23,google_maps,2026-03-12T22:27:25.408133+00:00
Golden Musical Arts Institute,Karate,406 Hamdan Bin Mohammed St - Al Danah - Zone 1 - Abu Dhabi - United Arab Emirates,Saadiyat Island Abu Dhabi,Abu Dhabi,+97126812371,,,4.9,278,google_maps,2026-03-13T02:16:39.026254+00:00
Gracie Barra Al Raha,"Karate, Taekwondo, Martial Arts",Raha Building - 1 Corniche St - Al Raha - W1 01 - Abu Dhabi - United Arab Emirates,Saadiyat Island Abu Dhabi,Abu Dhabi,+971 58 508 2702,,,,,google_maps,2026-03-13T02:15:42.733122+00:00
KARMA ARTS CENTER,Karate,"Eldorado Building, 1st floor, Block A, No.102 - Electra Street - Al Danah - Zone 1 - Abu Dhabi - United Arab Emirates",Saadiyat Island Abu Dhabi,Abu Dhabi,+971 58 689 8054,,,5.0,33,google_maps,2026-03-13T02:15:36.703819+00:00
KYUDOKAN KARATE UAE,"BJJ, Karate, Judo, Taekwondo, Martial Arts",F9M9+JX5 - Al Danah - Zone 1 - Abu Dhabi - United Arab Emirates,Saadiyat Island Abu Dhabi,Abu Dhabi,+971 55 364 8410,kyudokanindia@gmail.com; okinawanbudo@gmail.com,http://www.kyudokankarate.in/,,,google_maps,2026-03-12T13:53:16.734829+00:00
Masters Martial Arts Training Center,"BJJ, MMA, Karate, Taekwondo, Martial Arts",F9R6+RCM - المُتَرَامِي - Al Danah - Zone 1 - Abu Dhabi - United Arab Emirates,Saadiyat Island Abu Dhabi,Abu Dhabi,+971 50 415 1269,sophie@gymnation.com; aldrin@gymnation.com; dhaivat@gymnation.com,https://gymnation.com/gymsnearme/khalidiyah-mall/,4.6,,google_maps,2026-03-12T13:53:19.907507+00:00
Mentora Karate Center,"Karate, Taekwondo, Martial Arts",F9RF+HJ2 - Al Danah - Zone 1 - Abu Dhabi - United Arab Emirates,Saadiyat Island Abu Dhabi,Abu Dhabi,+971 50 160 3289,,,,,google_maps,2026-03-13T02:15:15.677602+00:00
Nochikan Karate Abudabi,"Karate, Taekwondo, Martial Arts",Abudabi - Abu Dhabi Indian Islamic Center - Al Falah St - Abu Dhabi - United Arab Emirates,Saadiyat Island Abu Dhabi,Abu Dhabi,+971 58 156 0114,nagul124@hotmail.com; info@ynotinfo.com,https://nochikan.com/,4.5,,google_maps,2026-03-13T02:16:25.646375+00:00
PARAM DANCE TRAINING,Karate,Al Khalidiya - 12 Dawhat Al Hamra St - Al Hisn - W4 - Abu Dhabi - United Arab Emirates,Saadiyat Island Abu Dhabi,Abu Dhabi,+971 58 520 5303,,,,,google_maps,2026-03-13T02:17:26.902244+00:00
Param for Music and Arts center,Taekwondo,F9VG+J97 - شارع - Al Zahiyah - E16 - Abu Dhabi - United Arab Emirates,Saadiyat Island Abu Dhabi,Abu Dhabi,+97126325260,,,5.0,5,google_maps,2026-03-13T06:04:47.341664+00:00
RIOT GYM FOR FITNESS,Boxing,Al Adil Budling - Zayed The First St - near Lulu Express - Al Khalidiyah - W4 - Abu Dhabi - United Arab Emirates,Saadiyat Island Abu Dhabi,Abu Dhabi,+971 56 695 0937,,https://www.instagram.com/riotgym.forfitness?igsh=eGloeWU5ZjVwd2hq,4.8,26,google_maps,2026-03-13T00:30:52.174067+00:00
ROOTZ EDUCATION,"Karate, Taekwondo, Martial Arts",Hazza ' Bin Zayed The First St - Al Danah - Zone 1 - Abu Dhabi - United Arab Emirates,Saadiyat Island Abu Dhabi,Abu Dhabi,+971 50 214 5543,,https://www.rootzeducation.ae/,5.0,33,google_maps,2026-03-13T02:16:56.633793+00:00
SHOGUN COMBAT ACADEMY,"Karate, Taekwondo, Martial Arts",Al Khalidiyah - W4 - Abu Dhabi - United Arab Emirates,Saadiyat Island Abu Dhabi,Abu Dhabi,+971 58 686 8112,,https://l.instagram.com/?u=https%3A%2F%2Fwww.primalgymae.com%2F&e=AT3z3yF0r_D-M2G6V6jjtxf1mZw4JmW9n6DfyzGitj1kBaaxJ16ssjkI2gq4dKMvG2GzsdjkfxhAdmWN4lPtPaHKxW0VzriAChdp968,3.8,,google_maps,2026-03-13T02:16:05.465547+00:00
Sama Tower,Judo,Sama Tower - Electra street - Al Danah - Zone 1 - Abu Dhabi - United Arab Emirates,Saadiyat Island Abu Dhabi,Abu Dhabi,+97126228147,,,4.2,89,google_maps,2026-03-13T03:51:12.204954+00:00
Shining Star Education Training LLC,Taekwondo,Al Ghaith tower - 3rd Floor - 307 Hamdan Bin Mohammed St - Al Danah - Zone 1 - Abu Dhabi - United Arab Emirates,Saadiyat Island Abu Dhabi,Abu Dhabi,+971 50 800 2946,training@shiningstaronline.com,https://www.shiningstaronline.com/,4.7,132,google_maps,2026-03-13T06:04:38.450810+00:00
Soul and Skin Wellness,"Muay Thai, Kickboxing, Boxing",Park Hyatt - Al Saadiyat Island - SDN1 - Abu Dhabi - United Arab Emirates,Saadiyat Island Abu Dhabi,Abu Dhabi,+971 55 306 2302,info@soulandskinwellness.com,https://soulandskinwellness.com/,4.5,14,google_maps,2026-03-12T21:05:46.212084+00:00
Sports Academy,"Kickboxing, Boxing",Al Saadiyat Island - SDN2 - Abu Dhabi - United Arab Emirates,Saadiyat Island Abu Dhabi,Abu Dhabi,+971 55 638 9859,,,,,google_maps,2026-03-12T22:27:47.931719+00:00
TKD Oryx Taekwondo,"Karate, Taekwondo, Martial Arts",Building 8 - Mezzanine 3 Elektra Street - behind National Hospital - Al Danah - Zone 1 - Abu Dhabi - United Arab Emirates,Saadiyat Island Abu Dhabi,Abu Dhabi,+971 55 591 1478,,https://www.facebook.com/oryx.tkd.sports,5.0,33,google_maps,2026-03-13T02:15:10.146570+00:00
The Club Abu Dhabi Private Members,Karate,Mina Sadiyat - Abu Dhabi - United Arab Emirates,Saadiyat Island Abu Dhabi,Abu Dhabi,+97126731111,,http://www.the-club.com/,4.6,782,google_maps,2026-03-13T02:16:50.650345+00:00
The St. Regis Athletic Club,Boxing,St Regis Hotel main entrance for cars - Al Saadiyat Island - SDN1 - Abu Dhabi - United Arab Emirates,Saadiyat Island Abu Dhabi,Abu Dhabi,+97124988777,,,3.7,12,google_maps,2026-03-13T00:27:37.634831+00:00
Time Master Skills Development Center,"Karate, Taekwondo, Martial Arts","Office 404, ADCP Tower - B - Electra Street - behind City Seasons Hotel - Al Danah - Zone 1 - Abu Dhabi - United Arab Emirates",Saadiyat Island Abu Dhabi,Abu Dhabi,+97126739171,info@timemaster.com; info@timemaster.ae,https://www.timemaster.ae/,4.7,253,google_maps,2026-03-13T02:17:02.020490+00:00
UAE Muay Thai and Kickboxing Federation,"MMA, Muay Thai, Kickboxing, Boxing, Taekwondo, Martial Arts",Al Jazeera Stadium Pedestrian Overpass - Gate (7) Second Floors Office Number (35 - Abu Dhabi - United Arab Emirates,Saadiyat Island Abu Dhabi,Abu Dhabi,+97124432223,,,4.1,7,google_maps,2026-03-12T14:26:24.101122+00:00
Valiant Taekwondo Club,"Karate, Taekwondo, Martial Arts","ELECTRA STREET, ADCP Tower -D - Building no :21, 2nd Floor , 201 - 21 Baghdad St - Abu Dhabi - United Arab Emirates",Saadiyat Island Abu Dhabi,Abu Dhabi,+971 54 226 1621,valianttaekwondoclub@gmail.com,https://valianttaekwondoclub.ae/,5.0,7,google_maps,2026-03-13T02:16:10.610086+00:00
Vogue Fitness Saadiyat,Boxing,34 Al Dhiba St - Al Saadiyat Island - SDN7 - Abu Dhabi - United Arab Emirates,Saadiyat Island Abu Dhabi,Abu Dhabi,+97120337060,na@gmail.com; info@vfuae.com,https://vfuae.com/,5.0,10,google_maps,2026-03-13T00:27:28.591105+00:00
Wave fitness EMS - Abu Dhabi,"Taekwondo, Martial Arts",The New Emi State Tower Mezzanine Floor - Abu Dhabi - United Arab Emirates,Saadiyat Island Abu Dhabi,Abu Dhabi,+971 54 345 5310,,http://www.waves-fitness.com/sign-up,4.6,129,google_maps,2026-03-13T06:03:53.069119+00:00
artFITNESS-personal training Abu-Dhabi,Boxing,Reem island - Al Reem Island - Tamouh - Abu Dhabi - United Arab Emirates,Saadiyat Island Abu Dhabi,Abu Dhabi,+971 56 314 9535,,,5.0,1,google_maps,2026-03-13T00:30:49.218979+00:00
- Healthy body - gym CrossFit Calisthenics kickboxing-,Kickboxing,896H+PFC - Al Khalidiya District - Sharjah - United Arab Emirates,Sharjah,Sharjah,+971 50 583 6748,,,4.6,11,google_maps,2026-03-12T21:17:50.370158+00:00
AL MUHARIB KARATE CENTRE - MUWEILAH BRANCH,"Kickboxing, Karate, Taekwondo, Martial Arts","Muweilah, National Paints - Sharjah - United Arab Emirates",Sharjah,Sharjah,+971 56 996 6925,,,5.0,13,google_maps,2026-03-12T21:17:04.355072+00:00
AL MUHARIB KARATE CENTRE- ROLLA BRANCH,"Kickboxing, Karate, Taekwondo, Martial Arts","Mubarak Centre, 2nd Floor, Office No 203, Rolla, Naba'ah - Sharjah - United Arab Emirates",Sharjah,Sharjah,+971 56 996 6927,,,5.0,10,google_maps,2026-03-12T21:15:55.381787+00:00
AL NAJEM KARATE CENTRE,Karate,89QP+2QQ - Corniche St - behind ADIB BANK - Al Majaz 1 - Al Majaz - Sharjah - United Arab Emirates,Sharjah,Sharjah,+971 55 257 4449,,,,,google_maps,2026-03-13T01:15:17.425371+00:00
Abu Hail Gym,"Muay Thai, Kickboxing, Boxing, Karate",52 11A St - Al Mizhar First - Al Mizhar - Dubai - United Arab Emirates,Sharjah,Dubai,+97142209960,sophie@gymnation.com; aldrin@gymnation.com; dhaivat@gymnation.com,https://gymnation.com/gymsnearme/mirdif/,4.5,6859,google_maps,2026-03-12T14:35:02.416906+00:00
Al Aqeeq Ladies Sports Centre,Kickboxing,"ALAQEEQ SPORTS CENTRE - Jamal abdulnaser street. Al majaz Ali mosa tower 1 , HC floor - Al Majaz 2 - Sharjah - United Arab Emirates",Sharjah,Sharjah,+971 56 796 9261,,,4.2,80,google_maps,2026-03-12T21:17:40.538659+00:00
Al Azzam Karate Center,"Kickboxing, Karate, Taekwondo, Martial Arts",Unnamed Road - Sharjah - United Arab Emirates,Sharjah,Sharjah,+97165751005,,,4.4,40,google_maps,2026-03-12T21:17:19.253583+00:00
Al Buraq Gym Sharjah Al Majaz 3,Kickboxing,89JC+QC6 Majaz 3 - Al Majaz 3 - Al Majaz - Sharjah - United Arab Emirates,Sharjah,Sharjah,+971 52 815 6308,,,4.5,43,google_maps,2026-03-12T21:16:57.855125+00:00
Al Jasad Al Rashiq Fitness Club,Kickboxing,Street 29 - opp. Al Amaal English High School - Bu Tena - Sharjah - United Arab Emirates,Sharjah,Sharjah,+971 56 164 8693,,,4.0,2,google_maps,2026-03-12T21:17:12.602268+00:00
Al Laith Sports Gym,Boxing,Al Qasab A St - Al Majaz District - Al Majaz - Sharjah - United Arab Emirates,Sharjah,Sharjah,+971 56 859 9273,,,4.2,37,google_maps,2026-03-12T22:43:44.200849+00:00
Al Majaz 3,"Boxing, Karate",89HG+9WP - Al Majaz - Al Majaz 3 - Al Majaz - Sharjah - United Arab Emirates,Sharjah,Sharjah,+971 52 977 2474,,,5.0,2,google_maps,2026-03-12T22:41:46.670722+00:00
Al Majaz Fitness,Kickboxing,Buhaira Al Amal tower - near Istanbul supermarket - Al Majaz 2 - Al Majaz - Sharjah - United Arab Emirates,Sharjah,Sharjah,+971 54 443 7798,,,4.5,27,google_maps,2026-03-12T21:17:02.728437+00:00
Al Majaz Gym,Kickboxing,Al Reem Building - Muwaileh Commercial - Industrial Area - Sharjah - United Arab Emirates,Sharjah,Sharjah,+971 56 891 1071,,http://www.gymalmajaz.com/,4.4,100,google_maps,2026-03-12T21:16:03.625618+00:00
Al Marjaan Taekwondo Gym,Taekwondo,892J+9GM - Hay Al Nahda - Al Qusais Industrial Area - Sharjah - United Arab Emirates,Sharjah,Sharjah,+971 50 380 5692,,,3.8,5,google_maps,2026-03-13T04:12:53.812807+00:00
Al Qasimyah Body Fitness,Kickboxing,89WR+4R9 - Ammar Bin Yasir St - Al Nad - Hay Al Qasimiah - Sharjah - United Arab Emirates,Sharjah,Sharjah,+971 50 755 9481,,,4.7,62,google_maps,2026-03-12T21:16:18.379372+00:00
"Al Taqaleed Karate Center, Al Taawun, Sharjah","Kickboxing, Karate, Judo, Taekwondo, Martial Arts",Al Reyyan Tower - Al Taawun St - Al Khalidiya District - Sharjah - United Arab Emirates,Sharjah,Sharjah,+971 56 828 4242,,,5.0,49,google_maps,2026-03-12T21:16:42.988018+00:00
Al Wafa Children’s Skill Development Centre,Taekwondo,Opposite Sharjah Cricket stadium Yasmine 6 Shop number 6 - Sharjah - United Arab Emirates,Sharjah,Sharjah,+971 56 794 1001,,https://www.alwafaedu.com/,4.9,100,google_maps,2026-03-13T04:13:43.544443+00:00
Al Zaman Body Fitness ladies and gents Fitness Center & Bodybuilding Gym,"Kickboxing, Karate, Martial Arts",Twin Towers - Sheikh Khalifa Bin Zayed St - near Ajman Bank - 3 Al Nuaimia - Ajman - United Arab Emirates,Sharjah,Ajman,+971 56 607 8129,,https://www.instagram.com/al_zaman_body_fitness/,4.8,241,google_maps,2026-03-12T21:17:22.579953+00:00
Align fitness | Gym | Pilates | EMS | Swimming | Boxing | Spin,"Kickboxing, Boxing, Karate, Taekwondo, Martial Arts","M floor, Crystal Plaza - King Faisal St - Al Majaz 1 - Al Majaz - Sharjah - United Arab Emirates",Sharjah,Sharjah,+971 56 893 1971,alignfitness.ae@gmail.com,http://alignfitness.co/,4.6,235,google_maps,2026-03-12T21:15:24.312546+00:00
All Stars Swimming Academy أكاديمية كل النجوم لتدريب السباحه,Taekwondo,89H8+P8R Beach Tower 1 - Corniche Rd - Al Khan - Sharjah - United Arab Emirates,Sharjah,Sharjah,+971 52 140 8868,info@allstarsuae.com,http://www.allstarsuae.com/,4.4,277,google_maps,2026-03-13T04:12:56.827052+00:00
Alpha gym,"Kickboxing, Boxing",Maghreb St - Industrial Area 6 - Industrial Area - Sharjah - United Arab Emirates,Sharjah,Sharjah,+971 54 238 8500,,,4.9,52,google_maps,2026-03-12T21:15:57.004097+00:00
Alpha team mma and fitness,"Muay Thai, Boxing",Al Majaz - Al Majaz 3 - Al Majaz - Sharjah - United Arab Emirates,Sharjah,Sharjah,+971 56 937 5576,,,,,google_maps,2026-03-12T14:33:03.844903+00:00
Arrow Fitness,Kickboxing,43 St - Bu Shaghara - Hay Al Qasimiah - Sharjah - United Arab Emirates,Sharjah,Sharjah,+971 50 534 7871,info@arrowfirness.ae,http://www.arrowfitness.ae/,4.8,54,google_maps,2026-03-12T21:17:01.098030+00:00
"Aura Academy of Arts ,Sharjah.","Taekwondo, Martial Arts","205, Iran Insurance Building - King Abdul Aziz St - Sharjah - United Arab Emirates",Sharjah,Sharjah,+971 56 363 0011,,,4.7,37,google_maps,2026-03-13T04:13:58.888496+00:00
BLACK DRAGON CORNER KARATE CENTER,"Muay Thai, Kickboxing, Karate, Taekwondo, Martial Arts",City Plaza 4 - Al Majaz 2 - Al Majaz - Sharjah - United Arab Emirates,Sharjah,Sharjah,+971 58 297 4604,dragoncornerblack@gmail.com,https://blackdragonkarateuae.net/,5.0,18,google_maps,2026-03-12T14:33:48.954581+00:00
BLACK WOLF MARTIAL ARTS CENTER,"BJJ, MMA, Muay Thai, Kickboxing, Boxing, Wrestling, Karate, Taekwondo",Al Shahed Tower - 6th floor - Al Khan - Sharjah - United Arab Emirates,Sharjah,Sharjah,+971 58 294 4004,,,4.9,71,google_maps,2026-03-12T13:02:46.374771+00:00
Black Belt Martial Arts Center Sharjah,"BJJ, Muay Thai, Kickboxing, Boxing, Karate, Judo, Taekwondo, Martial Arts","Al Mehairi Building - Office #2, Mezzanine Floor - behind Dubai Islamic Bank - Al Nad - Hay Al Qasimiah - Sharjah - United Arab Emirates",Sharjah,Dubai,+971 50 965 5187,info@martialartdxb.com,https://martialartdxb.com/,4.7,13,google_maps,2026-03-12T13:02:38.424854+00:00
Black Dragon Karate Centre,"Kickboxing, Karate, Taekwondo, Martial Arts",Al Yarmook - Halwan - Sharjah - United Arab Emirates,Sharjah,Sharjah,+971 55 394 2210,admin@blackdragonkaratecenter.com,http://blackdragonkaratecenter.com/,5.0,28,google_maps,2026-03-12T21:16:16.742244+00:00
Black Wolf MMA & Fitness center,"BJJ, MMA, Muay Thai, Kickboxing, Boxing, Wrestling, Karate, Taekwondo",Al Anwar Tower - AL Khan Corniche St - Al Khan - Sharjah - United Arab Emirates,Sharjah,Sharjah,+971 56 557 8086,info@blackwolfmmagym.com,https://blackwolfmmagym.com/,4.9,337,google_maps,2026-03-12T13:02:33.653410+00:00
Black belt karate club,"Karate, Taekwondo, Martial Arts",9FV7+4J8 - Al Rashidiya 1 - Ajman - United Arab Emirates,Sharjah,Ajman,+971 50 890 4100,,https://ftsmartialarts.org/,4.9,,google_maps,2026-03-13T01:14:32.040219+00:00
Boxing personal coach,Boxing,Al Khalidiya District - Sharjah - United Arab Emirates,Sharjah,Sharjah,+971 56 310 8515,,,5.0,9,google_maps,2026-03-12T22:41:40.601833+00:00
Coach Shehan.dxb | Boxing | Kickboxing | Muaythai | Fitness,Muay Thai,,Sharjah,,+971 54 286 8759,,,5.0,36,google_maps,2026-03-12T14:34:41.306516+00:00
DESERT LION KARATE CLUB,"Kickboxing, Karate, Taekwondo, Martial Arts",89PW+3RG - Bu Shaghara - Hay Al Qasimiah - Sharjah - United Arab Emirates,Sharjah,Sharjah,+971 54 453 8805,,,4.7,12,google_maps,2026-03-12T21:15:50.452799+00:00
DESERT WARRIOR KARATE BOXING & TAEKWONDO,"Kickboxing, Karate, Taekwondo, Martial Arts",Al Thuraya Building - near Aster Hospital - Bu Danig - Hay Al Qasimiah - Sharjah - United Arab Emirates,Sharjah,Sharjah,+971 58 587 6456,,,5.0,28,google_maps,2026-03-12T21:16:00.363321+00:00
Dar Al Karate Martial Arts,Muay Thai,M Squared Building - 505 Khalid Bin Al Waleed Rd - Al Mankhool - Dubai - United Arab Emirates,Sharjah,Dubai,+97133614802,sophie@gymnation.com; aldrin@gymnation.com; dhaivat@gymnation.com,https://gymnation.com/gymsnearme/bur-dubai/,4.7,9940,google_maps,2026-03-12T14:35:05.962636+00:00
Defenders self defence,"BJJ, Kickboxing, Boxing, Karate, Taekwondo, Martial Arts",Muwaileh Commercial - Industrial Area - Sharjah - United Arab Emirates,Sharjah,Sharjah,+971 55 151 5787,,http://www.defendersuae.club/,4.9,66,google_maps,2026-03-12T13:02:54.385930+00:00
DesertHawk Gym,"Kickboxing, Boxing, Taekwondo",tiger building - 1 Al Taawun St - Al Khalidiya District - Sharjah - United Arab Emirates,Sharjah,Sharjah,+971 54 221 4525,,https://instagram.com/deserthawkgym?igshid=MmJiY2I4NDBkZg==,4.8,18,google_maps,2026-03-12T21:15:07.985769+00:00
"Dubai Home Trainer - Martial Arts, Fitness, Weight loss",Muay Thai,,Sharjah,,+971 52 574 9854,,https://dubaihometrainer.com/,5.0,53,google_maps,2026-03-12T14:35:26.095632+00:00
EH Sports Centre,Karate,Muwaileh Commercial - Industrial Area - Sharjah - United Arab Emirates,Sharjah,Sharjah,+97165510555,,,4.3,102,google_maps,2026-03-13T01:14:38.184971+00:00
Elite power MMA gym Sharjah,"BJJ, MMA, Muay Thai, Kickboxing, Boxing, Wrestling, Taekwondo, Martial Arts","Al khan Al falah district tower P6, C - Sharjah - United Arab Emirates",Sharjah,Sharjah,+971 50 958 0389,,https://elitepower.carrd.co/,5.0,71,google_maps,2026-03-12T13:02:32.049355+00:00
Elite swim & Fitness Academy,Kickboxing,AL BUSTAN TOWER HOTEL SUITE - Al Nad - Hay Al Qasimiah - Sharjah - United Arab Emirates,Sharjah,Sharjah,+971 56 301 5883,,https://www.instagram.com/elite_swimfitness_academy?igsh=MWV5bnRuZGRpMjZueQ%3D%3D&utm_source=qr,4.9,45,google_maps,2026-03-12T21:16:01.971374+00:00
"Energy Zone Fitness , (🚹G𝐞𝐧𝐭𝐬 & 🚺𝐥𝐚𝐝𝐢𝐞𝐬) Muwaileh, Sharjah",Kickboxing,Muwaileh Commercial - Industrial Area - Sharjah - United Arab Emirates,Sharjah,Sharjah,+971 52 508 8862,,,4.7,520,google_maps,2026-03-12T21:15:40.672961+00:00
Extreme fitness Center- Sharjah (Al Qasba),"Kickboxing, Karate, Martial Arts","Al Noor Tower, Level- H - Al Majaz 3 - Al Majaz - Sharjah - United Arab Emirates",Sharjah,Sharjah,+971 56 991 9281,,https://www.instagram.com/extremefit.co?igsh=cnIxazUya2k0bWtn,4.5,11,google_maps,2026-03-12T21:16:23.397174+00:00
Falcon Force Martial Arts Academy,"Karate, Taekwondo, Martial Arts","Al Thuriah Muweilah Community, Building No 1 ,Shop No 4 - Sharjah - United Arab Emirates",Sharjah,Sharjah,+97165772131,,,5.0,5,google_maps,2026-03-13T01:13:52.515706+00:00
Fit Bodybuilding,Kickboxing,Al Majaz 3 - Al Majaz - Sharjah - United Arab Emirates,Sharjah,Sharjah,+971 54 407 1403,fitbodybuildinguae@gmail.com,http://www.fitbodybuilding.ae/,4.2,250,google_maps,2026-03-12T21:16:25.139367+00:00
Fit Bodybuilding- Muweilah branch.,Kickboxing,Industrial Area 15 - Industrial Area - Sharjah - United Arab Emirates,Sharjah,Sharjah,+971 52 530 6049,fitbodybuildinguae@gmail.com,https://www.fitbodybuilding.ae/,4.9,98,google_maps,2026-03-12T21:16:36.465632+00:00
Fit Box Center Shj Br.1,"Kickboxing, Boxing, Karate, Martial Arts",Maleha St - Muwaileh Commercial - Industrial Area - Sharjah - United Arab Emirates,Sharjah,Sharjah,+971 50 850 3324,,http://www.fitboxcenter.com/,4.8,248,google_maps,2026-03-12T21:14:48.515659+00:00
Fit Box Gym - Boxpark Dubai,"Muay Thai, Kickboxing, Boxing, Karate, Taekwondo, Martial Arts",Boxpark - Al Wasl Rd - Al Wasl - Dubai - United Arab Emirates,Sharjah,Dubai,+97145571609,,https://fitboxgymdubai.com/,4.1,28,google_maps,2026-03-12T14:36:00.595204+00:00
Fitness 180,Kickboxing,Al Qulayaa Building - Corniche St - Al Seef - Sharjah - United Arab Emirates,Sharjah,Sharjah,+97165067868,,http://www.slc.ae/,4.1,27,google_maps,2026-03-12T21:17:35.682547+00:00
Fitness Hour Branch 2,Kickboxing,Al Nahda First - Sharjah - United Arab Emirates,Sharjah,Sharjah,+971 52 906 0828,fitnessshourfh@gmail.com,https://fitnesshourgym.com/,4.9,66,google_maps,2026-03-12T21:17:09.323847+00:00
Fitness MMA and Muay Thai,Muay Thai,9HCC+HPQ - Al Yasmeen - Ajman - United Arab Emirates,Sharjah,Ajman,+971 56 789 9392,,,,,google_maps,2026-03-12T14:34:58.859937+00:00
Fitness Terminal Men's Gym,"Muay Thai, Boxing",5CP4+5CR Roof Floor - Building#9 13 St - opp. Sheikh Rashid Bin Makhtoum Mosque - Al Warqa - Al Warqa'a First - Dubai - United Arab Emirates,Sharjah,Dubai,+971 50 877 7516,,http://www.fitnessterminal.ae/,3.9,358,google_maps,2026-03-12T14:36:05.623898+00:00
Florida BodyBuilding Gym Al Nahda Sharjah | Gents and Ladies | Best gym in Al Nahda,Kickboxing,Al Nahda First - Sharjah - United Arab Emirates,Sharjah,Sharjah,+97165265400,info@floridabodybuilding.com,https://floridagymuae.com/,4.8,315,google_maps,2026-03-12T21:15:35.753365+00:00
Florida Bodybuilding Gym Abushagara (Gents only),Boxing,شارع الملك فيصل - Bu Shaghara - Hay Al Qasimiah - Sharjah - United Arab Emirates,Sharjah,Sharjah,+971 56 391 1100,info@floridabodybuilding.com,https://floridagymuae.com/,4.3,237,google_maps,2026-03-12T22:44:02.236251+00:00
Florida Bodybuilding Gym Abushagara | Ladies & Gents | Best gym in Abushagara,"Kickboxing, Boxing","Near Prime Tower Hotel,Back Side Viva super Market - Sharjah - United Arab Emirates",Sharjah,Sharjah,+971 56 864 6400,info@floridabodybuilding.com,https://floridagymuae.com/,4.3,251,google_maps,2026-03-12T21:15:37.375563+00:00
Florida Bodybuilding Gym Ajman | Gents&Ladies | Best gym in Ajman,"Kickboxing, Boxing",Shop no 4 - Amr Ibn El Aas St - Ajman Industrial 2 - Ajman - United Arab Emirates,Sharjah,Ajman,+971 55 604 0608,info@floridabodybuilding.com,https://floridagymuae.com/,4.7,129,google_maps,2026-03-12T21:17:52.009389+00:00
Flying Roses - Gymnastics & Taekwondo (Al Majaz),Taekwondo,Corniche St - Al Majaz 3 - Al Majaz - Sharjah - United Arab Emirates,Sharjah,Sharjah,+971 52 532 4393,info@flyingroses.ae,http://flyingroses.ae/,,,google_maps,2026-03-13T04:13:55.570067+00:00
GOLDEN FALCON KARATE CENTER MUWEILAH,"Karate, Taekwondo, Martial Arts",Al Reem Office Building - 4th floor 403 Fire station road - Muwaileh Commercial - Industrial Area - Sharjah - United Arab Emirates,Sharjah,Sharjah,+97165301212,,http://www.goldenfalconkarate.com/,5.0,66,google_maps,2026-03-13T01:10:52.126889+00:00
"GOLDEN FIST INTERNATIONAL ACADEMY - Karate Classes, Mixed Martial Arts, Kung fu, Kick Boxing",Martial Arts,Al Wahda St - opposite Lulu Hypermarket - Bu Shaghara - Hay Al Qasimiah - Sharjah - United Arab Emirates,Sharjah,Sharjah,+971 58 696 7757,gikaido@gmail.com; gokaidoorders@gmail.com,http://www.gokaidosports.in/,4.6,42,google_maps,2026-03-13T06:33:04.507862+00:00
GOLDEN FITNESS AND BODYBUILDING,Kickboxing,Al Majaz 2 - Al Majaz - Sharjah - United Arab Emirates,Sharjah,Sharjah,+971 56 978 5448,,,4.5,26,google_maps,2026-03-12T21:16:48.020416+00:00
GYM TOWN- Men and Women Fitness Center,"Kickboxing, Boxing",56 شارع أبو عبيده بن الجراح - Al Nakhil - Al Rumailah 1 - Ajman - United Arab Emirates,Sharjah,Ajman,+971 54 309 7777,,,4.3,163,google_maps,2026-03-12T21:17:17.576397+00:00
"GYMTOWN - BODYBUILDING, MEN AND WOMEN FITNESS CENTER. Sharjah Muwailah",Kickboxing,Galaxy building - Muwaileh Commercial - Industrial Area - Sharjah - United Arab Emirates,Sharjah,Sharjah,+971 52 659 5123,,,4.5,83,google_maps,2026-03-12T21:17:06.017416+00:00
Golden Dragon Karate,"Karate, Taekwondo, Martial Arts",89XX+HPV - Al Yarmook - Halwan - Sharjah - United Arab Emirates,Sharjah,Sharjah,+97165675006,,,4.3,9,google_maps,2026-03-13T01:13:08.913582+00:00
Golden Falcon Karate Centre,Karate,S105 - Al Ghuwair - Hay Al Gharb - Sharjah - United Arab Emirates,Sharjah,Sharjah,+97165616996,,http://www.goldenfalconkarate.com/,3.9,22,google_maps,2026-03-13T01:15:05.179622+00:00
Golden Falcon Karate Centre Al Nahda,Karate,1 Al Nahda St - Hay Al Nahda - Sharjah - United Arab Emirates,Sharjah,Sharjah,+97165252008,,http://www.goldenfalconkarate.com/,4.8,46,google_maps,2026-03-13T01:10:58.185844+00:00
Golden Star Karate - New Muwaileh,"Karate, Martial Arts",8F56+39J - Muwaileh Commercial - Industrial Area - Sharjah - United Arab Emirates,Sharjah,Sharjah,+971 55 620 9909,,https://goldenstarkarate.com/,5.0,6,google_maps,2026-03-13T01:14:41.218431+00:00
Golden Tiger Karate Sharjah,"Karate, Judo, Taekwondo","Abu Shagara, near Abu shagara Park, Opp; Prime Tower Hotel - Sharjah - United Arab Emirates",Sharjah,Sharjah,+97165538600,karatelatheef@gmail.com,http://goldentigerkarate.net/,4.0,28,google_maps,2026-03-13T01:12:45.764210+00:00
Golden falcon karate,Karate,231 Al Zahra'a St - Bu Tena - Sharjah - United Arab Emirates,Sharjah,Sharjah,,,http://www.goldenfalconkarate.com/,,,google_maps,2026-03-13T01:14:22.703544+00:00
Golden falcon karate butina,"Karate, Taekwondo, Martial Arts",Al Sharq St - Bu Tena - Sharjah - United Arab Emirates,Sharjah,Sharjah,+971 50 169 5115,,http://www.goldenfalconkarate.com/,4.9,17,google_maps,2026-03-13T01:12:14.060022+00:00
Gulf Star Karate (JKS -SHARJAH),"Kickboxing, Karate, Taekwondo, Martial Arts",Al Naba'a - Sharjah - United Arab Emirates,Sharjah,Sharjah,+97165612669,info@netarchitec.com; nfo@netarchitec.com; info@gulfstarkarate.com,http://www.gulfstarkarate.com/,4.9,39,google_maps,2026-03-12T21:16:49.649874+00:00
Gulf Star Karate (JKS -SHARJAH) Al Majaz 3,"Karate, Taekwondo, Martial Arts",Al Majaz Tower - Al Majaz 3 - Al Majaz - Sharjah - United Arab Emirates,Sharjah,Sharjah,+971 50 323 3066,info@netarchitec.com; nfo@netarchitec.com; info@gulfstarkarate.com,http://www.gulfstarkarate.com/,4.5,2,google_maps,2026-03-13T01:12:57.194553+00:00
GymNation Al Zahia Men's | Best Gym in Sharjah,Boxing,"Mall, City Centre - Muwaileh Commercial - Al Zahia - Sharjah - United Arab Emirates",Sharjah,Sharjah,+97133614802,sophie@gymnation.com; aldrin@gymnation.com; dhaivat@gymnation.com,https://gymnation.com/gymsnearme/al-zahia-mens/,4.7,2786,google_maps,2026-03-12T22:43:38.203293+00:00
GymNation Mega Mall Men's | Best Gym in Sharjah,"Kickboxing, Boxing",Mega Mall - 2nd Floor - Bu Danig - Hay Al Qasimiah - Sharjah - United Arab Emirates,Sharjah,Sharjah,+97133614802,sophie@gymnation.com; aldrin@gymnation.com; dhaivat@gymnation.com,https://gymnation.com/gymsnearme/mega-mall-mens/,4.7,3366,google_maps,2026-03-12T21:15:09.607751+00:00
GymNation Mirdif | Best Gym in Mirdif,"Muay Thai, Kickboxing, Boxing",52 11A St - Al Mizhar First - Al Mizhar - Dubai - United Arab Emirates,Sharjah,Dubai,+97133614802,sophie@gymnation.com; aldrin@gymnation.com; dhaivat@gymnation.com,https://gymnation.com/gymsnearme/mirdif/,4.5,6859,google_maps,2026-03-12T14:35:00.581676+00:00
GymNation Sharjah Central Ladies | Best Gym in Sharjah,Kickboxing,3 - 1 Sheikh Rashid Bin Saqr Al Qasimi St - Samnan - Halwan - Sharjah - United Arab Emirates,Sharjah,Sharjah,+971 50 387 9662,sophie@gymnation.com; aldrin@gymnation.com; dhaivat@gymnation.com,https://gymnation.com/,4.5,149,google_maps,2026-03-12T21:16:26.761649+00:00
HIIT Boxing Club Dubai,"Muay Thai, Kickboxing, Boxing, Karate, Taekwondo, Martial Arts","Boxpark, M2-04 - Al Wasl Rd - Al Wasl - Dubai - United Arab Emirates",Sharjah,Dubai,+971 58 658 1582,info@hiitboxingclub.me,https://hiitboxingclub.me/,4.0,12,google_maps,2026-03-12T14:35:45.099955+00:00
HOME FITNESS MMA,"Muay Thai, Taekwondo, Martial Arts",Ras Al Khor Industrial Area - Ras Al Khor Industrial Area 3 - Dubai - United Arab Emirates,Sharjah,Dubai,+971 55 684 6696,homefitnessmmaacademy@gmail.com,http://www.homefitmma.com/,5.0,1,google_maps,2026-03-12T14:35:34.613150+00:00
High Kick Taekwondo UAE,Taekwondo,Al - Al Taawun St - Al Khan - Sharjah - United Arab Emirates,Sharjah,Sharjah,+971 50 335 5466,,,,,google_maps,2026-03-13T04:13:22.946262+00:00
"IFK Karate Center SHJ Branch - Al Khan, Sharjah","Karate, Judo, Martial Arts",Al Khan - Sharjah - United Arab Emirates,Sharjah,Sharjah,+97165265065,ifkkarateuae@gmail.com,http://ifkuae.net/,4.7,63,google_maps,2026-03-13T01:11:04.203859+00:00
IFK Karate Center SHJ Branch- Abu Shagarah sharjah,"Karate, Judo, Taekwondo, Martial Arts",Abdullah Bin Tareq Street - Bu Shaghara - Hay Al Qasimiah - Sharjah - United Arab Emirates,Sharjah,Sharjah,+97165593005,ifkkarateuae@gmail.com,https://ifkuae.net/,5.0,33,google_maps,2026-03-13T01:11:53.687825+00:00
"INTERNATIONAL KARATE CENTRE - AL ROLLA , SHARJAH","Karate, Taekwondo, Martial Arts","back side of Juice World - Damas & Tanishq Gold building ) Mob : +971- 581 - AL GHUWAIR BUILDING , M FLOOR 05&06 ROLLA SQUARE - 33 66 44 - Sharjah - United Arab Emirates",Sharjah,Sharjah,+971 58 133 6644,info@thewayofbudo.com,https://www.thewayofbudo.com/,4.9,21,google_maps,2026-03-13T01:11:15.207622+00:00
INTERNATIONAL KARATE CENTRE -AL NAHDA - SHARJAH,"Kickboxing, Karate, Taekwondo, Martial Arts",Unnamed Road - Hay Al Nahda - Sharjah - United Arab Emirates,Sharjah,Sharjah,+971 55 346 0019,info@thewayofbudo.com,http://www.thewayofbudo.com/,4.9,183,google_maps,2026-03-12T21:15:25.995662+00:00
IVORY KARATE CENTER,"Karate, Taekwondo, Martial Arts","Bulding, Al Fardan Centre Sharjah - Al Majaz 3 - Al Majaz - Dubai - United Arab Emirates",Sharjah,Dubai,+971 50 673 7201,umaisharjah.ae@gmail.com; info@umaiuae.com; dubaiscoutselfdefence@gamil.com,https://www.umaiuae.com/,4.6,7,google_maps,2026-03-13T01:14:13.793861+00:00
Infinity Fitness Club & Bodybuilding Gym,"Muay Thai, Kickboxing, Boxing, Karate, Taekwondo, Martial Arts",9CVQ+4F4 Grand Mall - Sheikh Khalifa Bin Zayed St - Al Rashidiya 3 - Ajman - United Arab Emirates,Sharjah,Ajman,+971 50 318 0202,infinity.fitness.ae@gmail.com,https://infinityfitness.ae/,4.7,1383,google_maps,2026-03-12T14:34:14.202614+00:00
Iyas Gym,Kickboxing,M floor - Al Nuaimia 1 - Ajman - United Arab Emirates,Sharjah,Ajman,+971 56 771 5669,,,4.9,131,google_maps,2026-03-12T21:17:43.820815+00:00
JKA Shotokan Karate Club - Al Nahda-2,"Kickboxing, Karate, Taekwondo, Martial Arts",79WM+X3G Ahli House-C Office:203 - 2nd Floor - Al Nahda Second - Al Nahda - Dubai - United Arab Emirates,Sharjah,Dubai,+971 52 956 4449,shotokanworld@gmail.com; info@shotokankarateme.com; %20info@jkauae.com,http://shotokankarateme.com/karate,4.9,145,google_maps,2026-03-12T21:17:07.641165+00:00
JKS Olive Academy,Karate,"New Muwailah, Al Maha Building - Office No. 108 - Muwaileh Commercial - Industrial Area - Sharjah - United Arab Emirates",Sharjah,Sharjah,+971 58 582 5001,info@jkskarate.com,https://olive.jkskarate.com/,,,google_maps,2026-03-13T01:14:25.729481+00:00
Jenoub Health Club,"Taekwondo, Martial Arts","Old DIB Building, Al Maha Building - Muwaileh Commercial - Industrial Area - Sharjah - United Arab Emirates",Sharjah,Sharjah,+971 52 576 2665,,https://jenoubfitness.com/,4.9,319,google_maps,2026-03-13T04:13:16.941302+00:00
Jenoub Karate Center Sharjah Muwailah,"Karate, Taekwondo, Martial Arts",8F56+48Q - Muwaileh Commercial - Industrial Area - Sharjah - United Arab Emirates,Sharjah,Sharjah,+971 52 576 2665,,,5.0,2,google_maps,2026-03-13T01:13:40.461820+00:00
Jenoub Ladies Fitness,Kickboxing,"Hilal 2 Building (W6), Building No.5791, Opp. Polished Spa Muweilah Commercial Area - Sharjah - United Arab Emirates",Sharjah,Sharjah,+971 52 929 2006,,,4.5,222,google_maps,2026-03-12T21:17:34.066923+00:00
Jenoub Ladies Fitness - Branch 2,Kickboxing,8F64+CXP - University City Rd - Muwaileh Commercial - Industrial Area - Sharjah - United Arab Emirates,Sharjah,Sharjah,+971 58 695 6810,,,4.8,189,google_maps,2026-03-12T21:16:11.769249+00:00
Job Offer,Judo,,Sharjah,,+971 50 917 2429,,,5.0,1,google_maps,2026-03-13T02:33:14.008984+00:00
KALARI CLUB AJMAN,Martial Arts,7A St - Al Nahda Second - Al Nahda - Dubai - United Arab Emirates,Sharjah,Dubai,+971 55 714 0088,info@karatekid.com,https://karatekiduae.com/,4.9,149,google_maps,2026-03-13T06:30:55.001719+00:00
Karate Kid Martial Arts,"Muay Thai, Kickboxing, Boxing, Karate, Taekwondo, Martial Arts",Muwaileh Commercial - Industrial Area - Sharjah - United Arab Emirates,Sharjah,Sharjah,+971 52 102 6349,info@karatekid.com,https://karatekiduae.com/,4.9,231,google_maps,2026-03-12T14:33:15.456158+00:00
"Karate Pro Martial Arts Academy - Al Majaz 3, Sharjah","Kickboxing, Karate, Taekwondo, Martial Arts",Al Majaz 3 - near Al Qasba - Al Majaz 3 - Al Majaz - Sharjah - United Arab Emirates,Sharjah,Sharjah,+971 56 404 5191,karatepro2020@gmail.com; info@karatepro.ae,https://karatepro.ae/,5.0,2,google_maps,2026-03-12T21:16:06.860941+00:00
"Karate Pro Martial Arts Academy - Al Nahda 2, Dubai",Martial Arts,Liwara Building Office No-3 - near Ajman Bus Stand - Ajman - United Arab Emirates,Sharjah,Ajman,+971 55 651 5185,,,5.0,39,google_maps,2026-03-13T06:31:20.307901+00:00
Karate Sports Centre,"Muay Thai, Kickboxing, Karate, Judo, Taekwondo, Martial Arts",V4، Russia V01 - Dubai - United Arab Emirates,Sharjah,Dubai,+971 55 349 3232,shurikenuae@gmail.com,http://shurikenmartialarts.com/,4.9,31,google_maps,2026-03-12T14:35:31.210907+00:00
Karate Suit & Equipments,"Muay Thai, Karate, Taekwondo, Martial Arts",Al nakhal street - Naif - Deira - Dubai - United Arab Emirates,Sharjah,Dubai,+97142294806,,,5.0,4,google_maps,2026-03-12T14:34:55.177912+00:00
Kb,"BJJ, Kickboxing, Boxing, Wrestling, Karate, Taekwondo, Martial Arts",Al Majaz Pearl Tower - S floor - opp. almajaz park - Al Majaz 2 - Al Majaz - Sharjah - United Arab Emirates,Sharjah,Sharjah,+971 56 220 9840,,,5.0,3,google_maps,2026-03-12T13:02:43.177612+00:00
Kickboxing - Top Notch Martial Arts Club,"Kickboxing, Martial Arts",Ahli House-C - Amman St - Al Nahda Second - Al Nahda - Dubai - United Arab Emirates,Sharjah,Dubai,+971 52 956 4449,shotokanworld@gmail.com; info@shotokankarateme.com; info@jkauae.com,https://shotokankarateme.com/kickboxing/,5.0,4,google_maps,2026-03-12T21:17:47.062508+00:00
Kickboxing Elwardaniyeh champions sharja كيك بوكسينج أبطال الوردانيه الشارقة,"Muay Thai, Kickboxing, Boxing",Clocktower Roundabout - Al Mussalla - Hay Al Gharb - Sharjah - United Arab Emirates,Sharjah,Sharjah,+971 56 366 1460,,https://www.instagram.com/elwardaniyehchampionsclub/%20https://www.tiktok.com/@elwardaniyehchampions?_t=8n7M23MhERS&_r=1,5.0,74,google_maps,2026-03-12T14:34:27.647408+00:00
Leaders Fitness,Kickboxing,7 Sheikh Saqr Bin Khalid Al Qasimi St - Al Mahatta - Hay Al Qasimiah - Sharjah - United Arab Emirates,Sharjah,Sharjah,+971 52 192 5553,,https://leadersfitness.ae/,4.7,333,google_maps,2026-03-12T21:15:19.425994+00:00
Leaders Karate & Arts Center Sharjah,"BJJ, Kickboxing, Boxing, Karate, Judo, Taekwondo, Martial Arts",Al Majaz 3 - Al Majaz - Sharjah - United Arab Emirates,Sharjah,Sharjah,+971 52 988 4436,,http://www.facebook.com/Leaderskarate,4.9,75,google_maps,2026-03-12T13:02:52.787610+00:00
Learners Pod,Muay Thai,,Sharjah,,+971 54 499 4592,contactus@learnerspod.com,https://www.learnerspod.com/,5.0,28,google_maps,2026-03-12T14:35:10.888907+00:00
Legends House Of Karate,"Muay Thai, Karate, Taekwondo, Martial Arts",Same building as new lulu - Al Rayyan Complex - 902 - Block A Sahara centre road - Hay Al Nahda - Sharjah - United Arab Emirates,Sharjah,Sharjah,+971 55 759 9669,info@unitedkarategroup.com,https://unitedkarategroup.com/,5.0,40,google_maps,2026-03-12T14:34:10.827038+00:00
MAX FIT GYM,"Kickboxing, Taekwondo",Maxfitgym - 42nd St - Dubai - United Arab Emirates,Sharjah,Dubai,+971 58 230 2466,,,4.6,135,google_maps,2026-03-12T21:15:39.031144+00:00
MAX STRENGTH UAE | DUBAI SHARJAH,"Boxing, Taekwondo, Martial Arts",Office # 5 - near madina market - Industrial Area 13 - Sharjah - United Arab Emirates,Sharjah,Sharjah,+971 55 503 2821,almustaqbalsports@gmail.com,https://maxstrength.ae/,5.0,123,google_maps,2026-03-12T22:41:29.635929+00:00
Marbella sports,Taekwondo,al khan Al Khan - Robot Park Tower - Sharjah - United Arab Emirates,Sharjah,Sharjah,+971 58 583 9181,,,4.1,99,google_maps,2026-03-13T04:13:40.471246+00:00
Muwaileh Fitness,"Kickboxing, Boxing, Martial Arts",Muwaileh Commercial - Industrial Area - Sharjah - United Arab Emirates,Sharjah,Sharjah,+971 52 108 7000,,https://muwailehfitnes.com/,3.9,47,google_maps,2026-03-12T21:16:29.990405+00:00
"Najmat Al Wahda GYM for LADIES, GENTS & KARATE for KIDS","Karate, Taekwondo, Martial Arts",Al Nayli Building-17 - Shop-1 - Al Wahda St - Industrial Areas - Industrial Area - Sharjah - United Arab Emirates,Sharjah,Sharjah,+971 50 575 4934,,,4.8,132,google_maps,2026-03-13T01:13:29.114993+00:00
Nimr Al Khaleej Karate (JKA-UAE),"Kickboxing, Karate, Martial Arts","M02, Tariq Building, Near Spark Hotel, Al Nad, AL Qasimiya - Sharjah - United Arab Emirates",Sharjah,Sharjah,+97165502320,nimralkhaleejkarate@gmail.com,http://www.gulftigerkarate.com/,4.7,48,google_maps,2026-03-12T21:16:21.702081+00:00
OKI Academy (Okinawan Karate International),"Karate, Taekwondo, Martial Arts",89WX+RXJ - Sheikh Saqr Bin Khalid Al Qasimi St - Al Yarmook - Halwan - Sharjah - United Arab Emirates,Sharjah,Sharjah,+971 55 394 2210,admin@blackdragonkaratecenter.com,http://blackdragonkaratecenter.com/,5.0,3,google_maps,2026-03-13T01:13:58.561079+00:00
OKINAWAN FULL CONTACT MARTIAL ARTS LLC,"Kickboxing, Karate, Taekwondo, Martial Arts","Office 1512, Falcon Towers - Block B1 15th Floor - Al Rashidiya 2 - Ajman - United Arab Emirates",Sharjah,Ajman,+971 56 543 5565,,,4.9,10,google_maps,2026-03-12T21:16:44.655694+00:00
OMF academy karate & kick boxing,"Muay Thai, Kickboxing, Boxing, Karate, Taekwondo, Martial Arts",Al Zahra Residence building - Al Mamzar - Deira - Dubai - United Arab Emirates,Sharjah,Dubai,+971 58 944 4170,,,5.0,24,google_maps,2026-03-12T14:34:24.416563+00:00
OXYGEN Gym Dubai,"Muay Thai, Boxing",6FQ9+87 - Al Khawaneej - Al Khawaneej 1 - Dubai - United Arab Emirates,Sharjah,Dubai,+97142638514,,http://oxygengyms.com/?fbclid=PAAaZTO7dSLO6iRwzgWVtYsELUn6Fk48SV1garxBgJIRnUjWxA7_wlRYx7UHI,4.1,455,google_maps,2026-03-12T14:35:24.389161+00:00
Oasis Karate Centre,"Karate, Taekwondo, Martial Arts",7CVV+5HH - Muwaileh Commercial - Industrial Area - Sharjah - United Arab Emirates,Sharjah,Sharjah,+97165435767,,,4.2,5,google_maps,2026-03-13T01:13:05.941984+00:00
Olympia gym,Kickboxing,"Apollo Medical 1, Liberty Building - Maleha St - Muwaileh Commercial - Industrial Area - Sharjah - United Arab Emirates",Sharjah,Sharjah,+971 56 895 5588,,,4.6,456,google_maps,2026-03-12T21:15:22.703460+00:00
"Omf Academy martial arts club Br 2, sharjah","Karate, Taekwondo, Martial Arts",Istanbul Supermarket Building - Crescent House Building - Office No. 505 - 5th Floor - Al Majaz 3 - Sharjah - United Arab Emirates,Sharjah,Sharjah,+971 58 110 4172,,,5.0,2,google_maps,2026-03-13T01:12:10.826336+00:00
POWER BODY BUILDING,"Muay Thai, Kickboxing, Boxing",شارع الشيخ راشد بن عبد العزيز - Al Jerf 2 - Ajman - United Arab Emirates,Sharjah,Ajman,+97165462588,,https://www.instagram.com/powerbodybuildingajman/?hl=ar,4.4,143,google_maps,2026-03-12T14:34:46.414764+00:00
Planet D | Planet Music Training,"Karate, Taekwondo, Martial Arts",Sahara Plaza - D Block Al Nahda St - Hay Al Nahda - Al Qusais Industrial Area - Sharjah - United Arab Emirates,Sharjah,Sharjah,+971 58 803 8805,,https://www.instagram.com/planetd_sharjah,4.9,48,google_maps,2026-03-13T01:14:44.295621+00:00
Powerhouse Gym and Swimming Academy | Best Gym in Sharjah,Kickboxing,"HC Floor, Emirates N Tower - next to Sahara Center - Hay Al Nahda - Al Nahda - Sharjah - United Arab Emirates",Sharjah,Sharjah,+971 55 164 1565,info@xfitgym.ae,https://xfitgym.ae/,4.6,449,google_maps,2026-03-12T21:16:38.106013+00:00
Professional Muay Thai & Boxing Coach - Personal trainer freelance Business bay,"Muay Thai, Boxing, Karate, Martial Arts",57H9+WM6 - Business Bay - Dubai - United Arab Emirates,Sharjah,Dubai,,,https://www.instagram.com/elfrederik?igsh=cW5xemNhY3VtaWxv&utm_source=qr,5.0,1,google_maps,2026-03-12T14:35:15.937547+00:00
Red Belt Academy,"BJJ, Muay Thai, Kickboxing, Karate, Judo, Taekwondo, Martial Arts",Safari Mall - 2 Al Nuaimia - Sharjah - United Arab Emirates,Sharjah,Sharjah,+971 52 688 9589,,https://redbeltacademy.com/,5.0,41,google_maps,2026-03-12T13:02:36.842936+00:00
Red Belt Club,"Muay Thai, Kickboxing, Boxing, Karate, Judo, Taekwondo, Martial Arts","Al Shamsi Building, Shop#4, Near Al thiqah Club for Handicapped Muwailah-2 - Sharjah - United Arab Emirates",Sharjah,Sharjah,+971 55 505 1037,,,4.4,65,google_maps,2026-03-12T14:33:35.583864+00:00
Rising Eagle Martial Arts Center,"Karate, Taekwondo, Martial Arts",7CVX+3W9 - Muwaileh Commercial - Commercial - Sharjah - United Arab Emirates,Sharjah,Sharjah,+971 55 669 8947,,https://www.instagram.com/risingeaglemartialartscente/,4.8,22,google_maps,2026-03-13T01:11:56.601406+00:00
Royal Warrior Karate,"Kickboxing, Karate, Taekwondo, Martial Arts",Bu Danig - Hay Al Qasimiah - Sharjah - United Arab Emirates,Sharjah,Sharjah,+971 56 323 6276,,,5.0,11,google_maps,2026-03-12T21:16:31.607921+00:00
SUN & STARS KARATE CENTRE,"Kickboxing, Boxing, Karate, Taekwondo, Martial Arts",89XV+Q9Q Al fardan old Building - Al Mahatta - Hay Al Qasimiah - Sharjah - United Arab Emirates,Sharjah,Sharjah,+971 54 327 7800,contact@strongx.com; sunandstarskarate@gmail.com; hello@traveler.com,http://www.sunandstarskarate.com/,4.8,94,google_maps,2026-03-12T21:15:27.618451+00:00
SUN AND STARS KARATE CENTER BR 2,"Karate, Taekwondo, Martial Arts",Al Shuwaiheen - Hay Al Gharb - Sharjah - United Arab Emirates,Sharjah,Sharjah,+971 54 464 9116,,,5.0,2,google_maps,2026-03-13T01:13:37.453991+00:00
Sharjah Judo and BJJ Club,Judo,Warehouses Land - Sharjah - United Arab Emirates,Sharjah,Sharjah,+971 55 555 5978,,,,,google_maps,2026-03-13T02:33:20.000882+00:00
Sharjah Self-Defense Sports Club (Industrial 18 br.),"BJJ, Judo, Martial Arts",Unnamed Road - Warehouses Land - Sharjah - United Arab Emirates,Sharjah,Sharjah,+97165566017,info@shjsdsc.ae,https://www.shjsdsc.ae/,4.6,47,google_maps,2026-03-12T13:02:41.594309+00:00
Sharjah Self-Defense Sports Club main Branch,"BJJ, Muay Thai, Kickboxing, Boxing, Karate, Judo, Martial Arts",8HQ9+36 - Al Rahmania Suburb - Shaghrafa 4 - Sharjah - United Arab Emirates,Sharjah,Sharjah,+97165566017,info@shjsdsc.ae,http://www.shjsdsc.ae/,4.3,96,google_maps,2026-03-12T13:02:40.007410+00:00
Sharjah Sport Club,Judo,Sports Club - Al Hazzana - Al Riqa Suburb - Sharjah - United Arab Emirates,Sharjah,Sharjah,+97165226600,,http://www.sharjahclub.ae/,4.2,1378,google_maps,2026-03-13T02:33:16.950758+00:00
Sharjah Sport Club Individual Game's,Judo,9CCG+F99 - Al Hazzana - Al Riqa Suburb - Sharjah - United Arab Emirates,Sharjah,Sharjah,+97165226600,,,4.3,175,google_maps,2026-03-13T02:35:20.510943+00:00
Silver Star Karate Sharjah,"Muay Thai, Kickboxing, Boxing, Karate, Taekwondo, Martial Arts","Al Habtoor Tower - Block A, shop No.5 King Faisal St - Al Nad - Hay Al Qasimiah - Sharjah - United Arab Emirates",Sharjah,Sharjah,+971 55 505 0954,,,4.7,42,google_maps,2026-03-12T14:33:18.800221+00:00
Spark Fitness EMS Training,Kickboxing,Al Khan St - Al Majaz 3 - Al Majaz - Sharjah - United Arab Emirates,Sharjah,Sharjah,+971 50 575 4330,,,4.8,60,google_maps,2026-03-12T21:17:37.303768+00:00
Speed Kick Karate Center,"Kickboxing, Karate, Taekwondo, Martial Arts",King Abdul Aziz St - next to Prime Medical Center - Al Nad - Hay Al Qasimiah - Sharjah - United Arab Emirates,Sharjah,Sharjah,+971 55 293 3957,,,5.0,11,google_maps,2026-03-12T21:17:15.900322+00:00
Stamina Body Fitness Club,Kickboxing,Jawahara silver building - 1st floor - above life pharmacy - Hay Al Nahda - Sharjah - United Arab Emirates,Sharjah,Sharjah,+971 50 527 5279,,,5.0,75,google_maps,2026-03-12T21:15:52.067138+00:00
Sun and Stars Karate Center Branch 1,"Muay Thai, Kickboxing, Boxing, Karate, Taekwondo, Martial Arts",Al Nahda First - Sharjah - United Arab Emirates,Sharjah,Sharjah,+971 58 637 4411,contact@strongx.com; sunandstarskarate@gmail.com; hello@traveler.com,https://www.sunandstarskarate.com/,4.9,40,google_maps,2026-03-12T14:33:20.468527+00:00
Super Gym,"Muay Thai, Kickboxing",Amman St - Al Qusais Ind. Fifth - Dubai - United Arab Emirates,Sharjah,Dubai,+97142808088,info@supergymdubai.ae,https://supergymdubai.ae/,4.5,357,google_maps,2026-03-12T14:34:48.138592+00:00
THE GYM - ذا جيم,"Muay Thai, Kickboxing",ALIMAM - ALSHAFEE ST - Al Hamidiya 1 - Ajman - United Arab Emirates,Sharjah,Ajman,+97165395444,,https://instagram.com/the_gym_aj?igshid=YWJhMjlhZTc=,4.2,166,google_maps,2026-03-12T14:34:57.017003+00:00
"TIGER MARTIAL ARTS CENTER, AL QULAYAAH, SHARJAH","BJJ, Muay Thai, Kickboxing, Boxing, Karate, Judo, Taekwondo, Martial Arts",Al Saud Building - behind Saudi German Hospital - Hay Al Sharq - Sharjah - United Arab Emirates,Sharjah,Sharjah,+971 52 824 2355,,http://tigermartialartscenters.com/,4.8,129,google_maps,2026-03-12T13:02:35.259498+00:00
TOP FITNESS L.L.C GYM & Life style fitness center,"Boxing, Martial Arts",Sharjah 25 - 334651109758724 55.37526839012713 - Al Majaz 3 - Al Majaz - Sharjah - United Arab Emirates,Sharjah,Sharjah,+971 52 396 5992,,,4.8,370,google_maps,2026-03-12T22:42:06.789797+00:00
Taekwondo Sharjah ( Since 1987),"Kickboxing, Judo, Taekwondo, Martial Arts","Alfa Centre - SHARJAH - Jamal AbdulNaser Street - Sharjah.oppsit city centre sharjah, Near Al Marwa Tower, Alfa Centre, Office entrance - No, :4 - Sharjah - United Arab Emirates",Sharjah,Sharjah,+97165592020,,,4.9,21,google_maps,2026-03-12T21:16:39.731862+00:00
The Fighter Karate Center,"Kickboxing, Karate, Taekwondo, Martial Arts",Al Majaz 1 - Al Majaz - Sharjah - United Arab Emirates,Sharjah,Sharjah,+971 50 250 6595,info@sanoobfit.com; info@fighterkarate.com,https://fighterkarate.com/,5.0,46,google_maps,2026-03-12T21:16:56.223741+00:00
"The GYM Sports Center, CT","Muay Thai, Kickboxing",CC3H+FVP Corniche Tower - 11th - Corniche Road - Al Rumailah - Al Rumailah 2 - Ajman - United Arab Emirates,Sharjah,Ajman,+971 55 282 0726,,,3.9,20,google_maps,2026-03-12T14:34:36.078292+00:00
The National Centre for Karate & Judo,Judo,89MW+XRV - Bu Shaghara - Hay Al Qasimiah - Sharjah - United Arab Emirates,Sharjah,Sharjah,+971 50 796 4411,,,,,google_maps,2026-03-13T02:35:29.562597+00:00
"Tiger Martial Arts Center, Butina, Sharjah","BJJ, Muay Thai, Kickboxing, Boxing, Karate, Taekwondo, Martial Arts",butina - Sharjah - United Arab Emirates,Sharjah,Sharjah,+971 52 124 2213,,http://www.tigermartialartscenter.com/,4.8,45,google_maps,2026-03-12T13:02:47.959255+00:00
Toronto Star Body Building,"Boxing, Karate, Taekwondo, Martial Arts",The Grand Avenue - Showroom No 3 - 126 Al Qasimi St - Hay Al Sharq - Sharjah - United Arab Emirates,Sharjah,Sharjah,+97165433633,,,4.2,289,google_maps,2026-03-12T22:42:15.851264+00:00
Torossian Sport Center,Kickboxing,Al Khan - Sharjah - United Arab Emirates,Sharjah,Sharjah,+971 55 506 7549,info@torossiansport.com; info@yoursite.com,https://torossiansport.com/,4.6,68,google_maps,2026-03-12T21:16:59.474726+00:00
UNITED KARATE & FITNESS CENTRE,"BJJ, MMA, Muay Thai, Kickboxing, Boxing, Karate, Judo, Taekwondo, Martial Arts",896F+WX2 Almaha - Al Khalidiya District - Sharjah - United Arab Emirates,Sharjah,Sharjah,+971 56 703 2912,info@unitedkarategroup.com,http://www.unitedkarategroup.com/,4.1,8,google_maps,2026-03-12T13:02:55.993498+00:00
UNIVERSE FITNESS - AJMAN Al NUAIMIA 1,"Kickboxing, Boxing",street No. 599 - behind ROYAL FURNITURE - Ajman - United Arab Emirates,Sharjah,Ajman,+971 56 913 1888,,,4.3,72,google_maps,2026-03-12T21:17:53.653971+00:00
Ultra Premium Fitness Ladies and Gents Gym,Kickboxing,Al Fahad Building - Mizznane floor - Al Majaz 1 - Al Majaz - Sharjah - United Arab Emirates,Sharjah,Sharjah,+971 50 767 7672,,https://linktr.ee/ultrapremiumfitness,4.6,63,google_maps,2026-03-12T21:16:41.353157+00:00
United Karate Group,"Muay Thai, Kickboxing, Karate, Judo, Taekwondo, Martial Arts",78PH+973 - Abu Hail - Deira - Dubai - United Arab Emirates,Sharjah,Dubai,+971 50 645 3767,info@unitedkarategroup.com,http://www.unitedkarategroup.com/,5.0,2,google_maps,2026-03-12T14:34:44.677030+00:00
V.K.M Kalari - Sharjah,"Kickboxing, Karate, Taekwondo, Martial Arts",Shop No 3 - King Abdul Aziz St - Al Mahatta - Hay Al Qasimiah - Sharjah - United Arab Emirates,Sharjah,Sharjah,+971 55 340 4099,,,4.9,71,google_maps,2026-03-12T21:15:43.938059+00:00
V.K.M. Kalari - Al Nahda,"Kickboxing, Boxing, Karate, Taekwondo",Ahli House - Room No : 108 - near Carrefour - Al Nahda Second - Al Nahda - Dubai - United Arab Emirates,Sharjah,Dubai,+971 55 340 4099,vkmkalaridubai@gmail.com,http://vkmkalaridubai.com/,4.9,111,google_maps,2026-03-12T21:15:30.851640+00:00
VKM Kalari - New Muwaileh,"Kickboxing, Karate, Martial Arts","New Muwaileh - 8F56+48V Al Maha Building, Unit 104 - Muwaileh Commercial - Sharjah - United Arab Emirates",Sharjah,Sharjah,+971 55 340 4099,,https://vkmkalaridubai.com/,5.0,20,google_maps,2026-03-12T21:16:20.019908+00:00
Warriors zone academy أكاديمية منطقه المحاربين,"Muay Thai, Kickboxing, Boxing, Taekwondo, Martial Arts","Al Sultan Sweets, Almaha - Al Taawun St - Al Khan - Sharjah Al Sultan Sweets, Almaha - Al Taawun St - Al Khan - Sharjah - Al Khan - Sharjah - United Arab Emirates",Sharjah,Sharjah,+971 52 633 2020,,,4.9,81,google_maps,2026-03-12T14:33:38.919275+00:00
Wellfit Madar,"Kickboxing, Boxing, Martial Arts",Aljada by Arada - Muwaileh Commercial - Sharjah - United Arab Emirates,Sharjah,Sharjah,,,https://www.wellfit.me/madar,4.8,1869,google_maps,2026-03-12T21:15:48.833829+00:00
Wellness Fitness - W1 - Gym,Kickboxing,892C+PJ5 - Hay Al Nahda - Sharjah - United Arab Emirates,Sharjah,Sharjah,+971 50 357 2828,,,4.1,70,google_maps,2026-03-12T21:17:45.431283+00:00
"XFit Gym City Life Mall Ajman | Bodybuilding | Best GYM in Ajman, Al Tallah","Muay Thai, Kickboxing, Boxing, Karate, Martial Arts",Mall - Shaikh Ammar Street City Life - First Floor - Al Tallah 2 - Ajman - United Arab Emirates,Sharjah,Ajman,+971 50 394 7747,info@xfitgym.ae,https://xfitgym.ae/,4.7,307,google_maps,2026-03-12T14:34:02.490311+00:00
"XFit Gym Rashidiya, Ajman | Best Gym & Swimming Academy",Kickboxing,Falcon Towers - B1 1st floor - Al Rashidiya 2 - Ajman - United Arab Emirates,Sharjah,Ajman,+971 58 573 5771,info@xfitgym.ae,https://xfitgym.ae/,4.8,266,google_maps,2026-03-12T21:17:55.367271+00:00
"XFit Gym and Swimming Academy, Al Nahda | Best Gym in Sharjah",Kickboxing,"B-Block, Alyaa Tower - HC Floor - Al Nahda St - Hay Al Nahda - Sharjah - United Arab Emirates",Sharjah,Sharjah,+971 58 531 5771,info@xfitgym.ae,https://xfitgym.ae/,4.8,50,google_maps,2026-03-12T21:15:58.638178+00:00
Yazan Badwan,Wrestling,Al-Qādisiyyah - Al Abar - Halwan - Sharjah - United Arab Emirates,Sharjah,Sharjah,+971 50 823 4606,,,,,google_maps,2026-03-13T00:44:16.152842+00:00
al fahad karate centre,"Kickboxing, Karate, Taekwondo, Martial Arts",Muweilah - Sharjah - United Arab Emirates,Sharjah,Sharjah,+971 56 105 8881,haddad51@yahoo.com,http://www.jka-uae.com/,4.5,30,google_maps,2026-03-12T21:15:42.334592+00:00
mma8Sport L.L.C,Muay Thai,7MHJ+25H - Al Mtsannid Suburb - Sharjah - United Arab Emirates,Sharjah,Sharjah,+971 54 515 5969,,,5.0,1,google_maps,2026-03-12T14:36:09.008314+00:00
paknaseebsport,Muay Thai,Industrial Area 5 - Industrial Area - Sharjah - United Arab Emirates,Sharjah,Sharjah,+971 54 765 1302,,,5.0,1,google_maps,2026-03-12T14:34:37.906804+00:00
نادي حورس الرياضي- Hors Sport's club,"Kickboxing, Taekwondo, Martial Arts",Sharjah publishing city - Muwaileh Commercial - Al Zahia - Sharjah - United Arab Emirates,Sharjah,Sharjah,+97167488366,info@hsclub.ae,http://hsclub.ae/,5.0,17,google_maps,2026-03-12T21:17:42.191505+00:00
نادي زهرة الامل للسيدات - Zahrat Al Amal Ladies GYM,Kickboxing,Al Khan - Sharjah - United Arab Emirates,Sharjah,Sharjah,+971 54 556 6021,,,5.0,315,google_maps,2026-03-12T21:17:48.742905+00:00
وقت اللياقة | Fitness Time,Kickboxing,146 Sheikh Muhammad Bin Sultan Al Qasimi St - Al Hazzana - Al Riqa Suburb - Sharjah - United Arab Emirates,Sharjah,Sharjah,,,https://www.fitnesstime.com.sa/ar-sa,4.1,559,google_maps,2026-03-12T21:16:51.285221+00:00
ATTOE Boxing CLUB FZE Dubai,Boxing,"Shop 7, Al Zarooni Building - Dubai Silicon Oasis - Dubai - United Arab Emirates",Silicon Oasis Dubai,Dubai,+971 50 882 1680,,,5.0,49,google_maps,2026-03-12T23:48:37.508254+00:00
Aura Academy of Arts,"Karate, Taekwondo, Martial Arts",Palace Tower T1 - Suite 204 - Dubai - United Arab Emirates,Silicon Oasis Dubai,Dubai,+971 58 809 0055,info@weaurians.com; info@wesomesite.com,https://weaurians.com/,4.9,58,google_maps,2026-03-13T01:55:58.101981+00:00
Boxtop gym,"Kickboxing, Boxing",Dunes St - Nadd Hessa - Dubai Silicon Oasis - Dubai - United Arab Emirates,Silicon Oasis Dubai,Dubai,,,https://boxtopdxb.com/,4.7,15,google_maps,2026-03-12T22:01:51.107107+00:00
COACH AMAN,"Muay Thai, Boxing",Nadd Hessa - Dubai Silicon Oasis - Dubai - United Arab Emirates,Silicon Oasis Dubai,Dubai,+971 56 357 1933,,https://instagram.com/coach__aman?igshid=YmMyMTA2M2Y=,5.0,3,google_maps,2026-03-12T20:40:37.333605+00:00
Fitness Pro,"Kickboxing, Boxing, Wrestling, Karate, Taekwondo, Martial Arts",Apricot Tower - Sheikh Zayed Bin Hamdan Al Nahyan Street - Nadd Hessa - Dubai Silicon Oasis - Dubai - United Arab Emirates,Silicon Oasis Dubai,Dubai,+971 58 858 3702,,,5.0,1,google_maps,2026-03-12T22:01:28.940560+00:00
Fitness Together,Kickboxing,SIT Tower - 24th Floor - Nadd Hessa - Dubai Silicon Oasis - Dubai - United Arab Emirates,Silicon Oasis Dubai,Dubai,+971 50 476 8182,,http://www.fitnesstogetheruae.com/,4.4,148,google_maps,2026-03-12T22:01:49.524088+00:00
Full Circle EMS Fitness Center Dubai Silicon Oasis,Boxing,SIT Tower - Nadd Hessa - Dubai Silicon Oasis - Dubai - United Arab Emirates,Silicon Oasis Dubai,Dubai,+971 54 320 2031,,http://fullcircle.ae/,4.9,303,google_maps,2026-03-12T23:48:29.188162+00:00
GymNation Silicon Oasis | Best Gym in Silicon Oasis,"Kickboxing, Boxing",Souq Extra Mall - Top Floor - Nadd Hessa - Dubai Silicon Oasis - Dubai - United Arab Emirates,Silicon Oasis Dubai,Dubai,+97133614802,sophie@gymnation.com; aldrin@gymnation.com; dhaivat@gymnation.com,https://gymnation.com/gymsnearme/silicon-oasis/,4.6,7698,google_maps,2026-03-12T22:01:36.840243+00:00
IFK Karate Center,"Kickboxing, Karate, Judo, Taekwondo, Martial Arts","Room No 401, SIT Tower - Nadd Hessa - Dubai Silicon Oasis - Dubai - United Arab Emirates",Silicon Oasis Dubai,Dubai,+97142220515,ifkkarateuae@gmail.com,http://ifkuae.net/,4.7,59,google_maps,2026-03-12T22:01:57.457924+00:00
Inaya Pilate,Martial Arts,"PD Floor, Donna Towers - Retail Unit 2 - Nadd Hessa - Dubai Silicon Oasis - Dubai - United Arab Emirates",Silicon Oasis Dubai,Dubai,+971 52 124 8333,admin@inayapilate.com,https://www.inayapilate.com/,4.7,105,google_maps,2026-03-13T07:41:42.440166+00:00
JKA Shotokan Karate Club - Silicon Oasis,"MMA, Kickboxing, Karate, Judo, Taekwondo, Martial Arts",Palace Towers - Nadd Hessa - Dubai Silicon Oasis - Dubai - United Arab Emirates,Silicon Oasis Dubai,Dubai,+971 58 878 1215,jkauae.karate@gmail.com; info@jkauae.com,https://www.jkauae.com/,4.9,47,google_maps,2026-03-12T14:18:28.439695+00:00
JKS Academy,"MMA, Kickboxing, Karate, Judo, Taekwondo, Martial Arts","Dubai Digital Park, Residence, D3 - Nadd Hessa - Dubai Silicon Oasis - Dubai - United Arab Emirates",Silicon Oasis Dubai,Dubai,+971 58 582 5001,,https://jkskarate.com/,4.8,85,google_maps,2026-03-12T14:18:25.285790+00:00
Karate Budo,"Karate, Judo, Taekwondo, Martial Arts","F22 (1ST FLOOR, IT PLAZA - Nadd Hessa - Dubai Silicon Oasis - Dubai - United Arab Emirates",Silicon Oasis Dubai,Dubai,+971 55 183 8377,hello@seven.club; contact@gymfitx.com,https://seven.club/,5.0,2,google_maps,2026-03-13T01:55:43.032350+00:00
Karate Pro Martial Arts Academy - Dubai Silicon Oasis,"MMA, Kickboxing, Wrestling, Karate, Judo, Taekwondo, Martial Arts",Apricot Towers - 803 8th Floor - Nadd Hessa - Dubai Silicon Oasis - Dubai - United Arab Emirates,Silicon Oasis Dubai,Dubai,+971 58 858 3702,karatepro2020@gmail.com; info@karatepro.ae,https://karatepro.ae/,5.0,124,google_maps,2026-03-12T14:18:23.705305+00:00
Kickboxing Pro Academy - Dubai Silicon Oasis,"MMA, Muay Thai, Kickboxing, Boxing, Wrestling, Karate, Taekwondo, Martial Arts",Apricot Tower - 803 - Dubai Silicon Oasis - Dubai - United Arab Emirates,Silicon Oasis Dubai,Dubai,+971 58 858 3702,,,5.0,2,google_maps,2026-03-12T14:18:07.980377+00:00
Kids Kung Fu Classes - Silicon Oasis - POBOX 441007,Martial Arts,Nadd Hessa - Dubai Silicon Oasis - Dubai - United Arab Emirates,Silicon Oasis Dubai,Dubai,+971 50 695 5109,contact@sansoxygen.com; info@goldeneaglema.com,http://www.dubaikidskungfu.com/,,,google_maps,2026-03-13T07:41:30.328572+00:00
ME SELFDEFENSE AND SPORTS,"Karate, Taekwondo, Martial Arts",4977+9Q9 - Wadi Al Safa 2 - Liwan - Dubai - United Arab Emirates,Silicon Oasis Dubai,Dubai,+971 56 635 7229,info@unitedkarategroup.com,http://www.unitedkarategroup.com/,5.0,,google_maps,2026-03-13T01:56:12.066861+00:00
MELT FITNESS GYM-LIWAN,Kickboxing,Amaya Mall - 1st Floor - Wadi Al Safa 2 - Liwan - Dubai - United Arab Emirates,Silicon Oasis Dubai,Dubai,+971 56 160 6651,,,4.8,24,google_maps,2026-03-12T22:02:00.608331+00:00
"MyPT Studio I Ladies & Mixed Personal Training Gym in Silicon Oasis, Dubai","Kickboxing, Boxing, Martial Arts","G 35, Cedre Villas Community Centre - Nadd Hessa - Dubai Silicon Oasis - Dubai - United Arab Emirates",Silicon Oasis Dubai,Dubai,+971 50 374 3710,contact@mypt-me.com; %20contact@mypt-me.com,https://mypt-me.com/,5.0,200,google_maps,2026-03-12T22:01:47.935606+00:00
Nitro Gym - Dubai Silicon Oasis,"Kickboxing, Boxing, Martial Arts",Apricot Towers - 101 - Dubai Silicon Oasis - Dubai - United Arab Emirates,Silicon Oasis Dubai,Dubai,+97143295595,hello@nitrogymuae.com,https://nitrogymuae.com/,4.5,377,google_maps,2026-03-12T22:01:38.436981+00:00
Power Boxing Fitness,"MMA, Muay Thai, Kickboxing, Boxing, Wrestling, Karate, Taekwondo, Martial Arts",Nadd Hessa - Dubai Silicon Oasis - Dubai - United Arab Emirates,Silicon Oasis Dubai,Dubai,+971 58 217 7963,info@powerboxing.ae,https://www.powerboxing.ae/signup,4.9,74,google_maps,2026-03-12T14:18:22.134369+00:00
Primex Dojo Martial Arts - Kalari Payattu - Kickboxing,"Kickboxing, Karate, Taekwondo, Martial Arts",Palace Towers - Nadd Hessa - Dubai Silicon Oasis - Dubai - United Arab Emirates,Silicon Oasis Dubai,Dubai,+97148760705,prmexdojo@gmail.com,http://www.primexdojo.com/,,,google_maps,2026-03-12T22:02:02.197436+00:00
ReStart Fitness Center & Gym - DSO,Kickboxing,"No. 110, SIT Tower - Nadd Hessa - Dubai Silicon Oasis - Dubai - United Arab Emirates",Silicon Oasis Dubai,Dubai,+971 55 992 3356,,https://www.restartfitness.ae/,4.9,98,google_maps,2026-03-12T22:01:46.320137+00:00
Team Judokan Dubai,Judo,38X7+Q64 Body Language - Wadi Al Safa 3 - Al Barari - Dubai - United Arab Emirates,Silicon Oasis Dubai,Dubai,+971 56 896 2908,,,5.0,2,google_maps,2026-03-13T03:26:48.475001+00:00
The Elite Health Club,"Kickboxing, Boxing, Taekwondo, Martial Arts",Semmer Villas Community Centre - Nadd Hessa - Dubai Silicon Oasis - Dubai - United Arab Emirates,Silicon Oasis Dubai,Dubai,+971 50 777 2209,info@thelitehealthclub.com,https://www.thelitehealthclub.com/,4.7,327,google_maps,2026-03-12T22:01:33.691611+00:00
The Trainers Gym,Kickboxing,Palace Towers - 1 2nd floor - Nadd Hessa - Dubai Silicon Oasis - Dubai - United Arab Emirates,Silicon Oasis Dubai,Dubai,+971 52 269 4097,,,5.0,25,google_maps,2026-03-12T22:01:55.880152+00:00
Triple Trident,Martial Arts,"SIT Tower - 1712, 17th Floor - Dubai Silicon Oasis - Dubai - United Arab Emirates",Silicon Oasis Dubai,Dubai,+971 58 583 9030,,https://instagram.com/tripletridentstudio?igshid=YmMyMTA2M2Y=,,,google_maps,2026-03-13T07:41:05.725173+00:00
迪拜尚武会馆 ShangWu Kung Fu Martial Arts Sports Club,Martial Arts,Blue Wave Tower - Wadi Al Safa 5 - Dubai - United Arab Emirates,Silicon Oasis Dubai,Dubai,+971 56 308 0777,,,5.0,1,google_maps,2026-03-13T07:41:27.300435+00:00
AMZ Dance Studio,Martial Arts,"East DIP 1 - Mayfair Building, 3rd Floor, No # 308 - near Green Community Village - Dubai Investment Park First - Green Community Village - Dubai - United Arab Emirates",Sports City Dubai,Dubai,+971 56 606 1579,,https://amzstudiodxb.com/,4.9,47,google_maps,2026-03-13T07:11:28.535449+00:00
Body Master GYM Al Barsha,"Kickboxing, Boxing, Taekwondo, Martial Arts",AB center - Sheikh Zayed Rd - Al Barsha First - Al Barsha - Dubai - United Arab Emirates,Sports City Dubai,Dubai,+971 50 120 9529,bodymastergymalbarsha1@gmail.com,https://bodymastergymuae.com/,4.9,1514,google_maps,2026-03-12T21:45:21.763432+00:00
Body Shape Studio,Martial Arts,"Third - Miracle Hills 2, Shop No.9 - Al Barsha South - Dubai - United Arab Emirates",Sports City Dubai,Dubai,+971 54 599 9522,,https://www.bodyshape.ae/,5.0,90,google_maps,2026-03-13T07:11:34.135754+00:00
Brazilian Talent Sport Academy,BJJ,Al khali road - Hadaeq Sheikh Mohammed Bin Rashid - Dubai - United Arab Emirates,Sports City Dubai,Dubai,+971 58 268 6453,info@braziliantalentdubai.com; info@meusite.com,https://www.braziliantalentdubai.com/,4.9,24,google_maps,2026-03-12T13:28:23.187993+00:00
Calisthenics training,Kickboxing,Binghatti emerald - Al Barsha South Fourth - Jumeirah Village Circle - Dubai - United Arab Emirates,Sports City Dubai,Dubai,+971 56 155 8699,,,5.0,14,google_maps,2026-03-12T21:44:13.909462+00:00
Cobra Kai Fitness Dubai,"MMA, Muay Thai, Kickboxing, Boxing, Wrestling, Karate, Judo, Taekwondo",Bur Dubai - Cobra Kai Fitness Gym Dubai - 37th St - Al Raffa - Dubai - United Arab Emirates,Sports City Dubai,Dubai,+971 50 318 3902,info@cobrakaidubai.com,https://cobrakaidubai.com/,5.0,164,google_maps,2026-03-12T14:09:20.792659+00:00
Combat Sports,"BJJ, MMA, Muay Thai, Kickboxing, Boxing, Judo, Taekwondo, Martial Arts","Times Square Center - Times Square Center, Level 1, Al Marabea St - Level 1 - Shop F07 Sheikh Zayed Rd - Al Qouz Ind.first - Dubai - United Arab Emirates",Sports City Dubai,Dubai,+97143555251,info@combatsportsme.com,https://combatsportsme.com/,4.9,70,google_maps,2026-03-12T13:27:57.092393+00:00
Dalong Tai Chi Flow - Arjan,"Karate, Martial Arts",My City Centre - Al Barsha - Dubai - United Arab Emirates,Sports City Dubai,Dubai,+971 54 577 9778,,https://www.dalongtaichi.com/,,,google_maps,2026-03-13T01:38:58.915677+00:00
Dubai Karate Centre,Karate,"Suite No:, 411, Al Attar Business Centre, Next to Ibis Hotel - United Arab Emirates",Sports City Dubai,,+97143447797,,,4.4,22,google_maps,2026-03-13T01:39:26.625451+00:00
Dubai Polo & Equestrian Club,Karate,Al Qudra Rd - next to 7477 - Al Hebiah Second - Dubai Studio City - Dubai - United Arab Emirates,Sports City Dubai,Dubai,+97143618111,events@poloclubdubai.com; info@poloclubdubai.com,http://www.poloclubdubai.com/,4.5,3516,google_maps,2026-03-13T01:38:55.783243+00:00
Dubai Sports City,"Karate, Taekwondo, Martial Arts",Gate No.1 Near - شارع الشيخ محمد بن زايد - Dubai - United Arab Emirates,Sports City Dubai,Dubai,+97144251111,admissions@vhprimary.com; luxurypetsgrooming2023@gmail.com; sm@grandiose.net,http://www.dsc.ae/,4.4,15517,google_maps,2026-03-13T01:36:26.247082+00:00
Elite Karate Martial Arts Training Club,"Judo, Martial Arts",SARH AL EMARAT - Corniche St - Al Majaz 3 - Al Majaz - Sharjah - United Arab Emirates,Sports City Dubai,Sharjah,+971 50 340 5005,haddad51@yahoo.com,http://www.jka-uae.com/,4.9,16,google_maps,2026-03-13T03:07:13.183103+00:00
Elite Karate Martial Arts Training Club,"MMA, Kickboxing, Boxing, Karate, Judo, Taekwondo, Martial Arts",Elite karate martial arts training club. Al Mozna Building - Office number M20 - 117 Al Nahda St - Dubai - United Arab Emirates,Sports City Dubai,Dubai,+971 54 363 0761,thealphaclubmma@gmail.com; jane@framer.com,https://thealphaclubdxb.com/,4.8,20,google_maps,2026-03-12T14:09:36.209296+00:00
Elite Sports Academy | JESS Arabian Ranches,Karate,Arabian Ranches 1 - Dubai - United Arab Emirates,Sports City Dubai,Dubai,+97145545916,info@elitesports.ae,http://elitesports.ae/,4.7,295,google_maps,2026-03-13T01:37:32.484767+00:00
Events and Sports Management,Karate,Detroit House Office 514 - Dubai Motor City - Dubai - United Arab Emirates,Sports City Dubai,Dubai,+97143697817,,https://www.esm.ae/,3.7,27,google_maps,2026-03-13T01:38:19.054390+00:00
FIT4IT Fitness Training,Boxing,Dubai Sports City - 51 501 - Al Hebiah Fourth - Dubai Sports City - Dubai - United Arab Emirates,Sports City Dubai,Dubai,+971 56 576 6611,info@fit4it.redlumb.ae; hello@fit4it.redlumb.ae,https://fit4it.ae/,4.9,105,google_maps,2026-03-12T23:18:28.231829+00:00
Face Off Fitness - Rashidiya | GYM,"MMA, Kickboxing, Boxing, Taekwondo, Martial Arts","Union Co-operative Building, Rashidiya Central Market - 33A St - next to Police Station - Al Rashidiya - Dubai - United Arab Emirates",Sports City Dubai,Dubai,+97142638828,,http://www.faceoffgym.com/,4.8,174,google_maps,2026-03-12T14:09:24.194664+00:00
Fat To Fit Fitness Gym (Biggest Gym in Al Barsha),"Kickboxing, Boxing",Sama Building - First floor - Al Barsha First - Al Barsha - Dubai - United Arab Emirates,Sports City Dubai,Dubai,+971 56 556 5003,fattofitfitnessgym@gmail.com,https://www.fattofitfitness.com/,4.9,858,google_maps,2026-03-12T21:44:18.774769+00:00
Flex and Punch,"Muay Thai, Boxing",Elite 1 Sports City - Golf Course Dr - Al Hebiah Fourth - Dubai Sports City - Dubai - United Arab Emirates,Sports City Dubai,Dubai,+971 52 255 2616,flexandpunch@gmail.com,http://www.flexandpunch.com/,5.0,9,google_maps,2026-03-12T20:19:26.472559+00:00
Future Athletes Academy | Judo Academy Dubai,"Karate, Judo, Taekwondo, Martial Arts",Community Center - Al Hebiah Third - DAMAC Hills - Dubai - United Arab Emirates,Sports City Dubai,Dubai,+971 55 446 2604,,https://www.futureathletesacademy.com/,5.0,11,google_maps,2026-03-13T01:38:45.414052+00:00
GFTeam Dubai,Martial Arts,"Schon business Park, Retail 13 - Dubai Investment Park First - Dubai - United Arab Emirates",Sports City Dubai,Dubai,+971 50 532 9532,info@gfteam.ae,https://www.gfteam.ae/,5.0,8,google_maps,2026-03-13T07:12:48.321778+00:00
GROSPORTZ,"MMA, Muay Thai, Kickboxing, Boxing, Karate, Taekwondo, Martial Arts",Platinum Business Centre - Suite 301 - 7 Baghdad Street - Dubai - United Arab Emirates,Sports City Dubai,Dubai,+971 55 714 0088,,http://www.grosportz.com/,4.8,22,google_maps,2026-03-12T14:09:29.284342+00:00
Ghost Muaythai Gym,"MMA, Muay Thai, Kickboxing, Boxing, Taekwondo",Just play - Al Qouz Ind.first - Al Quoz - Dubai - United Arab Emirates,Sports City Dubai,Dubai,+971 52 678 4256,,,5.0,30,google_maps,2026-03-12T14:07:55.210355+00:00
Gorillarolls,"MMA, Muay Thai, Karate, Taekwondo, Martial Arts","In5 Design Building, Premises no. HD 08A, Ground Floor, D3 - Dubai - United Arab Emirates",Sports City Dubai,Dubai,+971 52 126 7739,support@gorillarolls.com,http://www.gorillarolls.com/,5.0,54,google_maps,2026-03-12T14:08:23.649629+00:00
Green Hill,"BJJ, MMA, Muay Thai, Kickboxing, Boxing, Karate, Judo, Taekwondo, Martial Arts",P2-03- Level P2 Park Towers - DIFC - Dubai - United Arab Emirates,Sports City Dubai,Dubai,+97144239012,,https://www.greenhillsports.com/,4.8,44,google_maps,2026-03-12T13:27:50.630371+00:00
Gulf Star Karate,Karate,25XV+2J8 - Al Barsha South Fifth - Jumeirah Village Triangle - Dubai - United Arab Emirates,Sports City Dubai,Dubai,+971 54 400 2514,,,5.0,1,google_maps,2026-03-13T01:37:35.464508+00:00
Gulf Star Sports Pitch,Karate,Kings School - Umm Suqeim St - Hadaeq Sheikh Mohammed Bin Rashid - Al Barsha - Dubai - United Arab Emirates,Sports City Dubai,Dubai,+971 50 429 4860,info@gulfstar-sports.com,http://bookings.gulfstarsports.com/,,,google_maps,2026-03-13T01:39:11.545799+00:00
Guoqiang Tai chi Dubai training station,"Karate, Martial Arts",Me'aisem First - Dubai Production City - Dubai - United Arab Emirates,Sports City Dubai,Dubai,+971 54 577 9778,,https://www.guoqiangtaichidubai.com/,,,google_maps,2026-03-13T01:38:39.139884+00:00
Gym2Go App,"Kickboxing, Boxing",CONTROL TOWER - Office 1001-5 - Al Hebiah First - Dubai Motor City - Dubai - United Arab Emirates,Sports City Dubai,Dubai,+97143606526,,https://gym2goapp.net/,5.0,32,google_maps,2026-03-12T21:44:03.620842+00:00
GymNation Motor City | Best Gym in Motor City,"Kickboxing, Boxing, Karate, Taekwondo, Martial Arts","First Floor, CONTROL TOWER - Al Hebiah First - Dubai Motor City - Dubai - United Arab Emirates",Sports City Dubai,Dubai,+971 55 880 4277,sophie@gymnation.com; aldrin@gymnation.com; dhaivat@gymnation.com,https://gymnation.com/gymsnearme/motor-city/,4.6,7849,google_maps,2026-03-12T21:44:00.414698+00:00
Heroes Level Up,"MMA, Muay Thai, Kickboxing, Karate, Judo, Taekwondo, Martial Arts",25PP+64H Ali Al Hashemi Building - Me'aisem First - Dubai Production City - Dubai - United Arab Emirates,Sports City Dubai,Dubai,+971 55 101 8292,info@heroesacademy.ae,https://heroesacademy.ae/,5.0,,google_maps,2026-03-12T14:07:05.397167+00:00
Hwa Rang Martial Arts Club LLC Motor City ITF Taekwon-Do,"Karate, Taekwondo, Martial Arts","Joud Boulevard East Shopping Mall 1st Floor, retail shop 4 - Green Community Motor City - Dubai - United Arab Emirates",Sports City Dubai,Dubai,+971 56 785 2822,dubaitaekwondoacademy@gmail.com,https://www.hwarangclub.com/,,,google_maps,2026-03-13T01:36:17.642735+00:00
IFK Karate Center - Burdubai Branch,"MMA, Kickboxing, Boxing, Karate, Taekwondo, Martial Arts","Office #407, Bank Street Building, Bank Street - Al Mankhool - Dubai - United Arab Emirates",Sports City Dubai,Dubai,+971 50 409 4364,ifkkarateuae@gmail.com,http://ifkuae.net/,5.0,21,google_maps,2026-03-12T14:09:45.133627+00:00
"INTERNATIONAL KARATE CENTRE - AL BARSHA 1, DUBAI","Kickboxing, Boxing, Karate, Judo, Taekwondo, Martial Arts",Bedaia Building - Al Barsha First - Al Barsha - Dubai - United Arab Emirates,Sports City Dubai,Dubai,+971 58 958 9522,info@thewayofbudo.com,http://www.thewayofbudo.com/,5.0,103,google_maps,2026-03-12T21:45:18.466026+00:00
Imran PT Personal Trainer Dubai,Martial Arts,408 Al Asmawi Building Dubai Investment Park 1 - Dubai - United Arab Emirates,Sports City Dubai,Dubai,+971 58 503 5262,hello@imranpt.com,https://imranpt.com/,5.0,2,google_maps,2026-03-13T07:12:35.293265+00:00
Infinite Camps,Karate,"Dubai Sports City, Victory Heights Primary School - Al Hebiah Fourth - Dubai Sports City - Dubai - United Arab Emirates",Sports City Dubai,Dubai,+971 58 102 6548,sports@infinitesportsuae.com,http://www.infinitecampsuae.com/,4.0,4,google_maps,2026-03-13T01:38:24.475166+00:00
Infinite Combat - Sports City,"Karate, Taekwondo, Martial Arts",Victory Heights Primary School - Al Hebiah Fourth - Dubai Sports City - Dubai - United Arab Emirates,Sports City Dubai,Dubai,+971 52 686 1905,,,5.0,4,google_maps,2026-03-13T01:35:44.639051+00:00
Infinite Sports,Karate,"Tower, Prime Business Centre - JVC, Jumeirah Village Circle - Dubai - United Arab Emirates",Sports City Dubai,Dubai,+971 58 102 6548,admin@absolute-gymnastics.com; active@infinitesportsuae.com; ashleigh@infinitesportsuae.com,https://infinitesportsuae.com/,4.5,48,google_maps,2026-03-13T01:37:41.167383+00:00
Infraslimx,Martial Arts,"27 The Promenade by Vincitore, Al Barsha South, Arjan - Dubai - United Arab Emirates",Sports City Dubai,Dubai,+971 56 887 8883,info@infraslimxdubai.ae,https://infraslimxdubai.ae/,5.0,100,google_maps,2026-03-13T07:12:04.751014+00:00
InnerFight,"Kickboxing, Boxing",Olivara Residences & Park - Hessa St - Al Hebiah Second - Dubai Studio City - Dubai - United Arab Emirates,Sports City Dubai,Dubai,+97145851138,winning@innerfight.com,http://www.innerfight.com/,4.9,271,google_maps,2026-03-12T21:44:53.589468+00:00
JKA Shotokan Karate Sessions - JVC,"Karate, Taekwondo, Martial Arts",Al Barsha South Fourth - Jumeirah Village Circle - Dubai - United Arab Emirates,Sports City Dubai,Dubai,+971 52 539 9102,,https://www.apexsports.ae/,5.0,,google_maps,2026-03-13T01:38:10.003119+00:00
KALARI CLUB DUBAI,"MMA, Boxing, Karate, Taekwondo, Martial Arts","Prime Medical Fitness Center Building, Al Qusais Plaza - Kalari Club - 714 Damascus Street - near Oasis Residency - Dubai - United Arab Emirates",Sports City Dubai,Dubai,+971 58 896 9656,info@kalariclub.com,http://www.kalariclub.com/,5.0,332,google_maps,2026-03-12T14:09:17.468265+00:00
Karate Kid Martial Arts,"MMA, Muay Thai, Kickboxing, Boxing, Karate, Judo, Taekwondo, Martial Arts",49FX+25W Le Solarium Building - Nadd Hessa - Dubai Silicon Oasis - Dubai - United Arab Emirates,Sports City Dubai,Dubai,+971 55 709 5353,info@karatekid.com,https://karatekiduae.com/,4.9,152,google_maps,2026-03-12T14:08:35.378517+00:00
"Karate Pro Martial Arts Academy - Al Nahda 2, Dubai","MMA, Muay Thai, Kickboxing, Boxing, Karate, Taekwondo, Martial Arts","Ananas Building, Back Side of Zulekha Hospital - Al Nahda Second - Al Nahda - Dubai - United Arab Emirates",Sports City Dubai,Dubai,+97143792079,info@karatepro.ae,http://www.karatepro.ae/,5.0,57,google_maps,2026-03-12T14:09:46.897513+00:00
Karate365 Branch of Japan Karate Association,"MMA, Kickboxing, Karate, Judo, Taekwondo, Martial Arts",Lynx Tower - Office -402 - Dubai Silicon Oasis - Dubai - United Arab Emirates,Sports City Dubai,Dubai,+97142258404,thekarate365@gmail.com,https://www.karate-365.com/,5.0,142,google_maps,2026-03-12T14:08:27.020492+00:00
KickBoxing365 (Affiliated with World Kickboxing Organization),"MMA, Muay Thai, Kickboxing, Boxing, Wrestling, Karate, Taekwondo, Martial Arts",Nadd Hessa - Dubai Silicon Oasis - Dubai - United Arab Emirates,Sports City Dubai,Dubai,+971 55 565 8783,,,4.9,17,google_maps,2026-03-12T14:08:06.800186+00:00
Kids Kung Fu - Motor City,"Kickboxing, Boxing, Karate, Taekwondo, Martial Arts",36HR+8VF REPTON SCHOOL - Al Barsha South Second - Al Barsha - Dubai - United Arab Emirates,Sports City Dubai,Dubai,+971 50 695 5109,contact@sansoxygen.com; info@goldeneaglema.com,http://www.dubaikidskungfu.com/,4.8,26,google_maps,2026-03-12T21:44:57.004858+00:00
LEAD Academy - Mirdif,"MMA, Muay Thai, Kickboxing, Boxing, Wrestling, Karate, Judo, Taekwondo, Martial Arts",Community Center - 1a Shorooq Dr - Mirdif - Shorooq - Dubai - United Arab Emirates,Sports City Dubai,Dubai,+97144225771,info@leadfit.ae,https://leadfit.ae/,4.9,136,google_maps,2026-03-12T14:08:55.582404+00:00
Little Legends Sports | Head Office,"Karate, Taekwondo, Martial Arts",GEMS School of Research and Innovation - Al Hebiah Fourth - Dubai Sports City - Dubai - United Arab Emirates,Sports City Dubai,Dubai,+971 52 140 9181,n.@calibur.fencing; .@calibur.fencing,https://www.knightsbridgefencingclub.ae/,5.0,17,google_maps,2026-03-13T01:36:35.329121+00:00
MDV Personal Training & Martial Arts,"MMA, Kickboxing, Boxing, Karate, Judo, Taekwondo, Martial Arts",The Els Club - Al Hebiah Fourth - Dubai Sports City - Dubai - United Arab Emirates,Sports City Dubai,Dubai,+971 58 551 3311,,http://www.themdv.com/,4.8,23,google_maps,2026-03-12T14:06:52.130928+00:00
"MELODY STARS Music, Dance & Brainobrain-JVC","Karate, Taekwondo, Martial Arts",Prime Business Centre - Al Barsha South Fourth - Jumeirah Village Circle - Dubai - United Arab Emirates,Sports City Dubai,Dubai,+971 58 994 8717,,http://melodystarsdubai.com/,5.0,23,google_maps,2026-03-13T01:38:21.559758+00:00
MPFIT,"Kickboxing, Boxing",Al Hebiah Third - DAMAC Hills - Dubai - United Arab Emirates,Sports City Dubai,Dubai,+971 56 114 2116,,,5.0,16,google_maps,2026-03-12T21:46:19.837683+00:00
Master Lee Taekwondo Center,"Karate, Taekwondo, Martial Arts","United Arab Emirates, Dubai",Sports City Dubai,Dubai,+971 58 837 1961,masterleetkdcenter@gmail.com,https://masterleetkdcenter.my.canva.site/,5.0,17,google_maps,2026-03-13T01:35:47.674685+00:00
Moo Duk Taekwondo @ Vita,"Karate, Judo, Taekwondo, Martial Arts",26J9+G6J Street - - Dubai Located within Vita - شارع الشيخ محمد بن زايد - inside the ELS Club - Al Hebiah Fourth - Dubai Sports City - Dubai - United Arab Emirates,Sports City Dubai,Dubai,+971 56 900 0833,,https://www.mooduktkd.com/,5.0,3,google_maps,2026-03-13T01:36:20.244432+00:00
Nitro Gym- Al Barsha,"Kickboxing, Boxing",Al Barsha 1 Umm Suqeim St- LuLu Al Barsha - 2nd Floor - Al Barsha First - Dubai - United Arab Emirates,Sports City Dubai,Dubai,+971 52 748 2768,hello@nitrogymuae.com,https://nitrogymuae.com/,4.6,120,google_maps,2026-03-12T21:45:34.956907+00:00
Optimum Strength Motor City,Boxing,Joud Boulevard West - Al Hebiah First - Dubai Motor City - Dubai - United Arab Emirates,Sports City Dubai,Dubai,+971 58 582 0245,hello@optimumstrength.me,http://www.optimumstrength.me/,4.9,53,google_maps,2026-03-12T23:18:12.755661+00:00
PRIME FITNESS 2 DAMAC TOWER 108 JVC,"Kickboxing, Boxing",Tower 108 Lazuward S W - Al Barsha South Fourth - Jumeirah Village Circle - Dubai - United Arab Emirates,Sports City Dubai,Dubai,+97145761248,amro.abbas.1999@gmail.com; jwikumsara@gmail.com; ghemosubijay49@gmail.com,http://www.primefitnessdxb.ae/,4.5,309,google_maps,2026-03-12T21:44:55.329798+00:00
PRIME FITNESS JVC,Kickboxing,JVC - Dubai - United Arab Emirates,Sports City Dubai,Dubai,+97143609690,amro.abbas.1999@gmail.com; jwikumsara@gmail.com; ghemosubijay49@gmail.com,http://www.primefitnessdxb.ae/,4.5,447,google_maps,2026-03-12T21:46:11.427729+00:00
Push fitness dxb,Boxing,"Stadium point tower, office 104 - Dubai - United Arab Emirates",Sports City Dubai,Dubai,+971 58 590 5503,info@push121dxb.com; mo.hafez@push121.com,http://www.push121dxb.com/,5.0,25,google_maps,2026-03-12T23:18:31.300720+00:00
Reform Athletica DIFC,Kickboxing,Level R02 - ICD Brookfield Place - Unit 2 - Al Mustaqbal St - Zaa'beel Second - DIFC - Dubai - United Arab Emirates,Sports City Dubai,Dubai,+97142229398,info@reformathletica.com,https://www.reformathletica.com/,4.6,137,google_maps,2026-03-12T21:45:46.266767+00:00
"Royal Boxing & Fitness, The Palm","MMA, Muay Thai, Kickboxing, Boxing, Wrestling, Judo, Taekwondo, Martial Arts",Seven Palm Hotel & Apartments (Ground Floor - The Palm Jumeirah - Dubai - United Arab Emirates,Sports City Dubai,Dubai,+971 52 721 3510,royallboxfit@gmail.com,https://www.royalboxfit.ae/,4.9,113,google_maps,2026-03-12T14:07:40.083968+00:00
SHINE Dance Studio,Karate,JVC - Prime Business Center - Office 701A - Dubai - United Arab Emirates,Sports City Dubai,Dubai,+971 50 110 5848,,,4.6,61,google_maps,2026-03-13T01:37:53.225480+00:00
Shaolin Kung Fu Academy - Al Barsha South,"Karate, Taekwondo, Martial Arts",My City Centre - British Dance Academy - Unit 19 - Al Barsha South - Dubai - United Arab Emirates,Sports City Dubai,Dubai,+971 58 133 6399,,https://www.shaolinkungfudubai.com/,5.0,1,google_maps,2026-03-13T01:37:14.912843+00:00
Shaolin Kung Fu Martial Arts Club,"Karate, Taekwondo, Martial Arts",The Light Commercial Tower - M11 - Al Barsha South Third - Arjan - Dubai - United Arab Emirates,Sports City Dubai,Dubai,+971 50 573 5482,example@mysite.com; uaeshaolin@gmail.com,http://www.shaolinkungfu.ae/,4.5,18,google_maps,2026-03-13T01:36:45.884932+00:00
Stamina11 - Youth Sport Center In Dubai,Karate,Filming Facilities WS 03 - Dubai Studio City - Dubai - United Arab Emirates,Sports City Dubai,Dubai,+97145776711,info@stamina11.com; makeithappen@stamina11.com,https://stamina11.com/,4.8,780,google_maps,2026-03-13T01:37:44.857562+00:00
StepUp Academy,"Karate, Taekwondo, Martial Arts","Apex Atrium - 113, Apex Atrium, Dubai Motor City, Dubai Autodrome - Dubai Motor City - Dubai - United Arab Emirates",Sports City Dubai,Dubai,+971 55 855 2797,,https://stepup.ae/,3.8,33,google_maps,2026-03-13T01:37:56.240490+00:00
Super Boost Gym,"MMA, Kickboxing, Boxing, Karate, Taekwondo, Martial Arts","HC Floor, Al Attar Business Centre - Dubai - United Arab Emirates",Sports City Dubai,Dubai,+971 56 437 9911,,http://superboostgym.com/,4.6,69,google_maps,2026-03-12T14:07:53.532951+00:00
Sweat&Go | Motor City,"Taekwondo, Martial Arts",Rabdan Building - Shop 8 - opposite Waitrose - Al Hebiah First - Dubai Motor City - Dubai - United Arab Emirates,Sports City Dubai,Dubai,+971 52 399 8916,hello@sweatandgo.com,https://sweatandgo.com/motorcity,4.9,131,google_maps,2026-03-13T04:46:22.395857+00:00
TBD Fitness - To be Determined,Boxing,Jumeirah Golf Estates Centro Al Andalus Mall - 1st floor - Dubai - United Arab Emirates,Sports City Dubai,Dubai,+971 52 112 7377,contact@tbdfitness.com,http://www.tbdfitness.com/,4.9,38,google_maps,2026-03-12T23:18:09.565801+00:00
TIGER KICKBOXING Dubai Silicon Oasis,"MMA, Muay Thai, Kickboxing, Boxing, Wrestling, Karate, Taekwondo, Martial Arts","G23 Ground Floor, IT PLAZA - G21 - Nadd Hessa - Dubai Silicon Oasis - Dubai - United Arab Emirates",Sports City Dubai,Dubai,+971 50 547 1412,tigerkickboxinguae@gmail.com; tigeracademyuae@gmail.com,http://tigerkickboxing.com/,4.7,74,google_maps,2026-03-12T14:08:11.810872+00:00
Tai Chi Training Center,"Karate, Martial Arts","United Arab Emirates, Dubai",Sports City Dubai,Dubai,+971 50 573 5482,example@mysite.com; uaeshaolin@gmail.com,http://www.shaolinkungfu.ae/,5.0,4,google_maps,2026-03-13T01:39:02.057841+00:00
The Dance Project,Karate,37M2+JMJ Kings School - Hadaeq Sheikh Mohammed Bin Rashid - Al Barsha - Dubai - United Arab Emirates,Sports City Dubai,Dubai,+971 54 500 1657,info@ndiscovered.com; info@danceprojectuae.com,http://www.danceprojectuae.com/,5.0,2,google_maps,2026-03-13T01:38:53.732702+00:00
The Fitness Impact,Boxing,Dezire Residence jvc - Al Barsha South Fourth - Jumeirah Village Circle - Dubai - United Arab Emirates,Sports City Dubai,Dubai,+971 50 145 1031,support@thefitnessimpact.com; thefitnessimpact@gmail.com,https://thefitnessimpact.com/,5.0,35,google_maps,2026-03-12T23:18:59.513842+00:00
UAE Pencak Silat Community,"MMA, Kickboxing, Karate, Martial Arts",Al Maeda Compound - Warehouse 11 - 2 75 Street - Dubai Investment Park Second - Dubai - United Arab Emirates,Sports City Dubai,Dubai,+971 52 911 1059,,http://www.uaepencaksilat.com/,5.0,33,google_maps,2026-03-12T14:08:25.328064+00:00
V.K.M. Kalari - Al Karama,"MMA, Kickboxing, Boxing, Karate, Taekwondo, Martial Arts",46B St - near Lulu Hyper Market - Al Karama - Dubai - United Arab Emirates,Sports City Dubai,Dubai,+971 55 340 4099,,https://www.vkmkalaridubai.com/,5.0,119,google_maps,2026-03-12T14:09:12.491444+00:00
V.K.M. Kalari - Al Qusais,"MMA, Kickboxing, Taekwondo","Prime Medical Fitness Center Building, Al Qusais Plaza - Room number 513 - Damascus Street - near Oasis Residency - Al Qusais - Al Qusais Ind. Second - Dubai - United Arab Emirates",Sports City Dubai,Dubai,+971 55 340 4099,,https://vkmkalaridubai.com/,4.9,99,google_maps,2026-03-12T14:09:34.436269+00:00
Vintage Wellness Club & Spa,Karate,Al Fay Rd - Me'aisem First - Dubai Production City - Dubai - United Arab Emirates,Sports City Dubai,Dubai,+97144293300,reservation@vintagegrandhotel.com; reservation@ghayagrandhotel.com,https://www.vintagegrandhotel.com/spa-wellness-club,4.7,156,google_maps,2026-03-13T01:39:05.640174+00:00
Your Corner Combat,Kickboxing,Al Hebiah Fourth - Dubai Sports City - Dubai - United Arab Emirates,Sports City Dubai,Dubai,+971 50 244 0628,,http://www.goldenfalconkarate.com/,5.0,1,google_maps,2026-03-12T21:43:40.964261+00:00
nijoom almustaqbal academy ( اكادمية نجوم المستقبل ),Karate,3683+FX8 - Al Barsha South Fourth - Jumeirah Village Circle - Dubai - United Arab Emirates,Sports City Dubai,Dubai,+971 50 610 3083,,,5.0,5,google_maps,2026-03-13T01:37:29.935421+00:00
withTheKRU,"Kickboxing, Karate, Martial Arts",Jamal Bldg Production City - 401 - Dubai Production City - Dubai - United Arab Emirates,Sports City Dubai,Dubai,+971 55 101 8292,,,,,google_maps,2026-03-12T21:46:05.858044+00:00
971 MMA & Fitness Academy,"BJJ, MMA, Muay Thai, Kickboxing, Boxing, Karate, Judo, Taekwondo, Martial Arts",Unit 6-7 23rd St - Al Qouz Ind.third - Al Quoz - Dubai - United Arab Emirates,Umm Al Quwain,Dubai,+97146657099,info@971mma.com,http://971mma.com/,4.9,189,google_maps,2026-03-12T13:08:24.662160+00:00
Alpha Fitness,"Muay Thai, Kickboxing, Boxing",GG6W+QH5 - King Faisal St - Green Belt - Al Muqta 1 - Emirate of Umm Al Quwain - United Arab Emirates,Umm Al Quwain,Umm Al Quwain,+971 54 422 3258,,,4.6,68,google_maps,2026-03-12T14:42:26.002407+00:00
BKG Sports Club,BJJ,,Umm Al Quwain,,+971 56 202 0075,info@bkgdubai.com,https://bkgdubai.com/,,,google_maps,2026-03-12T13:10:09.374167+00:00
Bdah gym,Boxing,Bdah gym - Al Jerf Industrial 1 - Ajman - United Arab Emirates,Umm Al Quwain,Ajman,+971 50 205 0585,,,4.6,42,google_maps,2026-03-12T22:50:55.463266+00:00
Beach Public Gym,Boxing,GGVM+7XX - Al Raas - Al Hadeetha - Emirate of Umm Al Quwain - United Arab Emirates,Umm Al Quwain,Umm Al Quwain,+971 50 446 7150,,,3.5,19,google_maps,2026-03-12T22:50:32.306932+00:00
Block20,"Muay Thai, Kickboxing, Boxing, Taekwondo",Al Huboob 2 - Emirate of Umm Al Quwain - United Arab Emirates,Umm Al Quwain,Umm Al Quwain,+97165307990,,https://block20.ae/,4.2,154,google_maps,2026-03-12T14:42:32.581040+00:00
Captains Fitness Center,Boxing,GGCR+6XF - Green Belt - Al Madr 2 - Emirate of Umm Al Quwain - United Arab Emirates,Umm Al Quwain,Umm Al Quwain,+971 58 504 3400,,,4.7,120,google_maps,2026-03-12T22:50:11.254670+00:00
Dento Dojo Sports Services,"BJJ, MMA, Muay Thai, Kickboxing, Boxing, Karate, Judo, Taekwondo, Martial Arts",Markhaniyah mall shakhboot Street - Al Markhaniyyah - Abu Dhabi - United Arab Emirates,Umm Al Quwain,Abu Dhabi,+971 50 931 1314,,,4.9,94,google_maps,2026-03-12T13:09:20.588104+00:00
FALCON GYM,"Muay Thai, Kickboxing, Boxing, Judo, Taekwondo",below ithihad bridge - Al Muqta - Al Madr 3 - Emirate of Umm Al Quwain - United Arab Emirates,Umm Al Quwain,Umm Al Quwain,+971 54 462 4997,,,4.8,20,google_maps,2026-03-12T14:42:30.935657+00:00
"FC Strikers Football Academy, Umm Al Quwain","BJJ, Judo, Taekwondo",HH86+W9F - Al Raudah - Emirate of Umm Al Quwain - United Arab Emirates,Umm Al Quwain,Umm Al Quwain,+97195484474,info.fcsfa@gmail.com; info@fcsfa.com,https://www.fcsfa.com/,,,google_maps,2026-03-12T13:08:01.786962+00:00
FIGHTERS KARATE CLUB,"BJJ, Muay Thai, Kickboxing, Boxing, Karate, Judo, Taekwondo, Martial Arts",Thasheel - Umm Al Quwain. New Salama. Opposite - United Arab Emirates,Umm Al Quwain,Umm Al Quwain,+971 55 712 1275,,https://fighterskarateclubuaq.base44.app/,4.3,9,google_maps,2026-03-12T13:08:03.403230+00:00
Fitness X Gym,"Kickboxing, Boxing",Union coop - Al Salama 3 - Emirate of Umm Al Quwain - United Arab Emirates,Umm Al Quwain,Umm Al Quwain,+971 54 255 0267,,,4.7,52,google_maps,2026-03-12T21:24:20.346181+00:00
Fitzone Fitness Ladies Gym,Boxing,Falaj Al Sheikh - Emirate of Umm Al Quwain - United Arab Emirates,Umm Al Quwain,Umm Al Quwain,+971 52 560 3930,,,4.7,48,google_maps,2026-03-12T22:51:19.683389+00:00
Footbox Sports Club,"Muay Thai, Kickboxing, Boxing, Judo",Al Salmah - Al Salamah 1 - Emirate of Umm Al Quwain - United Arab Emirates,Umm Al Quwain,Umm Al Quwain,+971 55 955 9933,,http://www.instagram.com/footboxae,4.3,147,google_maps,2026-03-12T14:42:37.482908+00:00
GIANTS GYM (ALASAAD),Boxing,Al Nabgghah - Emirate of Umm Al Quwain - United Arab Emirates,Umm Al Quwain,Umm Al Quwain,+17737509096,,http://giantsgymasadabood.com/,5.0,2,google_maps,2026-03-12T22:51:22.711734+00:00
Grand Fine Martial Arts Academy,"BJJ, Kickboxing, Karate, Taekwondo, Martial Arts",Fathima Saleh Building - Ground Floor - near Madina Mall - Muhaisanah Fourth - Muhaisnah 4 - Dubai - United Arab Emirates,Umm Al Quwain,Dubai,+971 50 747 3706,,http://www.grandfinemartialarts.com/,4.7,26,google_maps,2026-03-12T13:09:31.973889+00:00
Hadeed Steel Industries,Judo,Plot # 4H-05 Ajman-Umm Al Quwain Road (E 11) - Hamriya Free Zone - Sharjah - United Arab Emirates,Umm Al Quwain,Sharjah,+97165269490,info@hadeed-steel.com,http://www.hadeed-steel.com/,4.2,17,google_maps,2026-03-13T02:40:41.335004+00:00
Hi Dojo | Martial Arts Directory,BJJ,,Umm Al Quwain,,+971 55 540 7114,,https://martialarts.ae/,,,google_maps,2026-03-12T13:10:07.733561+00:00
Hopatec Sports Services (Hopasports),Judo,"Unit 1, Grandstand, Dubai Autodrome - Dubai Motor City - Dubai - United Arab Emirates",Umm Al Quwain,Dubai,+971 50 426 0407,,http://www.hopasports.com/,3.7,30,google_maps,2026-03-13T02:41:09.342428+00:00
Iron Fist Karate Centre,"BJJ, Muay Thai, Kickboxing, Karate, Judo, Taekwondo, Martial Arts",GGPQ+XX4 - Al Bootain - Al Butain - Emirate of Umm Al Quwain - United Arab Emirates,Umm Al Quwain,Umm Al Quwain,+971 54 433 2200,,,1.0,1,google_maps,2026-03-12T13:07:58.596447+00:00
KANZ GYM,"Muay Thai, Kickboxing, Boxing",GGMQ+HCF - Al Bootain - Al Butain - Emirate of Umm Al Quwain - United Arab Emirates,Umm Al Quwain,Umm Al Quwain,+971 52 221 6267,,,4.4,49,google_maps,2026-03-12T14:42:27.647181+00:00
Kitesurf Beach Center,Boxing,GGWP+VQV - Shaikh Saud bin Rashid Al Mu’alla - Emirate of Umm Al Quwain - United Arab Emirates,Umm Al Quwain,Umm Al Quwain,+971 55 507 3060,hello@kitesurfbeachcenter.ae,https://kitesurfbeachcenter.ae/,4.3,4073,google_maps,2026-03-12T22:50:52.459437+00:00
Mars Fitness Gym | umm al quwain gym | UAQ,Boxing,Etisalat Round About - opposite Al Jenan Supermarket - Umm Al Thuoob - New Industrial Area - Emirate of Umm Al Quwain - United Arab Emirates,Umm Al Quwain,Umm Al Quwain,+971 50 678 8158,,,4.1,10,google_maps,2026-03-12T22:50:40.360294+00:00
Miami Ladies Gym(ميامى جيم السيدات),Boxing,GH3P+PVW - Al Salmah - Al Salamah 3 - Emirate of Umm Al Quwain - United Arab Emirates,Umm Al Quwain,Umm Al Quwain,+971 52 277 8840,,,4.2,76,google_maps,2026-03-12T22:50:17.234772+00:00
Muscle Mansion Fitness Center (GYM),Boxing,GMRH+4RJ - Umm Al Thuoob - Emirate of Umm Al Quwain - United Arab Emirates,Umm Al Quwain,Umm Al Quwain,+971 54 324 2963,,,4.9,9,google_maps,2026-03-12T22:50:43.399224+00:00
OSS Black Belt Club Umm Al Quwain,"BJJ, Muay Thai, Kickboxing, Boxing, Karate, Judo, Taekwondo, Martial Arts",GG6W+Q5G - Green Belt - Al Madr 2 - Emirate of Umm Al Quwain - United Arab Emirates,Umm Al Quwain,Umm Al Quwain,+971 52 221 1340,,,4.8,15,google_maps,2026-03-12T13:07:56.956523+00:00
Okinawan Karate Center,Taekwondo,GH4R+34W - c - Al Salmah - Al Salamah 3 - Emirate of Umm Al Quwain - United Arab Emirates,Umm Al Quwain,Umm Al Quwain,+971 50 125 1929,,,4.5,4,google_maps,2026-03-13T04:18:49.622831+00:00
Palma Gym & Spa,Boxing,Al Khor - AL Khor 1 - Emirate of Umm Al Quwain - United Arab Emirates,Umm Al Quwain,Umm Al Quwain,+971 56 822 2825,reservation@palmabeachuaq.com,https://www.palmabeachuaq.com/,4.8,61,google_maps,2026-03-12T22:50:20.332155+00:00
RAPID FIGHTER SELF DEFENSE ACADEMY,"BJJ, Muay Thai, Kickboxing, Karate, Judo, Taekwondo, Martial Arts","Behind Of Gems Millanium School Muweilah School area - Kay4 Building, Shop no 2 - Muwaileh Commercial - Industrial Area - Sharjah - United Arab Emirates",Umm Al Quwain,Sharjah,+971 50 927 7897,,,4.8,4,google_maps,2026-03-12T13:09:49.717061+00:00
SKY GYM,"Kickboxing, Boxing",King Faisal St - Al Bootain - Al Butain - Emirate of Umm Al Quwain - United Arab Emirates,Umm Al Quwain,Umm Al Quwain,+971 54 505 7376,,https://www.instagram.com/skygym_uaq/,4.5,127,google_maps,2026-03-12T21:24:29.766940+00:00
Sam Sports L.L.C,Boxing,Al Jerf Industrial 1 - Ajman - United Arab Emirates,Umm Al Quwain,Ajman,+971 50 279 6792,,http://www.samsports.ae/,4.9,8,google_maps,2026-03-12T22:51:06.641888+00:00
Sharjah American International School - Dubai,Judo,A RESIDENCE - 13 St - Al Warqa - Al Warqa 1 - Dubai - United Arab Emirates,Umm Al Quwain,Dubai,+97142801111,sais_dubai@saisdubai.com,http://www.saisdubai.com/,3.3,24,google_maps,2026-03-13T02:41:02.762692+00:00
Strongforcecombat,Judo,,Umm Al Quwain,,+971 55 261 3393,,https://www.strongforcecombat.com/,,,google_maps,2026-03-13T02:41:12.876393+00:00
Style gym,"Kickboxing, Boxing, Taekwondo",Jid ali - Al Butain - Emirate of Umm Al Quwain - United Arab Emirates,Umm Al Quwain,Umm Al Quwain,+97332382736,,,,,google_maps,2026-03-12T21:24:48.618137+00:00
The Legend GYM,"Muay Thai, Kickboxing, Boxing",GH3P+F38 - Al Salmah - Al Salamah - Emirate of Umm Al Quwain - United Arab Emirates,Umm Al Quwain,Umm Al Quwain,+971 55 141 8323,,,4.4,32,google_maps,2026-03-12T14:42:29.288595+00:00
UAQ Marine Club,"Judo, Taekwondo",HHJG+MCQ - Emirate of Umm Al Quwain - United Arab Emirates,Umm Al Quwain,Umm Al Quwain,+97167666644,oliver@uaqmarineclub.com; reservations@uaqmarineclub.com; info@uaqmarineclub.com,http://www.uaqmarineclub.com/,4.3,186,google_maps,2026-03-13T02:38:11.887185+00:00
UFC GYM Mirdif Hills (Ladies Only),"BJJ, MMA, Kickboxing, Boxing, Karate, Taekwondo, Martial Arts",Hills Avenue - 78th St - Mirdif - Dubai - United Arab Emirates,Umm Al Quwain,Dubai,+97143268350,,https://www.ufcgym.me/,4.2,96,google_maps,2026-03-12T13:10:06.075309+00:00
VIP Training Fitness,"Muay Thai, Kickboxing, Boxing",Al Muqta - Al Ramlah - Emirate of Umm Al Quwain - United Arab Emirates,Umm Al Quwain,Umm Al Quwain,+97167640567,,,4.3,161,google_maps,2026-03-12T14:42:24.406410+00:00
Zone Gym UAQ,Kickboxing,Al Noor Bldg - Al Etihad Rd - Al Muqta - Al Madr 3 - Emirate of Umm Al Quwain - United Arab Emirates,Umm Al Quwain,Umm Al Quwain,+971 56 732 4656,,,4.2,6,google_maps,2026-03-12T21:24:47.040406+00:00
كودوكان للفنون القتالية و اللياقة,"BJJ, MMA, Muay Thai, Kickboxing, Boxing, Karate, Judo, Taekwondo, Martial Arts",شارع الاتحاد - Al Neefah - Al Ramlah - Emirate of Umm Al Quwain - United Arab Emirates,Umm Al Quwain,Umm Al Quwain,+971 56 877 2000,,,4.8,34,google_maps,2026-03-12T13:07:55.323262+00:00
321 Sports,"Boxing, Judo, Taekwondo",321 Sports Hudayriyat Island - Al Hidayriyyat - Al Hidayriyyat Island - Abu Dhabi - United Arab Emirates,Yas Island Abu Dhabi,Abu Dhabi,+971 54 998 6394,reception@321-sports.com; academies@321-sports.com; events@321-sports.com,http://321sports.ae/,4.5,546,google_maps,2026-03-13T00:25:07.939277+00:00
Abu Dhabi Country Club,"Kickboxing, Boxing, Taekwondo, Martial Arts",Shakhbout Bin Sultan St - Al Mushrif - W23 01 - Abu Dhabi - United Arab Emirates,Yas Island Abu Dhabi,Abu Dhabi,+97126577777,club@adcountryclub.com,http://www.adcountryclub.com/,4.5,983,google_maps,2026-03-12T22:24:15.681599+00:00
BOLT EMS Training Center,Taekwondo,Hamdan Bin Mohammed St - Al Danah - Zone 1 - Abu Dhabi - United Arab Emirates,Yas Island Abu Dhabi,Abu Dhabi,+971 50 708 1779,boltems@outlook.com,https://bolt-ems.com/,5.0,30,google_maps,2026-03-13T05:57:38.087476+00:00
COACH BETHANY - PERSONAL TRAINER,Boxing,Al Falah St - Al Danah - Zone 1 - Abu Dhabi - United Arab Emirates,Yas Island Abu Dhabi,Abu Dhabi,+971 50 263 1604,,https://linktr.ee/coachbethan,5.0,9,google_maps,2026-03-13T00:25:54.122428+00:00
Colefive Fitness,Boxing,Corniche St - Al Danah - Zone 1 - Abu Dhabi - United Arab Emirates,Yas Island Abu Dhabi,Abu Dhabi,+971 56 660 2895,,,,,google_maps,2026-03-13T00:25:56.953261+00:00
Combat Sports,"Muay Thai, Boxing, Karate, Taekwondo, Martial Arts",Abu Dhabi Mall - Level 3 - near the food court - Al Zahiyah - Abu Dhabi - United Arab Emirates,Yas Island Abu Dhabi,Abu Dhabi,+97126773577,info@combatsportsme.com,https://combatsportsme.com/,5.0,28,google_maps,2026-03-12T21:03:20.243426+00:00
Elev8 Studio,"Kickboxing, Boxing, Martial Arts",Al Saadiyat Island - SDN7 - Abu Dhabi - United Arab Emirates,Yas Island Abu Dhabi,Abu Dhabi,+971 54 386 8835,elev8studio.ae@gmail.com,https://elev8studio.ae/,4.8,64,google_maps,2026-03-12T22:24:12.486538+00:00
Emerald Karate Center (E Baniyas 8),"Kickboxing, Karate, Judo, Taekwondo",33 Al Sharat St - Bani Yas - Baniyas East - Abu Dhabi - United Arab Emirates,Yas Island Abu Dhabi,Abu Dhabi,+971 56 158 0037,,https://emeraldkarateuae.com/,4.9,45,google_maps,2026-03-12T22:24:40.436774+00:00
Emirates Karate Salam Street E10,"Muay Thai, Kickboxing, Boxing, Karate, Judo, Taekwondo, Martial Arts","E10, Hamdan Bin Mohammed St. - Abu Dhabi - United Arab Emirates",Yas Island Abu Dhabi,Abu Dhabi,+971 50 235 7103,emirateskarateuae@gmail.com,http://www.emirateskarate.com/,4.9,134,google_maps,2026-03-12T21:02:58.913694+00:00
"Emirates Karate, Near Al wahda Mall","Muay Thai, Kickboxing, Boxing, Karate, Judo, Taekwondo, Martial Arts",2nd Street - Old Airport Rd - Abu Dhabi - United Arab Emirates,Yas Island Abu Dhabi,Abu Dhabi,+97126331384,emirateskarateuae@gmail.com,http://www.emirateskarate.com/,4.9,76,google_maps,2026-03-12T21:03:51.332745+00:00
Fit 4 Ever Martial Arts Club,"Kickboxing, Boxing",Al Dh'oun St - Bani Yas - Baniyas West - Abu Dhabi - United Arab Emirates,Yas Island Abu Dhabi,Abu Dhabi,+971 58 581 5213,,http://fit4ver.ae/,5.0,5,google_maps,2026-03-12T22:24:48.618328+00:00
FitForce UAE - Personal Trainers Abu Dhabi,Boxing,Hamdan Bin Mohammed St - Al Danah - Zone 1 - Abu Dhabi - United Arab Emirates,Yas Island Abu Dhabi,Abu Dhabi,+971 54 516 1286,,https://fitforce.ae/abu-dhabi-fitness-trainers/?utm_source=local&utm_medium=organic&utm_campaign=gbpabudhabi,5.0,156,google_maps,2026-03-13T00:23:01.137940+00:00
Fitness Time Gym,"Kickboxing, Boxing","Area Bainoona Street, Tower C2 - Floor Penthouses 2 (P2 - behind Abudhabi Islamic Bank - Al Bateen - W35 - Abu Dhabi - United Arab Emirates",Yas Island Abu Dhabi,Abu Dhabi,+971 50 850 6612,,http://fitnesstimegym.ae/,4.5,548,google_maps,2026-03-12T22:24:28.848412+00:00
Fitness Vibes Personal Trainers,Kickboxing,,Yas Island Abu Dhabi,,+971 50 254 6925,,https://www.fitnessvibes.ae/,5.0,174,google_maps,2026-03-12T22:24:33.996378+00:00
Flow Boxing & Fitness Training,Boxing,,Yas Island Abu Dhabi,,+971 52 841 8433,,http://flowboxing.me/,,,google_maps,2026-03-13T00:25:23.191341+00:00
Forza Sports Club,"Muay Thai, Boxing, Martial Arts",Arabian Gulf St - Al Khalidiyah - W8 - Abu Dhabi - United Arab Emirates,Yas Island Abu Dhabi,Abu Dhabi,+971 56 898 6251,amobeid@gmail.com,https://forzasportshub.okrabook.com/venues,4.9,89,google_maps,2026-03-12T21:04:12.849228+00:00
Golden Step Fitness Center,"Muay Thai, Kickboxing, Boxing, Karate, Taekwondo, Martial Arts",4007 Hamdan شارع 5 - Abu Dhabi - United Arab Emirates,Yas Island Abu Dhabi,Abu Dhabi,+971 54 788 7438,,https://m.facebook.com/goldenstepfitn/?_se_imp=0cs4Ckj9CYXRii4Tt,4.6,14,google_maps,2026-03-12T21:03:48.036471+00:00
GymNation Khalidiyah Mall | Best Gym in Abu Dhabi,"Muay Thai, Kickboxing, Boxing, Karate, Taekwondo, Martial Arts",Mall - Top Level - Al Khalidiyah - Abu Dhabi - United Arab Emirates,Yas Island Abu Dhabi,Abu Dhabi,+97133614802,sophie@gymnation.com; aldrin@gymnation.com; dhaivat@gymnation.com,https://gymnation.com/gymsnearme/khalidiyah-mall/,4.6,7971,google_maps,2026-03-12T21:04:57.902428+00:00
HomeFit Elite,Boxing,,Yas Island Abu Dhabi,,+971 58 122 3144,,https://homefitelite.com/,5.0,26,google_maps,2026-03-13T00:25:45.538681+00:00
IRONFIST KARATE AND KICKBOXING CLUB,"Muay Thai, Kickboxing, Boxing, Karate, Taekwondo, Martial Arts","TOURIST CLUB AREA, OPPOSITE ΚΙΑ MOTORS NEAR ABU DHABI GRAMMER SCHOOL (Canada) AL BARAKA BULIDING NO: 27 - Abu Dhabi - United Arab Emirates",Yas Island Abu Dhabi,Abu Dhabi,+971 56 724 2407,risecenterabudhabi@gmail.com,http://www.risecenterabudhabi.com/,5.0,4,google_maps,2026-03-12T21:04:26.214345+00:00
Kane's Boxing Academy,"Muay Thai, Kickboxing, Boxing, Karate, Taekwondo, Martial Arts",Fotouh Al Khair Shopping Centre - Abu Dhabi - United Arab Emirates,Yas Island Abu Dhabi,Abu Dhabi,+971 58 565 8029,,https://www.kanesboxingacademy.com/,5.0,488,google_maps,2026-03-12T21:03:10.485533+00:00
New Golden Fist Gym and Karate Club(Baniyas),"Kickboxing, Boxing, Karate, Taekwondo",near Lulu - Bani Yas - Baniyas East - Abu Dhabi - United Arab Emirates,Yas Island Abu Dhabi,Abu Dhabi,+971 50 387 4300,,,4.5,66,google_maps,2026-03-12T22:24:43.662786+00:00
Okinawa Karate Club,Taekwondo,Al Sadirat St - next to NMC Hospital - Al Shahama - New Shahamah - Abu Dhabi - United Arab Emirates,Yas Island Abu Dhabi,Abu Dhabi,+971 50 672 2635,,https://www.okinawakarateuae.com/,,,google_maps,2026-03-13T05:56:27.844823+00:00
"Oriental Karate & Kobudo Club, Electra (NMC Building)","Muay Thai, Boxing, Karate, Taekwondo, Martial Arts","101, M1 Floor, Sama tower, Beside NMC Hospital - Abu Dhabi - United Arab Emirates",Yas Island Abu Dhabi,Abu Dhabi,+97126345080,karate@emirates.net.ae,http://www.orientalkarate.com/,4.9,72,google_maps,2026-03-12T21:02:50.583452+00:00
Palms Sports P.J.S.C.,"Boxing, Taekwondo",2nd floor - Building 12 Eastern Ring Rd - Al Muntazah - Ministries Complex - Abu Dhabi - United Arab Emirates,Yas Island Abu Dhabi,Abu Dhabi,+97126316805,info@palmssports.com,http://www.palmssports.com/,4.6,67,google_maps,2026-03-13T00:25:59.975168+00:00
Proxy Gym,"Muay Thai, Kickboxing, Boxing",CCG5+F2G - Al Mushrif - W47 - Abu Dhabi - United Arab Emirates,Yas Island Abu Dhabi,Abu Dhabi,+97126227741,contact@proxygym.ae,http://www.proxygym.ae/,4.8,619,google_maps,2026-03-12T21:04:07.999496+00:00
Tekoundo center,Taekwondo,Unnamed Road - Al Shahama - Al Shahamah - Abu Dhabi - United Arab Emirates,Yas Island Abu Dhabi,Abu Dhabi,+971 50 747 7788,,,5.0,2,google_maps,2026-03-13T05:58:10.241890+00:00
Train At Home,Boxing,21 Humaid Bin Abdullah Al Rumaithi St - Khalifa City - Sector 33 - Abu Dhabi - United Arab Emirates,Yas Island Abu Dhabi,Abu Dhabi,+971 54 497 8108,support@trainathome.ae,https://trainathome.ae/,,,google_maps,2026-03-13T00:25:50.901514+00:00
UAM,"Muay Thai, Kickboxing, Martial Arts",Khalidiya Mall - 340 Mubarak Bin Mohammed St - Al Khalidiyah - W9 - Abu Dhabi - United Arab Emirates,Yas Island Abu Dhabi,Abu Dhabi,+97122222520,,,5.0,6,google_maps,2026-03-12T21:04:37.661069+00:00
Vinidas,Boxing,Al Khalidiyah - W17 01 - Abu Dhabi - United Arab Emirates,Yas Island Abu Dhabi,Abu Dhabi,+971 56 150 3346,,https://thewrfitness.com/,5.0,1,google_maps,2026-03-13T00:25:02.671043+00:00
Warehouse Gym - Yas Bay Ladies,Boxing,FJ63+4Q6 - Yas Island - YS2 - Abu Dhabi - United Arab Emirates,Yas Island Abu Dhabi,Abu Dhabi,+97142095344,info@whgym.com; emt@whgym.com,https://whgym.com/,3.9,104,google_maps,2026-03-13T00:21:59.168266+00:00
